homeId,awayId,gameId,dateString,homeScore,awayScore,gameStatus,homeCity,awayCity,venue,homeTeam,homeCode,homeDivision,homeLogo,awayTeam,awayCode,awayDivision,awayLogo,season,league,seasonName,seasonStartDate,seasonStartYear,seasonEndYear,dayOfWeek,monthText,monthNum,day,year,date,scraped_at
2,8,32940,"Fri, Sep 18",2,4,Final,Newfoundland,Saint John,Mary Brown's Centre,"Newfoundland, Regiment",NFL,19,https://assets.leaguestat.com/lhjmq/logos/2_214.png,"Saint John, Sea Dogs",SNB,19,https://assets.leaguestat.com/lhjmq/logos/50x50/8_214.png,214,qmjhl,2026-27 | Regular Season,,2026,2027,Fri,Sep,09,18,2026,2026-09-18,2026-10-01T16:58:30.022874+00:00
3,5,32715,"Fri, Sep 18",4,5,Final SO,Cape Breton,Halifax,Centre 200,"Cape Breton, Eagles",Cap,19,https://assets.leaguestat.com/lhjmq/logos/3.png,"Halifax, Mooseheads",Hal,19,https://assets.leaguestat.com/lhjmq/logos/5_214.png,214,qmjhl,2026-27 | Regular Season,,2026,2027,Fri,Sep,09,18,2026,2026-09-18,2026-10-01T16:58:30.022874+00:00
7,1,32747,"Fri, Sep 18",3,4,Final,Charlottetown,Moncton,Eastlink Centre,"Charlottetown, Islanders",Cha,19,https://assets.leaguestat.com/lhjmq/logos/7.png,"Moncton, Wildcats",Mon,19,https://assets.leaguestat.com/lhjmq/logos/1.png,214,qmjhl,2026-27 | Regular Season,,2026,2027,Fri,Sep,09,18,2026,2026-09-18,2026-10-01T16:58:30.022874+00:00
10,13,32779,"Fri, Sep 18",2,5,Final,Chicoutimi,Shawinigan,Centre Georges-Vézina,"Chicoutimi, Saguenéens",Chi,19,https://assets.leaguestat.com/lhjmq/logos/10.png,"Shawinigan, Cataractes",Sha,20,https://assets.leaguestat.com/lhjmq/logos/13.png,214,qmjhl,2026-27 | Regular Season,,2026,2027,Fri,Sep,09,18,2026,2026-09-18,2026-10-01T16:58:30.022874+00:00
16,18,32651,"Fri, Sep 18",2,4,Final,Baie-Comeau,Rimouski,Centre sportif Alcoa,"Baie-Comeau, Drakkar",BaC,19,https://assets.leaguestat.com/lhjmq/logos/16.png,"Rimouski, Océanic",Rim,19,https://assets.leaguestat.com/lhjmq/logos/18_214.png,214,qmjhl,2026-27 | Regular Season,,2026,2027,Fri,Sep,09,18,2026,2026-09-18,2026-10-01T16:58:30.022874+00:00
17,15,33199,"Fri, Sep 18",3,4,Final,Victoriaville,Val-d'Or,Colisée Desjardins,"Victoriaville, Tigres",Vic,20,https://assets.leaguestat.com/lhjmq/logos/17.png,"Val-d'Or, Foreurs",VdO,20,https://assets.leaguestat.com/lhjmq/logos/15.png,214,qmjhl,2026-27 | Regular Season,,2026,2027,Fri,Sep,09,18,2026,2026-09-18,2026-10-01T16:58:30.022874+00:00
19,11,32683,"Fri, Sep 18",2,3,Final,Blainville-Boisbriand,Rouyn-Noranda,Centre Excellence Sports Rousseau,"Blainville-Boisbriand, Armada",BLB,20,https://assets.leaguestat.com/lhjmq/logos/19.png,"Rouyn-Noranda, Huskies",Rou,20,https://assets.leaguestat.com/lhjmq/logos/50x50/11.png,214,qmjhl,2026-27 | Regular Season,,2026,2027,Fri,Sep,09,18,2026,2026-09-18,2026-10-01T16:58:30.022874+00:00
60,9,33134,"Fri, Sep 18",4,1,Final,Sherbrooke,Québec,Palais des Sports Léopold-Drolet,"Sherbrooke, Phœnix",She,20,https://assets.leaguestat.com/lhjmq/logos/50x50/60.png,"Québec, Remparts",Que,19,https://assets.leaguestat.com/lhjmq/logos/9.png,214,qmjhl,2026-27 | Regular Season,,2026,2027,Fri,Sep,09,18,2026,2026-09-18,2026-10-01T16:58:30.022874+00:00
16,18,32652,"Sat, Sep 19",2,5,Final,Baie-Comeau,Rimouski,Centre sportif Alcoa,"Baie-Comeau, Drakkar",BaC,19,https://assets.leaguestat.com/lhjmq/logos/16.png,"Rimouski, Océanic",Rim,19,https://assets.leaguestat.com/lhjmq/logos/18_214.png,214,qmjhl,2026-27 | Regular Season,,2026,2027,Sat,Sep,09,19,2026,2026-09-19,2026-10-01T16:58:30.022874+00:00
12,11,32843,"Sat, Sep 19",4,2,Final,Gatineau,Rouyn-Noranda,Centre Slush Puppie,"Gatineau, Olympiques",Gat,20,https://assets.leaguestat.com/lhjmq/logos/50x50/12.png,"Rouyn-Noranda, Huskies",Rou,20,https://assets.leaguestat.com/lhjmq/logos/50x50/11.png,214,qmjhl,2026-27 | Regular Season,,2026,2027,Sat,Sep,09,19,2026,2026-09-19,2026-10-01T16:58:30.022874+00:00
19,15,32684,"Sat, Sep 19",3,6,Final,Blainville-Boisbriand,Val-d'Or,Centre Excellence Sports Rousseau,"Blainville-Boisbriand, Armada",BLB,20,https://assets.leaguestat.com/lhjmq/logos/19.png,"Val-d'Or, Foreurs",VdO,20,https://assets.leaguestat.com/lhjmq/logos/15.png,214,qmjhl,2026-27 | Regular Season,,2026,2027,Sat,Sep,09,19,2026,2026-09-19,2026-10-01T16:58:30.022874+00:00
60,14,33135,"Sat, Sep 19",5,4,Final,Sherbrooke,Drummondville,Palais des Sports Léopold-Drolet,"Sherbrooke, Phœnix",She,20,https://assets.leaguestat.com/lhjmq/logos/50x50/60.png,"Drummondville, Voltigeurs",Dru,20,https://assets.leaguestat.com/lhjmq/logos/50x50/14.png,214,qmjhl,2026-27 | Regular Season,,2026,2027,Sat,Sep,09,19,2026,2026-09-19,2026-10-01T16:58:30.022874+00:00
2,8,32941,"Sat, Sep 19",4,2,Final,Newfoundland,Saint John,Mary Brown's Centre,"Newfoundland, Regiment",NFL,19,https://assets.leaguestat.com/lhjmq/logos/2_214.png,"Saint John, Sea Dogs",SNB,19,https://assets.leaguestat.com/lhjmq/logos/50x50/8_214.png,214,qmjhl,2026-27 | Regular Season,,2026,2027,Sat,Sep,09,19,2026,2026-09-19,2026-10-01T16:58:30.022874+00:00
5,1,32875,"Sat, Sep 19",5,6,Final OT,Halifax,Moncton,Scotiabank Centre,"Halifax, Mooseheads",Hal,19,https://assets.leaguestat.com/lhjmq/logos/5_214.png,"Moncton, Wildcats",Mon,19,https://assets.leaguestat.com/lhjmq/logos/1.png,214,qmjhl,2026-27 | Regular Season,,2026,2027,Sat,Sep,09,19,2026,2026-09-19,2026-10-01T16:58:30.022874+00:00
3,7,32716,"Sun, Sep 20",3,4,Final SO,Cape Breton,Charlottetown,Centre 200,"Cape Breton, Eagles",Cap,19,https://assets.leaguestat.com/lhjmq/logos/3.png,"Charlottetown, Islanders",Cha,19,https://assets.leaguestat.com/lhjmq/logos/7.png,214,qmjhl,2026-27 | Regular Season,,2026,2027,Sun,Sep,09,20,2026,2026-09-20,2026-10-01T16:58:30.022874+00:00
12,13,32844,"Sun, Sep 20",5,1,Final,Gatineau,Shawinigan,Centre Slush Puppie,"Gatineau, Olympiques",Gat,20,https://assets.leaguestat.com/lhjmq/logos/50x50/12.png,"Shawinigan, Cataractes",Sha,20,https://assets.leaguestat.com/lhjmq/logos/13.png,214,qmjhl,2026-27 | Regular Season,,2026,2027,Sun,Sep,09,20,2026,2026-09-20,2026-10-01T16:58:30.022874+00:00
10,9,32780,"Sun, Sep 20",2,5,Final,Chicoutimi,Québec,Centre Georges-Vézina,"Chicoutimi, Saguenéens",Chi,19,https://assets.leaguestat.com/lhjmq/logos/10.png,"Québec, Remparts",Que,19,https://assets.leaguestat.com/lhjmq/logos/9.png,214,qmjhl,2026-27 | Regular Season,,2026,2027,Sun,Sep,09,20,2026,2026-09-20,2026-10-01T16:58:30.022874+00:00
17,14,33200,"Sun, Sep 20",8,7,Final,Victoriaville,Drummondville,Colisée Desjardins,"Victoriaville, Tigres",Vic,20,https://assets.leaguestat.com/lhjmq/logos/17.png,"Drummondville, Voltigeurs",Dru,20,https://assets.leaguestat.com/lhjmq/logos/50x50/14.png,214,qmjhl,2026-27 | Regular Season,,2026,2027,Sun,Sep,09,20,2026,2026-09-20,2026-10-01T16:58:30.022874+00:00
2,5,32942,"Fri, Sep 25",3,4,Final OT,Newfoundland,Halifax,Mary Brown's Centre,"Newfoundland, Regiment",NFL,19,https://assets.leaguestat.com/lhjmq/logos/2_214.png,"Halifax, Mooseheads",Hal,19,https://assets.leaguestat.com/lhjmq/logos/5_214.png,214,qmjhl,2026-27 | Regular Season,,2026,2027,Fri,Sep,09,25,2026,2026-09-25,2026-10-01T16:58:30.022874+00:00
7,3,32748,"Fri, Sep 25",4,1,Final,Charlottetown,Cape Breton,Eastlink Centre,"Charlottetown, Islanders",Cha,19,https://assets.leaguestat.com/lhjmq/logos/7.png,"Cape Breton, Eagles",Cap,19,https://assets.leaguestat.com/lhjmq/logos/3.png,214,qmjhl,2026-27 | Regular Season,,2026,2027,Fri,Sep,09,25,2026,2026-09-25,2026-10-01T16:58:30.022874+00:00
8,1,33070,"Fri, Sep 25",3,4,Final SO,Saint John,Moncton,TD Station,"Saint John, Sea Dogs",SNB,19,https://assets.leaguestat.com/lhjmq/logos/50x50/8_214.png,"Moncton, Wildcats",Mon,19,https://assets.leaguestat.com/lhjmq/logos/1.png,214,qmjhl,2026-27 | Regular Season,,2026,2027,Fri,Sep,09,25,2026,2026-09-25,2026-10-01T16:58:30.022874+00:00
9,13,32974,"Fri, Sep 25",7,3,Final,Québec,Shawinigan,Centre Vidéotron,"Québec, Remparts",Que,19,https://assets.leaguestat.com/lhjmq/logos/9.png,"Shawinigan, Cataractes",Sha,20,https://assets.leaguestat.com/lhjmq/logos/13.png,214,qmjhl,2026-27 | Regular Season,,2026,2027,Fri,Sep,09,25,2026,2026-09-25,2026-10-01T16:58:30.022874+00:00
16,10,32653,"Fri, Sep 25",3,5,Final,Baie-Comeau,Chicoutimi,Centre sportif Alcoa,"Baie-Comeau, Drakkar",BaC,19,https://assets.leaguestat.com/lhjmq/logos/16.png,"Chicoutimi, Saguenéens",Chi,19,https://assets.leaguestat.com/lhjmq/logos/10.png,214,qmjhl,2026-27 | Regular Season,,2026,2027,Fri,Sep,09,25,2026,2026-09-25,2026-10-01T16:58:30.022874+00:00
11,14,33038,"Fri, Sep 25",6,0,Final,Rouyn-Noranda,Drummondville,Aréna Glencore,"Rouyn-Noranda, Huskies",Rou,20,https://assets.leaguestat.com/lhjmq/logos/50x50/11.png,"Drummondville, Voltigeurs",Dru,20,https://assets.leaguestat.com/lhjmq/logos/50x50/14.png,214,qmjhl,2026-27 | Regular Season,,2026,2027,Fri,Sep,09,25,2026,2026-09-25,2026-10-01T16:58:30.022874+00:00
12,19,32845,"Fri, Sep 25",2,3,Final OT,Gatineau,Blainville-Boisbriand,Centre Slush Puppie,"Gatineau, Olympiques",Gat,20,https://assets.leaguestat.com/lhjmq/logos/50x50/12.png,"Blainville-Boisbriand, Armada",BLB,20,https://assets.leaguestat.com/lhjmq/logos/19.png,214,qmjhl,2026-27 | Regular Season,,2026,2027,Fri,Sep,09,25,2026,2026-09-25,2026-10-01T16:58:30.022874+00:00
17,60,33201,"Fri, Sep 25",1,7,Final,Victoriaville,Sherbrooke,Colisée Desjardins,"Victoriaville, Tigres",Vic,20,https://assets.leaguestat.com/lhjmq/logos/17.png,"Sherbrooke, Phœnix",She,20,https://assets.leaguestat.com/lhjmq/logos/50x50/60.png,214,qmjhl,2026-27 | Regular Season,,2026,2027,Fri,Sep,09,25,2026,2026-09-25,2026-10-01T16:58:30.022874+00:00
8,3,33071,"Sat, Sep 26",4,5,Final OT,Saint John,Cape Breton,TD Station,"Saint John, Sea Dogs",SNB,19,https://assets.leaguestat.com/lhjmq/logos/50x50/8_214.png,"Cape Breton, Eagles",Cap,19,https://assets.leaguestat.com/lhjmq/logos/3.png,214,qmjhl,2026-27 | Regular Season,,2026,2027,Sat,Sep,09,26,2026,2026-09-26,2026-10-01T16:58:30.022874+00:00
18,13,33006,"Sat, Sep 26",13,2,Final,Rimouski,Shawinigan,Colisée Financière Sun Life,"Rimouski, Océanic",Rim,19,https://assets.leaguestat.com/lhjmq/logos/18_214.png,"Shawinigan, Cataractes",Sha,20,https://assets.leaguestat.com/lhjmq/logos/13.png,214,qmjhl,2026-27 | Regular Season,,2026,2027,Sat,Sep,09,26,2026,2026-09-26,2026-10-01T16:58:30.022874+00:00
15,14,33167,"Sat, Sep 26",5,1,Final,Val-d'Or,Drummondville,Centre Agnico Eagle,"Val-d'Or, Foreurs",VdO,20,https://assets.leaguestat.com/lhjmq/logos/15.png,"Drummondville, Voltigeurs",Dru,20,https://assets.leaguestat.com/lhjmq/logos/50x50/14.png,214,qmjhl,2026-27 | Regular Season,,2026,2027,Sat,Sep,09,26,2026,2026-09-26,2026-10-01T16:58:30.022874+00:00
19,60,32685,"Sat, Sep 26",3,2,Final OT,Blainville-Boisbriand,Sherbrooke,Centre Excellence Sports Rousseau,"Blainville-Boisbriand, Armada",BLB,20,https://assets.leaguestat.com/lhjmq/logos/19.png,"Sherbrooke, Phœnix",She,20,https://assets.leaguestat.com/lhjmq/logos/50x50/60.png,214,qmjhl,2026-27 | Regular Season,,2026,2027,Sat,Sep,09,26,2026,2026-09-26,2026-10-01T16:58:30.022874+00:00
2,5,32943,"Sat, Sep 26",6,0,Final,Newfoundland,Halifax,Mary Brown's Centre,"Newfoundland, Regiment",NFL,19,https://assets.leaguestat.com/lhjmq/logos/2_214.png,"Halifax, Mooseheads",Hal,19,https://assets.leaguestat.com/lhjmq/logos/5_214.png,214,qmjhl,2026-27 | Regular Season,,2026,2027,Sat,Sep,09,26,2026,2026-09-26,2026-10-01T16:58:30.022874+00:00
1,7,32908,"Sat, Sep 26",4,3,Final OT,Moncton,Charlottetown,Avenir Centre,"Moncton, Wildcats",Mon,19,https://assets.leaguestat.com/lhjmq/logos/1.png,"Charlottetown, Islanders",Cha,19,https://assets.leaguestat.com/lhjmq/logos/7.png,214,qmjhl,2026-27 | Regular Season,,2026,2027,Sat,Sep,09,26,2026,2026-09-26,2026-10-01T16:58:30.022874+00:00
9,18,32975,"Sun, Sep 27",5,4,Final OT,Québec,Rimouski,Centre Vidéotron,"Québec, Remparts",Que,19,https://assets.leaguestat.com/lhjmq/logos/9.png,"Rimouski, Océanic",Rim,19,https://assets.leaguestat.com/lhjmq/logos/18_214.png,214,qmjhl,2026-27 | Regular Season,,2026,2027,Sun,Sep,09,27,2026,2026-09-27,2026-10-01T16:58:30.022874+00:00
10,16,32781,"Sun, Sep 27",6,0,Final,Chicoutimi,Baie-Comeau,Centre Georges-Vézina,"Chicoutimi, Saguenéens",Chi,19,https://assets.leaguestat.com/lhjmq/logos/10.png,"Baie-Comeau, Drakkar",BaC,19,https://assets.leaguestat.com/lhjmq/logos/16.png,214,qmjhl,2026-27 | Regular Season,,2026,2027,Sun,Sep,09,27,2026,2026-09-27,2026-10-01T16:58:30.022874+00:00
11,15,33039,"Sun, Sep 27",2,1,Final OT,Rouyn-Noranda,Val-d'Or,Aréna Glencore,"Rouyn-Noranda, Huskies",Rou,20,https://assets.leaguestat.com/lhjmq/logos/50x50/11.png,"Val-d'Or, Foreurs",VdO,20,https://assets.leaguestat.com/lhjmq/logos/15.png,214,qmjhl,2026-27 | Regular Season,,2026,2027,Sun,Sep,09,27,2026,2026-09-27,2026-10-01T16:58:30.022874+00:00
17,12,33202,"Sun, Sep 27",7,5,Final,Victoriaville,Gatineau,Colisée Desjardins,"Victoriaville, Tigres",Vic,20,https://assets.leaguestat.com/lhjmq/logos/17.png,"Gatineau, Olympiques",Gat,20,https://assets.leaguestat.com/lhjmq/logos/50x50/12.png,214,qmjhl,2026-27 | Regular Season,,2026,2027,Sun,Sep,09,27,2026,2026-09-27,2026-10-01T16:58:30.022874+00:00
17,7,33203,"Wed, Sep 30",6,5,Final OT,Victoriaville,Charlottetown,Colisée Desjardins,"Victoriaville, Tigres",Vic,20,https://assets.leaguestat.com/lhjmq/logos/17.png,"Charlottetown, Islanders",Cha,19,https://assets.leaguestat.com/lhjmq/logos/7.png,214,qmjhl,2026-27 | Regular Season,,2026,2027,Wed,Sep,09,30,2026,2026-09-30,2026-10-01T16:58:30.022874+00:00
10,7,,"Thu, Oct 1",-,-,7:00 pm EDT,Chicoutimi,Charlottetown,Centre Georges-Vézina,"Chicoutimi, Saguenéens",Chi,19,https://assets.leaguestat.com/lhjmq/logos/10.png,"Charlottetown, Islanders",Cha,19,https://assets.leaguestat.com/lhjmq/logos/7.png,214,qmjhl,2026-27 | Regular Season,,2026,2027,Thu,Oct,10,01,2026,2026-10-01,2026-10-01T16:58:30.022874+00:00
12,13,,"Thu, Oct 1",-,-,7:00 pm EDT,Gatineau,Shawinigan,Centre Slush Puppie,"Gatineau, Olympiques",Gat,20,https://assets.leaguestat.com/lhjmq/logos/50x50/12.png,"Shawinigan, Cataractes",Sha,20,https://assets.leaguestat.com/lhjmq/logos/13.png,214,qmjhl,2026-27 | Regular Season,,2026,2027,Thu,Oct,10,01,2026,2026-10-01,2026-10-01T16:58:30.022874+00:00
60,18,,"Thu, Oct 1",-,-,7:00 pm EDT,Sherbrooke,Rimouski,Palais des Sports Léopold-Drolet,"Sherbrooke, Phœnix",She,20,https://assets.leaguestat.com/lhjmq/logos/50x50/60.png,"Rimouski, Océanic",Rim,19,https://assets.leaguestat.com/lhjmq/logos/18_214.png,214,qmjhl,2026-27 | Regular Season,,2026,2027,Thu,Oct,10,01,2026,2026-10-01,2026-10-01T16:58:30.022874+00:00
1,5,,"Fri, Oct 2",-,-,7:00 pm ADT,Moncton,Halifax,Avenir Centre,"Moncton, Wildcats",Mon,19,https://assets.leaguestat.com/lhjmq/logos/1.png,"Halifax, Mooseheads",Hal,19,https://assets.leaguestat.com/lhjmq/logos/5_214.png,214,qmjhl,2026-27 | Regular Season,,2026,2027,Fri,Oct,10,02,2026,2026-10-02,2026-10-01T16:58:30.022874+00:00
3,8,,"Fri, Oct 2",-,-,7:00 pm ADT,Cape Breton,Saint John,Centre 200,"Cape Breton, Eagles",Cap,19,https://assets.leaguestat.com/lhjmq/logos/3.png,"Saint John, Sea Dogs",SNB,19,https://assets.leaguestat.com/lhjmq/logos/50x50/8_214.png,214,qmjhl,2026-27 | Regular Season,,2026,2027,Fri,Oct,10,02,2026,2026-10-02,2026-10-01T16:58:30.022874+00:00
16,7,,"Fri, Oct 2",-,-,7:00 pm EDT,Baie-Comeau,Charlottetown,Centre sportif Alcoa,"Baie-Comeau, Drakkar",BaC,19,https://assets.leaguestat.com/lhjmq/logos/16.png,"Charlottetown, Islanders",Cha,19,https://assets.leaguestat.com/lhjmq/logos/7.png,214,qmjhl,2026-27 | Regular Season,,2026,2027,Fri,Oct,10,02,2026,2026-10-02,2026-10-01T16:58:30.022874+00:00
19,9,,"Fri, Oct 2",-,-,7:00 pm EDT,Blainville-Boisbriand,Québec,Centre Excellence Sports Rousseau,"Blainville-Boisbriand, Armada",BLB,20,https://assets.leaguestat.com/lhjmq/logos/19.png,"Québec, Remparts",Que,19,https://assets.leaguestat.com/lhjmq/logos/9.png,214,qmjhl,2026-27 | Regular Season,,2026,2027,Fri,Oct,10,02,2026,2026-10-02,2026-10-01T16:58:30.022874+00:00
60,18,,"Fri, Oct 2",-,-,7:00 pm EDT,Sherbrooke,Rimouski,Palais des Sports Léopold-Drolet,"Sherbrooke, Phœnix",She,20,https://assets.leaguestat.com/lhjmq/logos/50x50/60.png,"Rimouski, Océanic",Rim,19,https://assets.leaguestat.com/lhjmq/logos/18_214.png,214,qmjhl,2026-27 | Regular Season,,2026,2027,Fri,Oct,10,02,2026,2026-10-02,2026-10-01T16:58:30.022874+00:00
16,17,,"Sat, Oct 3",-,-,4:00 pm EDT,Baie-Comeau,Victoriaville,Centre sportif Alcoa,"Baie-Comeau, Drakkar",BaC,19,https://assets.leaguestat.com/lhjmq/logos/16.png,"Victoriaville, Tigres",Vic,20,https://assets.leaguestat.com/lhjmq/logos/17.png,214,qmjhl,2026-27 | Regular Season,,2026,2027,Sat,Oct,10,03,2026,2026-10-03,2026-10-01T16:58:30.022874+00:00
15,12,,"Sat, Oct 3",-,-,4:00 pm EDT,Val-d'Or,Gatineau,Centre Agnico Eagle,"Val-d'Or, Foreurs",VdO,20,https://assets.leaguestat.com/lhjmq/logos/15.png,"Gatineau, Olympiques",Gat,20,https://assets.leaguestat.com/lhjmq/logos/50x50/12.png,214,qmjhl,2026-27 | Regular Season,,2026,2027,Sat,Oct,10,03,2026,2026-10-03,2026-10-01T16:58:30.022874+00:00
19,14,,"Sat, Oct 3",-,-,4:00 pm EDT,Blainville-Boisbriand,Drummondville,Centre Excellence Sports Rousseau,"Blainville-Boisbriand, Armada",BLB,20,https://assets.leaguestat.com/lhjmq/logos/19.png,"Drummondville, Voltigeurs",Dru,20,https://assets.leaguestat.com/lhjmq/logos/50x50/14.png,214,qmjhl,2026-27 | Regular Season,,2026,2027,Sat,Oct,10,03,2026,2026-10-03,2026-10-01T16:58:30.022874+00:00
2,11,,"Sat, Oct 3",-,-,7:00 pm NDT,Newfoundland,Rouyn-Noranda,Mary Brown's Centre,"Newfoundland, Regiment",NFL,19,https://assets.leaguestat.com/lhjmq/logos/2_214.png,"Rouyn-Noranda, Huskies",Rou,20,https://assets.leaguestat.com/lhjmq/logos/50x50/11.png,214,qmjhl,2026-27 | Regular Season,,2026,2027,Sat,Oct,10,03,2026,2026-10-03,2026-10-01T16:58:30.022874+00:00
2,11,,"Sun, Oct 4",-,-,3:00 pm NDT,Newfoundland,Rouyn-Noranda,Mary Brown's Centre,"Newfoundland, Regiment",NFL,19,https://assets.leaguestat.com/lhjmq/logos/2_214.png,"Rouyn-Noranda, Huskies",Rou,20,https://assets.leaguestat.com/lhjmq/logos/50x50/11.png,214,qmjhl,2026-27 | Regular Season,,2026,2027,Sun,Oct,10,04,2026,2026-10-04,2026-10-01T16:58:30.022874+00:00
3,1,,"Sun, Oct 4",-,-,3:00 pm ADT,Cape Breton,Moncton,Centre 200,"Cape Breton, Eagles",Cap,19,https://assets.leaguestat.com/lhjmq/logos/3.png,"Moncton, Wildcats",Mon,19,https://assets.leaguestat.com/lhjmq/logos/1.png,214,qmjhl,2026-27 | Regular Season,,2026,2027,Sun,Oct,10,04,2026,2026-10-04,2026-10-01T16:58:30.022874+00:00
8,5,,"Sun, Oct 4",-,-,3:00 pm ADT,Saint John,Halifax,TD Station,"Saint John, Sea Dogs",SNB,19,https://assets.leaguestat.com/lhjmq/logos/50x50/8_214.png,"Halifax, Mooseheads",Hal,19,https://assets.leaguestat.com/lhjmq/logos/5_214.png,214,qmjhl,2026-27 | Regular Season,,2026,2027,Sun,Oct,10,04,2026,2026-10-04,2026-10-01T16:58:30.022874+00:00
18,7,,"Sun, Oct 4",-,-,3:00 pm EDT,Rimouski,Charlottetown,Colisée Financière Sun Life,"Rimouski, Océanic",Rim,19,https://assets.leaguestat.com/lhjmq/logos/18_214.png,"Charlottetown, Islanders",Cha,19,https://assets.leaguestat.com/lhjmq/logos/7.png,214,qmjhl,2026-27 | Regular Season,,2026,2027,Sun,Oct,10,04,2026,2026-10-04,2026-10-01T16:58:30.022874+00:00
15,12,,"Sun, Oct 4",-,-,3:00 pm EDT,Val-d'Or,Gatineau,Centre Agnico Eagle,"Val-d'Or, Foreurs",VdO,20,https://assets.leaguestat.com/lhjmq/logos/15.png,"Gatineau, Olympiques",Gat,20,https://assets.leaguestat.com/lhjmq/logos/50x50/12.png,214,qmjhl,2026-27 | Regular Season,,2026,2027,Sun,Oct,10,04,2026,2026-10-04,2026-10-01T16:58:30.022874+00:00
9,19,,"Sun, Oct 4",-,-,4:00 pm EDT,Québec,Blainville-Boisbriand,Centre Vidéotron,"Québec, Remparts",Que,19,https://assets.leaguestat.com/lhjmq/logos/9.png,"Blainville-Boisbriand, Armada",BLB,20,https://assets.leaguestat.com/lhjmq/logos/19.png,214,qmjhl,2026-27 | Regular Season,,2026,2027,Sun,Oct,10,04,2026,2026-10-04,2026-10-01T16:58:30.022874+00:00
10,17,,"Sun, Oct 4",-,-,4:00 pm EDT,Chicoutimi,Victoriaville,Centre Georges-Vézina,"Chicoutimi, Saguenéens",Chi,19,https://assets.leaguestat.com/lhjmq/logos/10.png,"Victoriaville, Tigres",Vic,20,https://assets.leaguestat.com/lhjmq/logos/17.png,214,qmjhl,2026-27 | Regular Season,,2026,2027,Sun,Oct,10,04,2026,2026-10-04,2026-10-01T16:58:30.022874+00:00
17,13,,"Wed, Oct 7",-,-,7:00 pm EDT,Victoriaville,Shawinigan,Colisée Desjardins,"Victoriaville, Tigres",Vic,20,https://assets.leaguestat.com/lhjmq/logos/17.png,"Shawinigan, Cataractes",Sha,20,https://assets.leaguestat.com/lhjmq/logos/13.png,214,qmjhl,2026-27 | Regular Season,,2026,2027,Wed,Oct,10,07,2026,2026-10-07,2026-10-01T16:58:30.022874+00:00
19,2,,"Wed, Oct 7",-,-,7:00 pm EDT,Blainville-Boisbriand,Newfoundland,Centre Excellence Sports Rousseau,"Blainville-Boisbriand, Armada",BLB,20,https://assets.leaguestat.com/lhjmq/logos/19.png,"Newfoundland, Regiment",NFL,19,https://assets.leaguestat.com/lhjmq/logos/2_214.png,214,qmjhl,2026-27 | Regular Season,,2026,2027,Wed,Oct,10,07,2026,2026-10-07,2026-10-01T16:58:30.022874+00:00
1,14,,"Thu, Oct 8",-,-,7:00 pm ADT,Moncton,Drummondville,Avenir Centre,"Moncton, Wildcats",Mon,19,https://assets.leaguestat.com/lhjmq/logos/1.png,"Drummondville, Voltigeurs",Dru,20,https://assets.leaguestat.com/lhjmq/logos/50x50/14.png,214,qmjhl,2026-27 | Regular Season,,2026,2027,Thu,Oct,10,08,2026,2026-10-08,2026-10-01T16:58:30.022874+00:00
5,11,,"Thu, Oct 8",-,-,7:00 pm ADT,Halifax,Rouyn-Noranda,Scotiabank Centre,"Halifax, Mooseheads",Hal,19,https://assets.leaguestat.com/lhjmq/logos/5_214.png,"Rouyn-Noranda, Huskies",Rou,20,https://assets.leaguestat.com/lhjmq/logos/50x50/11.png,214,qmjhl,2026-27 | Regular Season,,2026,2027,Thu,Oct,10,08,2026,2026-10-08,2026-10-01T16:58:30.022874+00:00
7,14,,"Fri, Oct 9",-,-,7:00 pm ADT,Charlottetown,Drummondville,Eastlink Centre,"Charlottetown, Islanders",Cha,19,https://assets.leaguestat.com/lhjmq/logos/7.png,"Drummondville, Voltigeurs",Dru,20,https://assets.leaguestat.com/lhjmq/logos/50x50/14.png,214,qmjhl,2026-27 | Regular Season,,2026,2027,Fri,Oct,10,09,2026,2026-10-09,2026-10-01T16:58:30.022874+00:00
8,11,,"Fri, Oct 9",-,-,7:00 pm ADT,Saint John,Rouyn-Noranda,TD Station,"Saint John, Sea Dogs",SNB,19,https://assets.leaguestat.com/lhjmq/logos/50x50/8_214.png,"Rouyn-Noranda, Huskies",Rou,20,https://assets.leaguestat.com/lhjmq/logos/50x50/11.png,214,qmjhl,2026-27 | Regular Season,,2026,2027,Fri,Oct,10,09,2026,2026-10-09,2026-10-01T16:58:30.022874+00:00
10,3,,"Fri, Oct 9",-,-,7:00 pm EDT,Chicoutimi,Cape Breton,Centre Georges-Vézina,"Chicoutimi, Saguenéens",Chi,19,https://assets.leaguestat.com/lhjmq/logos/10.png,"Cape Breton, Eagles",Cap,19,https://assets.leaguestat.com/lhjmq/logos/3.png,214,qmjhl,2026-27 | Regular Season,,2026,2027,Fri,Oct,10,09,2026,2026-10-09,2026-10-01T16:58:30.022874+00:00
18,2,,"Fri, Oct 9",-,-,7:00 pm EDT,Rimouski,Newfoundland,Colisée Financière Sun Life,"Rimouski, Océanic",Rim,19,https://assets.leaguestat.com/lhjmq/logos/18_214.png,"Newfoundland, Regiment",NFL,19,https://assets.leaguestat.com/lhjmq/logos/2_214.png,214,qmjhl,2026-27 | Regular Season,,2026,2027,Fri,Oct,10,09,2026,2026-10-09,2026-10-01T16:58:30.022874+00:00
12,16,,"Fri, Oct 9",-,-,7:00 pm EDT,Gatineau,Baie-Comeau,Centre Slush Puppie,"Gatineau, Olympiques",Gat,20,https://assets.leaguestat.com/lhjmq/logos/50x50/12.png,"Baie-Comeau, Drakkar",BaC,19,https://assets.leaguestat.com/lhjmq/logos/16.png,214,qmjhl,2026-27 | Regular Season,,2026,2027,Fri,Oct,10,09,2026,2026-10-09,2026-10-01T16:58:30.022874+00:00
15,19,,"Fri, Oct 9",-,-,7:00 pm EDT,Val-d'Or,Blainville-Boisbriand,Centre Agnico Eagle,"Val-d'Or, Foreurs",VdO,20,https://assets.leaguestat.com/lhjmq/logos/15.png,"Blainville-Boisbriand, Armada",BLB,20,https://assets.leaguestat.com/lhjmq/logos/19.png,214,qmjhl,2026-27 | Regular Season,,2026,2027,Fri,Oct,10,09,2026,2026-10-09,2026-10-01T16:58:30.022874+00:00
8,7,,"Sat, Oct 10",-,-,4:00 pm ADT,Saint John,Charlottetown,TD Station,"Saint John, Sea Dogs",SNB,19,https://assets.leaguestat.com/lhjmq/logos/50x50/8_214.png,"Charlottetown, Islanders",Cha,19,https://assets.leaguestat.com/lhjmq/logos/7.png,214,qmjhl,2026-27 | Regular Season,,2026,2027,Sat,Oct,10,10,2026,2026-10-10,2026-10-01T16:58:30.022874+00:00
9,3,,"Sat, Oct 10",-,-,4:00 pm EDT,Québec,Cape Breton,Centre Vidéotron,"Québec, Remparts",Que,19,https://assets.leaguestat.com/lhjmq/logos/9.png,"Cape Breton, Eagles",Cap,19,https://assets.leaguestat.com/lhjmq/logos/3.png,214,qmjhl,2026-27 | Regular Season,,2026,2027,Sat,Oct,10,10,2026,2026-10-10,2026-10-01T16:58:30.022874+00:00
18,2,,"Sat, Oct 10",-,-,4:00 pm EDT,Rimouski,Newfoundland,Colisée Financière Sun Life,"Rimouski, Océanic",Rim,19,https://assets.leaguestat.com/lhjmq/logos/18_214.png,"Newfoundland, Regiment",NFL,19,https://assets.leaguestat.com/lhjmq/logos/2_214.png,214,qmjhl,2026-27 | Regular Season,,2026,2027,Sat,Oct,10,10,2026,2026-10-10,2026-10-01T16:58:30.022874+00:00
60,16,,"Sat, Oct 10",-,-,4:00 pm EDT,Sherbrooke,Baie-Comeau,Palais des Sports Léopold-Drolet,"Sherbrooke, Phœnix",She,20,https://assets.leaguestat.com/lhjmq/logos/50x50/60.png,"Baie-Comeau, Drakkar",BaC,19,https://assets.leaguestat.com/lhjmq/logos/16.png,214,qmjhl,2026-27 | Regular Season,,2026,2027,Sat,Oct,10,10,2026,2026-10-10,2026-10-01T16:58:30.022874+00:00
1,11,,"Sat, Oct 10",-,-,7:00 pm ADT,Moncton,Rouyn-Noranda,Avenir Centre,"Moncton, Wildcats",Mon,19,https://assets.leaguestat.com/lhjmq/logos/1.png,"Rouyn-Noranda, Huskies",Rou,20,https://assets.leaguestat.com/lhjmq/logos/50x50/11.png,214,qmjhl,2026-27 | Regular Season,,2026,2027,Sat,Oct,10,10,2026,2026-10-10,2026-10-01T16:58:30.022874+00:00
5,14,,"Sat, Oct 10",-,-,7:00 pm ADT,Halifax,Drummondville,Scotiabank Centre,"Halifax, Mooseheads",Hal,19,https://assets.leaguestat.com/lhjmq/logos/5_214.png,"Drummondville, Voltigeurs",Dru,20,https://assets.leaguestat.com/lhjmq/logos/50x50/14.png,214,qmjhl,2026-27 | Regular Season,,2026,2027,Sat,Oct,10,10,2026,2026-10-10,2026-10-01T16:58:30.022874+00:00
9,10,,"Sun, Oct 11",-,-,3:00 pm EDT,Québec,Chicoutimi,Centre Vidéotron,"Québec, Remparts",Que,19,https://assets.leaguestat.com/lhjmq/logos/9.png,"Chicoutimi, Saguenéens",Chi,19,https://assets.leaguestat.com/lhjmq/logos/10.png,214,qmjhl,2026-27 | Regular Season,,2026,2027,Sun,Oct,10,11,2026,2026-10-11,2026-10-01T16:58:30.022874+00:00
12,15,,"Sun, Oct 11",-,-,3:00 pm EDT,Gatineau,Val-d'Or,Centre Slush Puppie,"Gatineau, Olympiques",Gat,20,https://assets.leaguestat.com/lhjmq/logos/50x50/12.png,"Val-d'Or, Foreurs",VdO,20,https://assets.leaguestat.com/lhjmq/logos/15.png,214,qmjhl,2026-27 | Regular Season,,2026,2027,Sun,Oct,10,11,2026,2026-10-11,2026-10-01T16:58:30.022874+00:00
7,11,,"Mon, Oct 12",-,-,2:00 pm ADT,Charlottetown,Rouyn-Noranda,Eastlink Centre,"Charlottetown, Islanders",Cha,19,https://assets.leaguestat.com/lhjmq/logos/7.png,"Rouyn-Noranda, Huskies",Rou,20,https://assets.leaguestat.com/lhjmq/logos/50x50/11.png,214,qmjhl,2026-27 | Regular Season,,2026,2027,Mon,Oct,10,12,2026,2026-10-12,2026-10-01T16:58:30.022874+00:00
8,14,,"Mon, Oct 12",-,-,3:00 pm ADT,Saint John,Drummondville,TD Station,"Saint John, Sea Dogs",SNB,19,https://assets.leaguestat.com/lhjmq/logos/50x50/8_214.png,"Drummondville, Voltigeurs",Dru,20,https://assets.leaguestat.com/lhjmq/logos/50x50/14.png,214,qmjhl,2026-27 | Regular Season,,2026,2027,Mon,Oct,10,12,2026,2026-10-12,2026-10-01T16:58:30.022874+00:00
12,10,,"Mon, Oct 12",-,-,2:00 pm EDT,Gatineau,Chicoutimi,Centre Slush Puppie,"Gatineau, Olympiques",Gat,20,https://assets.leaguestat.com/lhjmq/logos/50x50/12.png,"Chicoutimi, Saguenéens",Chi,19,https://assets.leaguestat.com/lhjmq/logos/10.png,214,qmjhl,2026-27 | Regular Season,,2026,2027,Mon,Oct,10,12,2026,2026-10-12,2026-10-01T16:58:30.022874+00:00
19,17,,"Mon, Oct 12",-,-,2:00 pm EDT,Blainville-Boisbriand,Victoriaville,Centre Excellence Sports Rousseau,"Blainville-Boisbriand, Armada",BLB,20,https://assets.leaguestat.com/lhjmq/logos/19.png,"Victoriaville, Tigres",Vic,20,https://assets.leaguestat.com/lhjmq/logos/17.png,214,qmjhl,2026-27 | Regular Season,,2026,2027,Mon,Oct,10,12,2026,2026-10-12,2026-10-01T16:58:30.022874+00:00
60,3,,"Mon, Oct 12",-,-,2:00 pm EDT,Sherbrooke,Cape Breton,Palais des Sports Léopold-Drolet,"Sherbrooke, Phœnix",She,20,https://assets.leaguestat.com/lhjmq/logos/50x50/60.png,"Cape Breton, Eagles",Cap,19,https://assets.leaguestat.com/lhjmq/logos/3.png,214,qmjhl,2026-27 | Regular Season,,2026,2027,Mon,Oct,10,12,2026,2026-10-12,2026-10-01T16:58:30.022874+00:00
13,2,,"Mon, Oct 12",-,-,4:00 pm EDT,Shawinigan,Newfoundland,Centre Gervais Auto,"Shawinigan, Cataractes",Sha,20,https://assets.leaguestat.com/lhjmq/logos/13.png,"Newfoundland, Regiment",NFL,19,https://assets.leaguestat.com/lhjmq/logos/2_214.png,214,qmjhl,2026-27 | Regular Season,,2026,2027,Mon,Oct,10,12,2026,2026-10-12,2026-10-01T16:58:30.022874+00:00
7,15,,"Wed, Oct 14",-,-,7:00 pm ADT,Charlottetown,Val-d'Or,Eastlink Centre,"Charlottetown, Islanders",Cha,19,https://assets.leaguestat.com/lhjmq/logos/7.png,"Val-d'Or, Foreurs",VdO,20,https://assets.leaguestat.com/lhjmq/logos/15.png,214,qmjhl,2026-27 | Regular Season,,2026,2027,Wed,Oct,10,14,2026,2026-10-14,2026-10-01T16:58:30.022874+00:00
16,2,,"Thu, Oct 15",-,-,7:00 pm EDT,Baie-Comeau,Newfoundland,Centre sportif Alcoa,"Baie-Comeau, Drakkar",BaC,19,https://assets.leaguestat.com/lhjmq/logos/16.png,"Newfoundland, Regiment",NFL,19,https://assets.leaguestat.com/lhjmq/logos/2_214.png,214,qmjhl,2026-27 | Regular Season,,2026,2027,Thu,Oct,10,15,2026,2026-10-15,2026-10-01T16:58:30.022874+00:00
1,13,,"Fri, Oct 16",-,-,7:00 pm ADT,Moncton,Shawinigan,Avenir Centre,"Moncton, Wildcats",Mon,19,https://assets.leaguestat.com/lhjmq/logos/1.png,"Shawinigan, Cataractes",Sha,20,https://assets.leaguestat.com/lhjmq/logos/13.png,214,qmjhl,2026-27 | Regular Season,,2026,2027,Fri,Oct,10,16,2026,2026-10-16,2026-10-01T16:58:30.022874+00:00
5,15,,"Fri, Oct 16",-,-,7:00 pm ADT,Halifax,Val-d'Or,Scotiabank Centre,"Halifax, Mooseheads",Hal,19,https://assets.leaguestat.com/lhjmq/logos/5_214.png,"Val-d'Or, Foreurs",VdO,20,https://assets.leaguestat.com/lhjmq/logos/15.png,214,qmjhl,2026-27 | Regular Season,,2026,2027,Fri,Oct,10,16,2026,2026-10-16,2026-10-01T16:58:30.022874+00:00
9,12,,"Fri, Oct 16",-,-,7:00 pm EDT,Québec,Gatineau,Centre Vidéotron,"Québec, Remparts",Que,19,https://assets.leaguestat.com/lhjmq/logos/9.png,"Gatineau, Olympiques",Gat,20,https://assets.leaguestat.com/lhjmq/logos/50x50/12.png,214,qmjhl,2026-27 | Regular Season,,2026,2027,Fri,Oct,10,16,2026,2026-10-16,2026-10-01T16:58:30.022874+00:00
16,2,,"Fri, Oct 16",-,-,7:00 pm EDT,Baie-Comeau,Newfoundland,Centre sportif Alcoa,"Baie-Comeau, Drakkar",BaC,19,https://assets.leaguestat.com/lhjmq/logos/16.png,"Newfoundland, Regiment",NFL,19,https://assets.leaguestat.com/lhjmq/logos/2_214.png,214,qmjhl,2026-27 | Regular Season,,2026,2027,Fri,Oct,10,16,2026,2026-10-16,2026-10-01T16:58:30.022874+00:00
11,19,,"Fri, Oct 16",-,-,7:00 pm EDT,Rouyn-Noranda,Blainville-Boisbriand,Aréna Glencore,"Rouyn-Noranda, Huskies",Rou,20,https://assets.leaguestat.com/lhjmq/logos/50x50/11.png,"Blainville-Boisbriand, Armada",BLB,20,https://assets.leaguestat.com/lhjmq/logos/19.png,214,qmjhl,2026-27 | Regular Season,,2026,2027,Fri,Oct,10,16,2026,2026-10-16,2026-10-01T16:58:30.022874+00:00
14,17,,"Fri, Oct 16",-,-,7:00 pm EDT,Drummondville,Victoriaville,Centre Marcel Dionne,"Drummondville, Voltigeurs",Dru,20,https://assets.leaguestat.com/lhjmq/logos/50x50/14.png,"Victoriaville, Tigres",Vic,20,https://assets.leaguestat.com/lhjmq/logos/17.png,214,qmjhl,2026-27 | Regular Season,,2026,2027,Fri,Oct,10,16,2026,2026-10-16,2026-10-01T16:58:30.022874+00:00
8,3,,"Sat, Oct 17",-,-,4:00 pm ADT,Saint John,Cape Breton,TD Station,"Saint John, Sea Dogs",SNB,19,https://assets.leaguestat.com/lhjmq/logos/50x50/8_214.png,"Cape Breton, Eagles",Cap,19,https://assets.leaguestat.com/lhjmq/logos/3.png,214,qmjhl,2026-27 | Regular Season,,2026,2027,Sat,Oct,10,17,2026,2026-10-17,2026-10-01T16:58:30.022874+00:00
10,60,,"Sat, Oct 17",-,-,4:00 pm EDT,Chicoutimi,Sherbrooke,Centre Georges-Vézina,"Chicoutimi, Saguenéens",Chi,19,https://assets.leaguestat.com/lhjmq/logos/10.png,"Sherbrooke, Phœnix",She,20,https://assets.leaguestat.com/lhjmq/logos/50x50/60.png,214,qmjhl,2026-27 | Regular Season,,2026,2027,Sat,Oct,10,17,2026,2026-10-17,2026-10-01T16:58:30.022874+00:00
18,12,,"Sat, Oct 17",-,-,4:00 pm EDT,Rimouski,Gatineau,Colisée Financière Sun Life,"Rimouski, Océanic",Rim,19,https://assets.leaguestat.com/lhjmq/logos/18_214.png,"Gatineau, Olympiques",Gat,20,https://assets.leaguestat.com/lhjmq/logos/50x50/12.png,214,qmjhl,2026-27 | Regular Season,,2026,2027,Sat,Oct,10,17,2026,2026-10-17,2026-10-01T16:58:30.022874+00:00
11,19,,"Sat, Oct 17",-,-,4:00 pm EDT,Rouyn-Noranda,Blainville-Boisbriand,Aréna Glencore,"Rouyn-Noranda, Huskies",Rou,20,https://assets.leaguestat.com/lhjmq/logos/50x50/11.png,"Blainville-Boisbriand, Armada",BLB,20,https://assets.leaguestat.com/lhjmq/logos/19.png,214,qmjhl,2026-27 | Regular Season,,2026,2027,Sat,Oct,10,17,2026,2026-10-17,2026-10-01T16:58:30.022874+00:00
1,15,,"Sat, Oct 17",-,-,7:00 pm ADT,Moncton,Val-d'Or,Avenir Centre,"Moncton, Wildcats",Mon,19,https://assets.leaguestat.com/lhjmq/logos/1.png,"Val-d'Or, Foreurs",VdO,20,https://assets.leaguestat.com/lhjmq/logos/15.png,214,qmjhl,2026-27 | Regular Season,,2026,2027,Sat,Oct,10,17,2026,2026-10-17,2026-10-01T16:58:30.022874+00:00
7,13,,"Sat, Oct 17",-,-,7:00 pm ADT,Charlottetown,Shawinigan,Eastlink Centre,"Charlottetown, Islanders",Cha,19,https://assets.leaguestat.com/lhjmq/logos/7.png,"Shawinigan, Cataractes",Sha,20,https://assets.leaguestat.com/lhjmq/logos/13.png,214,qmjhl,2026-27 | Regular Season,,2026,2027,Sat,Oct,10,17,2026,2026-10-17,2026-10-01T16:58:30.022874+00:00
5,13,,"Sun, Oct 18",-,-,3:00 pm ADT,Halifax,Shawinigan,Scotiabank Centre,"Halifax, Mooseheads",Hal,19,https://assets.leaguestat.com/lhjmq/logos/5_214.png,"Shawinigan, Cataractes",Sha,20,https://assets.leaguestat.com/lhjmq/logos/13.png,214,qmjhl,2026-27 | Regular Season,,2026,2027,Sun,Oct,10,18,2026,2026-10-18,2026-10-01T16:58:30.022874+00:00
8,15,,"Sun, Oct 18",-,-,3:00 pm ADT,Saint John,Val-d'Or,TD Station,"Saint John, Sea Dogs",SNB,19,https://assets.leaguestat.com/lhjmq/logos/50x50/8_214.png,"Val-d'Or, Foreurs",VdO,20,https://assets.leaguestat.com/lhjmq/logos/15.png,214,qmjhl,2026-27 | Regular Season,,2026,2027,Sun,Oct,10,18,2026,2026-10-18,2026-10-01T16:58:30.022874+00:00
18,10,,"Sun, Oct 18",-,-,3:00 pm EDT,Rimouski,Chicoutimi,Colisée Financière Sun Life,"Rimouski, Océanic",Rim,19,https://assets.leaguestat.com/lhjmq/logos/18_214.png,"Chicoutimi, Saguenéens",Chi,19,https://assets.leaguestat.com/lhjmq/logos/10.png,214,qmjhl,2026-27 | Regular Season,,2026,2027,Sun,Oct,10,18,2026,2026-10-18,2026-10-01T16:58:30.022874+00:00
16,60,,"Sun, Oct 18",-,-,4:00 pm EDT,Baie-Comeau,Sherbrooke,Centre sportif Alcoa,"Baie-Comeau, Drakkar",BaC,19,https://assets.leaguestat.com/lhjmq/logos/16.png,"Sherbrooke, Phœnix",She,20,https://assets.leaguestat.com/lhjmq/logos/50x50/60.png,214,qmjhl,2026-27 | Regular Season,,2026,2027,Sun,Oct,10,18,2026,2026-10-18,2026-10-01T16:58:30.022874+00:00
14,2,,"Sun, Oct 18",-,-,4:00 pm EDT,Drummondville,Newfoundland,Centre Marcel Dionne,"Drummondville, Voltigeurs",Dru,20,https://assets.leaguestat.com/lhjmq/logos/50x50/14.png,"Newfoundland, Regiment",NFL,19,https://assets.leaguestat.com/lhjmq/logos/2_214.png,214,qmjhl,2026-27 | Regular Season,,2026,2027,Sun,Oct,10,18,2026,2026-10-18,2026-10-01T16:58:30.022874+00:00
17,9,,"Sun, Oct 18",-,-,4:00 pm EDT,Victoriaville,Québec,Colisée Desjardins,"Victoriaville, Tigres",Vic,20,https://assets.leaguestat.com/lhjmq/logos/17.png,"Québec, Remparts",Que,19,https://assets.leaguestat.com/lhjmq/logos/9.png,214,qmjhl,2026-27 | Regular Season,,2026,2027,Sun,Oct,10,18,2026,2026-10-18,2026-10-01T16:58:30.022874+00:00
17,60,,"Thu, Oct 22",-,-,7:00 pm EDT,Victoriaville,Sherbrooke,Colisée Desjardins,"Victoriaville, Tigres",Vic,20,https://assets.leaguestat.com/lhjmq/logos/17.png,"Sherbrooke, Phœnix",She,20,https://assets.leaguestat.com/lhjmq/logos/50x50/60.png,214,qmjhl,2026-27 | Regular Season,,2026,2027,Thu,Oct,10,22,2026,2026-10-22,2026-10-01T16:58:30.022874+00:00
5,3,,"Fri, Oct 23",-,-,7:00 pm ADT,Halifax,Cape Breton,Scotiabank Centre,"Halifax, Mooseheads",Hal,19,https://assets.leaguestat.com/lhjmq/logos/5_214.png,"Cape Breton, Eagles",Cap,19,https://assets.leaguestat.com/lhjmq/logos/3.png,214,qmjhl,2026-27 | Regular Season,,2026,2027,Fri,Oct,10,23,2026,2026-10-23,2026-10-01T16:58:30.022874+00:00
10,16,,"Fri, Oct 23",-,-,7:00 pm EDT,Chicoutimi,Baie-Comeau,Centre Georges-Vézina,"Chicoutimi, Saguenéens",Chi,19,https://assets.leaguestat.com/lhjmq/logos/10.png,"Baie-Comeau, Drakkar",BaC,19,https://assets.leaguestat.com/lhjmq/logos/16.png,214,qmjhl,2026-27 | Regular Season,,2026,2027,Fri,Oct,10,23,2026,2026-10-23,2026-10-01T16:58:30.022874+00:00
11,9,,"Fri, Oct 23",-,-,7:00 pm EDT,Rouyn-Noranda,Québec,Aréna Glencore,"Rouyn-Noranda, Huskies",Rou,20,https://assets.leaguestat.com/lhjmq/logos/50x50/11.png,"Québec, Remparts",Que,19,https://assets.leaguestat.com/lhjmq/logos/9.png,214,qmjhl,2026-27 | Regular Season,,2026,2027,Fri,Oct,10,23,2026,2026-10-23,2026-10-01T16:58:30.022874+00:00
12,8,,"Fri, Oct 23",-,-,7:00 pm EDT,Gatineau,Saint John,Centre Slush Puppie,"Gatineau, Olympiques",Gat,20,https://assets.leaguestat.com/lhjmq/logos/50x50/12.png,"Saint John, Sea Dogs",SNB,19,https://assets.leaguestat.com/lhjmq/logos/50x50/8_214.png,214,qmjhl,2026-27 | Regular Season,,2026,2027,Fri,Oct,10,23,2026,2026-10-23,2026-10-01T16:58:30.022874+00:00
19,18,,"Fri, Oct 23",-,-,7:00 pm EDT,Blainville-Boisbriand,Rimouski,Centre Excellence Sports Rousseau,"Blainville-Boisbriand, Armada",BLB,20,https://assets.leaguestat.com/lhjmq/logos/19.png,"Rimouski, Océanic",Rim,19,https://assets.leaguestat.com/lhjmq/logos/18_214.png,214,qmjhl,2026-27 | Regular Season,,2026,2027,Fri,Oct,10,23,2026,2026-10-23,2026-10-01T16:58:30.022874+00:00
60,1,,"Fri, Oct 23",-,-,7:00 pm EDT,Sherbrooke,Moncton,Palais des Sports Léopold-Drolet,"Sherbrooke, Phœnix",She,20,https://assets.leaguestat.com/lhjmq/logos/50x50/60.png,"Moncton, Wildcats",Mon,19,https://assets.leaguestat.com/lhjmq/logos/1.png,214,qmjhl,2026-27 | Regular Season,,2026,2027,Fri,Oct,10,23,2026,2026-10-23,2026-10-01T16:58:30.022874+00:00
13,18,,"Sat, Oct 24",-,-,4:00 pm EDT,Shawinigan,Rimouski,Centre Gervais Auto,"Shawinigan, Cataractes",Sha,20,https://assets.leaguestat.com/lhjmq/logos/13.png,"Rimouski, Océanic",Rim,19,https://assets.leaguestat.com/lhjmq/logos/18_214.png,214,qmjhl,2026-27 | Regular Season,,2026,2027,Sat,Oct,10,24,2026,2026-10-24,2026-10-01T16:58:30.022874+00:00
14,1,,"Sat, Oct 24",-,-,4:00 pm EDT,Drummondville,Moncton,Centre Marcel Dionne,"Drummondville, Voltigeurs",Dru,20,https://assets.leaguestat.com/lhjmq/logos/50x50/14.png,"Moncton, Wildcats",Mon,19,https://assets.leaguestat.com/lhjmq/logos/1.png,214,qmjhl,2026-27 | Regular Season,,2026,2027,Sat,Oct,10,24,2026,2026-10-24,2026-10-01T16:58:30.022874+00:00
15,9,,"Sat, Oct 24",-,-,4:00 pm EDT,Val-d'Or,Québec,Centre Agnico Eagle,"Val-d'Or, Foreurs",VdO,20,https://assets.leaguestat.com/lhjmq/logos/15.png,"Québec, Remparts",Que,19,https://assets.leaguestat.com/lhjmq/logos/9.png,214,qmjhl,2026-27 | Regular Season,,2026,2027,Sat,Oct,10,24,2026,2026-10-24,2026-10-01T16:58:30.022874+00:00
19,8,,"Sat, Oct 24",-,-,4:00 pm EDT,Blainville-Boisbriand,Saint John,Centre Excellence Sports Rousseau,"Blainville-Boisbriand, Armada",BLB,20,https://assets.leaguestat.com/lhjmq/logos/19.png,"Saint John, Sea Dogs",SNB,19,https://assets.leaguestat.com/lhjmq/logos/50x50/8_214.png,214,qmjhl,2026-27 | Regular Season,,2026,2027,Sat,Oct,10,24,2026,2026-10-24,2026-10-01T16:58:30.022874+00:00
2,17,,"Sat, Oct 24",-,-,7:00 pm NDT,Newfoundland,Victoriaville,Mary Brown's Centre,"Newfoundland, Regiment",NFL,19,https://assets.leaguestat.com/lhjmq/logos/2_214.png,"Victoriaville, Tigres",Vic,20,https://assets.leaguestat.com/lhjmq/logos/17.png,214,qmjhl,2026-27 | Regular Season,,2026,2027,Sat,Oct,10,24,2026,2026-10-24,2026-10-01T16:58:30.022874+00:00
5,7,,"Sat, Oct 24",-,-,7:00 pm ADT,Halifax,Charlottetown,Scotiabank Centre,"Halifax, Mooseheads",Hal,19,https://assets.leaguestat.com/lhjmq/logos/5_214.png,"Charlottetown, Islanders",Cha,19,https://assets.leaguestat.com/lhjmq/logos/7.png,214,qmjhl,2026-27 | Regular Season,,2026,2027,Sat,Oct,10,24,2026,2026-10-24,2026-10-01T16:58:30.022874+00:00
2,17,,"Sun, Oct 25",-,-,3:00 pm NDT,Newfoundland,Victoriaville,Mary Brown's Centre,"Newfoundland, Regiment",NFL,19,https://assets.leaguestat.com/lhjmq/logos/2_214.png,"Victoriaville, Tigres",Vic,20,https://assets.leaguestat.com/lhjmq/logos/17.png,214,qmjhl,2026-27 | Regular Season,,2026,2027,Sun,Oct,10,25,2026,2026-10-25,2026-10-01T16:58:30.022874+00:00
3,7,,"Sun, Oct 25",-,-,3:00 pm ADT,Cape Breton,Charlottetown,Centre 200,"Cape Breton, Eagles",Cap,19,https://assets.leaguestat.com/lhjmq/logos/3.png,"Charlottetown, Islanders",Cha,19,https://assets.leaguestat.com/lhjmq/logos/7.png,214,qmjhl,2026-27 | Regular Season,,2026,2027,Sun,Oct,10,25,2026,2026-10-25,2026-10-01T16:58:30.022874+00:00
12,19,,"Sun, Oct 25",-,-,3:00 pm EDT,Gatineau,Blainville-Boisbriand,Centre Slush Puppie,"Gatineau, Olympiques",Gat,20,https://assets.leaguestat.com/lhjmq/logos/50x50/12.png,"Blainville-Boisbriand, Armada",BLB,20,https://assets.leaguestat.com/lhjmq/logos/19.png,214,qmjhl,2026-27 | Regular Season,,2026,2027,Sun,Oct,10,25,2026,2026-10-25,2026-10-01T16:58:30.022874+00:00
15,9,,"Sun, Oct 25",-,-,3:00 pm EDT,Val-d'Or,Québec,Centre Agnico Eagle,"Val-d'Or, Foreurs",VdO,20,https://assets.leaguestat.com/lhjmq/logos/15.png,"Québec, Remparts",Que,19,https://assets.leaguestat.com/lhjmq/logos/9.png,214,qmjhl,2026-27 | Regular Season,,2026,2027,Sun,Oct,10,25,2026,2026-10-25,2026-10-01T16:58:30.022874+00:00
16,10,,"Sun, Oct 25",-,-,4:00 pm EDT,Baie-Comeau,Chicoutimi,Centre sportif Alcoa,"Baie-Comeau, Drakkar",BaC,19,https://assets.leaguestat.com/lhjmq/logos/16.png,"Chicoutimi, Saguenéens",Chi,19,https://assets.leaguestat.com/lhjmq/logos/10.png,214,qmjhl,2026-27 | Regular Season,,2026,2027,Sun,Oct,10,25,2026,2026-10-25,2026-10-01T16:58:30.022874+00:00
13,1,,"Sun, Oct 25",-,-,4:00 pm EDT,Shawinigan,Moncton,Centre Gervais Auto,"Shawinigan, Cataractes",Sha,20,https://assets.leaguestat.com/lhjmq/logos/13.png,"Moncton, Wildcats",Mon,19,https://assets.leaguestat.com/lhjmq/logos/1.png,214,qmjhl,2026-27 | Regular Season,,2026,2027,Sun,Oct,10,25,2026,2026-10-25,2026-10-01T16:58:30.022874+00:00
14,8,,"Sun, Oct 25",-,-,4:00 pm EDT,Drummondville,Saint John,Centre Marcel Dionne,"Drummondville, Voltigeurs",Dru,20,https://assets.leaguestat.com/lhjmq/logos/50x50/14.png,"Saint John, Sea Dogs",SNB,19,https://assets.leaguestat.com/lhjmq/logos/50x50/8_214.png,214,qmjhl,2026-27 | Regular Season,,2026,2027,Sun,Oct,10,25,2026,2026-10-25,2026-10-01T16:58:30.022874+00:00
12,5,,"Thu, Oct 29",-,-,7:00 pm EDT,Gatineau,Halifax,Centre Slush Puppie,"Gatineau, Olympiques",Gat,20,https://assets.leaguestat.com/lhjmq/logos/50x50/12.png,"Halifax, Mooseheads",Hal,19,https://assets.leaguestat.com/lhjmq/logos/5_214.png,214,qmjhl,2026-27 | Regular Season,,2026,2027,Thu,Oct,10,29,2026,2026-10-29,2026-10-01T16:58:30.022874+00:00
2,7,,"Fri, Oct 30",-,-,7:00 pm NDT,Newfoundland,Charlottetown,Mary Brown's Centre,"Newfoundland, Regiment",NFL,19,https://assets.leaguestat.com/lhjmq/logos/2_214.png,"Charlottetown, Islanders",Cha,19,https://assets.leaguestat.com/lhjmq/logos/7.png,214,qmjhl,2026-27 | Regular Season,,2026,2027,Fri,Oct,10,30,2026,2026-10-30,2026-10-01T16:58:30.022874+00:00
1,3,,"Fri, Oct 30",-,-,7:00 pm ADT,Moncton,Cape Breton,Avenir Centre,"Moncton, Wildcats",Mon,19,https://assets.leaguestat.com/lhjmq/logos/1.png,"Cape Breton, Eagles",Cap,19,https://assets.leaguestat.com/lhjmq/logos/3.png,214,qmjhl,2026-27 | Regular Season,,2026,2027,Fri,Oct,10,30,2026,2026-10-30,2026-10-01T16:58:30.022874+00:00
18,14,,"Fri, Oct 30",-,-,7:00 pm EDT,Rimouski,Drummondville,Colisée Financière Sun Life,"Rimouski, Océanic",Rim,19,https://assets.leaguestat.com/lhjmq/logos/18_214.png,"Drummondville, Voltigeurs",Dru,20,https://assets.leaguestat.com/lhjmq/logos/50x50/14.png,214,qmjhl,2026-27 | Regular Season,,2026,2027,Fri,Oct,10,30,2026,2026-10-30,2026-10-01T16:58:30.022874+00:00
15,13,,"Fri, Oct 30",-,-,7:00 pm EDT,Val-d'Or,Shawinigan,Centre Agnico Eagle,"Val-d'Or, Foreurs",VdO,20,https://assets.leaguestat.com/lhjmq/logos/15.png,"Shawinigan, Cataractes",Sha,20,https://assets.leaguestat.com/lhjmq/logos/13.png,214,qmjhl,2026-27 | Regular Season,,2026,2027,Fri,Oct,10,30,2026,2026-10-30,2026-10-01T16:58:30.022874+00:00
19,12,,"Fri, Oct 30",-,-,7:00 pm EDT,Blainville-Boisbriand,Gatineau,Centre Excellence Sports Rousseau,"Blainville-Boisbriand, Armada",BLB,20,https://assets.leaguestat.com/lhjmq/logos/19.png,"Gatineau, Olympiques",Gat,20,https://assets.leaguestat.com/lhjmq/logos/50x50/12.png,214,qmjhl,2026-27 | Regular Season,,2026,2027,Fri,Oct,10,30,2026,2026-10-30,2026-10-01T16:58:30.022874+00:00
60,10,,"Fri, Oct 30",-,-,7:00 pm EDT,Sherbrooke,Chicoutimi,Palais des Sports Léopold-Drolet,"Sherbrooke, Phœnix",She,20,https://assets.leaguestat.com/lhjmq/logos/50x50/60.png,"Chicoutimi, Saguenéens",Chi,19,https://assets.leaguestat.com/lhjmq/logos/10.png,214,qmjhl,2026-27 | Regular Season,,2026,2027,Fri,Oct,10,30,2026,2026-10-30,2026-10-01T16:58:30.022874+00:00
2,7,,"Sat, Oct 31",-,-,3:00 pm NDT,Newfoundland,Charlottetown,Mary Brown's Centre,"Newfoundland, Regiment",NFL,19,https://assets.leaguestat.com/lhjmq/logos/2_214.png,"Charlottetown, Islanders",Cha,19,https://assets.leaguestat.com/lhjmq/logos/7.png,214,qmjhl,2026-27 | Regular Season,,2026,2027,Sat,Oct,10,31,2026,2026-10-31,2026-10-01T16:58:30.022874+00:00
9,16,,"Sat, Oct 31",-,-,2:00 pm EDT,Québec,Baie-Comeau,Centre Vidéotron,"Québec, Remparts",Que,19,https://assets.leaguestat.com/lhjmq/logos/9.png,"Baie-Comeau, Drakkar",BaC,19,https://assets.leaguestat.com/lhjmq/logos/16.png,214,qmjhl,2026-27 | Regular Season,,2026,2027,Sat,Oct,10,31,2026,2026-10-31,2026-10-01T16:58:30.022874+00:00
11,13,,"Sat, Oct 31",-,-,2:00 pm EDT,Rouyn-Noranda,Shawinigan,Aréna Glencore,"Rouyn-Noranda, Huskies",Rou,20,https://assets.leaguestat.com/lhjmq/logos/50x50/11.png,"Shawinigan, Cataractes",Sha,20,https://assets.leaguestat.com/lhjmq/logos/13.png,214,qmjhl,2026-27 | Regular Season,,2026,2027,Sat,Oct,10,31,2026,2026-10-31,2026-10-01T16:58:30.022874+00:00
19,10,,"Sat, Oct 31",-,-,2:00 pm EDT,Blainville-Boisbriand,Chicoutimi,Centre Excellence Sports Rousseau,"Blainville-Boisbriand, Armada",BLB,20,https://assets.leaguestat.com/lhjmq/logos/19.png,"Chicoutimi, Saguenéens",Chi,19,https://assets.leaguestat.com/lhjmq/logos/10.png,214,qmjhl,2026-27 | Regular Season,,2026,2027,Sat,Oct,10,31,2026,2026-10-31,2026-10-01T16:58:30.022874+00:00
8,1,,"Sat, Oct 31",-,-,4:00 pm ADT,Saint John,Moncton,TD Station,"Saint John, Sea Dogs",SNB,19,https://assets.leaguestat.com/lhjmq/logos/50x50/8_214.png,"Moncton, Wildcats",Mon,19,https://assets.leaguestat.com/lhjmq/logos/1.png,214,qmjhl,2026-27 | Regular Season,,2026,2027,Sat,Oct,10,31,2026,2026-10-31,2026-10-01T16:58:30.022874+00:00
17,5,,"Sat, Oct 31",-,-,4:00 pm EDT,Victoriaville,Halifax,Colisée Desjardins,"Victoriaville, Tigres",Vic,20,https://assets.leaguestat.com/lhjmq/logos/17.png,"Halifax, Mooseheads",Hal,19,https://assets.leaguestat.com/lhjmq/logos/5_214.png,214,qmjhl,2026-27 | Regular Season,,2026,2027,Sat,Oct,10,31,2026,2026-10-31,2026-10-01T16:58:30.022874+00:00
3,8,,"Sun, Nov 1",-,-,3:00 pm AST,Cape Breton,Saint John,Centre 200,"Cape Breton, Eagles",Cap,19,https://assets.leaguestat.com/lhjmq/logos/3.png,"Saint John, Sea Dogs",SNB,19,https://assets.leaguestat.com/lhjmq/logos/50x50/8_214.png,214,qmjhl,2026-27 | Regular Season,,2026,2027,Sun,Nov,11,01,2026,2026-11-01,2026-10-01T16:58:30.022874+00:00
54,15,,"Sun, Nov 1",-,-,2:00 pm EST,North Bay - OHL,Val-d'Or,Boart Longyear Memorial Gardens - North Bay (ON),,,,,"Val-d'Or, Foreurs",VdO,20,https://assets.leaguestat.com/lhjmq/logos/15.png,214,qmjhl,2026-27 | Regular Season,,2026,2027,Sun,Nov,11,01,2026,2026-11-01,2026-10-01T16:58:30.022874+00:00
65,11,,"Sun, Nov 1",-,-,2:05 pm EST,Sudbury - OHL,Rouyn-Noranda,Community Arena - Sudbury (ON),,,,,"Rouyn-Noranda, Huskies",Rou,20,https://assets.leaguestat.com/lhjmq/logos/50x50/11.png,214,qmjhl,2026-27 | Regular Season,,2026,2027,Sun,Nov,11,01,2026,2026-11-01,2026-10-01T16:58:30.022874+00:00
9,16,,"Sun, Nov 1",-,-,3:00 pm EST,Québec,Baie-Comeau,Centre Vidéotron,"Québec, Remparts",Que,19,https://assets.leaguestat.com/lhjmq/logos/9.png,"Baie-Comeau, Drakkar",BaC,19,https://assets.leaguestat.com/lhjmq/logos/16.png,214,qmjhl,2026-27 | Regular Season,,2026,2027,Sun,Nov,11,01,2026,2026-11-01,2026-10-01T16:58:30.022874+00:00
60,5,,"Sun, Nov 1",-,-,3:00 pm EST,Sherbrooke,Halifax,Palais des Sports Léopold-Drolet,"Sherbrooke, Phœnix",She,20,https://assets.leaguestat.com/lhjmq/logos/50x50/60.png,"Halifax, Mooseheads",Hal,19,https://assets.leaguestat.com/lhjmq/logos/5_214.png,214,qmjhl,2026-27 | Regular Season,,2026,2027,Sun,Nov,11,01,2026,2026-11-01,2026-10-01T16:58:30.022874+00:00
14,12,,"Sun, Nov 1",-,-,4:00 pm EST,Drummondville,Gatineau,Centre Marcel Dionne,"Drummondville, Voltigeurs",Dru,20,https://assets.leaguestat.com/lhjmq/logos/50x50/14.png,"Gatineau, Olympiques",Gat,20,https://assets.leaguestat.com/lhjmq/logos/50x50/12.png,214,qmjhl,2026-27 | Regular Season,,2026,2027,Sun,Nov,11,01,2026,2026-11-01,2026-10-01T16:58:30.022874+00:00
17,18,,"Sun, Nov 1",-,-,4:00 pm EST,Victoriaville,Rimouski,Colisée Desjardins,"Victoriaville, Tigres",Vic,20,https://assets.leaguestat.com/lhjmq/logos/17.png,"Rimouski, Océanic",Rim,19,https://assets.leaguestat.com/lhjmq/logos/18_214.png,214,qmjhl,2026-27 | Regular Season,,2026,2027,Sun,Nov,11,01,2026,2026-11-01,2026-10-01T16:58:30.022874+00:00
2,1,,"Thu, Nov 5",-,-,7:00 pm NST,Newfoundland,Moncton,Mary Brown's Centre,"Newfoundland, Regiment",NFL,19,https://assets.leaguestat.com/lhjmq/logos/2_214.png,"Moncton, Wildcats",Mon,19,https://assets.leaguestat.com/lhjmq/logos/1.png,214,qmjhl,2026-27 | Regular Season,,2026,2027,Thu,Nov,11,05,2026,2026-11-05,2026-10-01T16:58:30.022874+00:00
11,12,,"Thu, Nov 5",-,-,7:00 pm EST,Rouyn-Noranda,Gatineau,Aréna Glencore,"Rouyn-Noranda, Huskies",Rou,20,https://assets.leaguestat.com/lhjmq/logos/50x50/11.png,"Gatineau, Olympiques",Gat,20,https://assets.leaguestat.com/lhjmq/logos/50x50/12.png,214,qmjhl,2026-27 | Regular Season,,2026,2027,Thu,Nov,11,05,2026,2026-11-05,2026-10-01T16:58:30.022874+00:00
14,18,,"Thu, Nov 5",-,-,7:00 pm EST,Drummondville,Rimouski,Centre Marcel Dionne,"Drummondville, Voltigeurs",Dru,20,https://assets.leaguestat.com/lhjmq/logos/50x50/14.png,"Rimouski, Océanic",Rim,19,https://assets.leaguestat.com/lhjmq/logos/18_214.png,214,qmjhl,2026-27 | Regular Season,,2026,2027,Thu,Nov,11,05,2026,2026-11-05,2026-10-01T16:58:30.022874+00:00
2,1,,"Fri, Nov 6",-,-,7:00 pm NST,Newfoundland,Moncton,Mary Brown's Centre,"Newfoundland, Regiment",NFL,19,https://assets.leaguestat.com/lhjmq/logos/2_214.png,"Moncton, Wildcats",Mon,19,https://assets.leaguestat.com/lhjmq/logos/1.png,214,qmjhl,2026-27 | Regular Season,,2026,2027,Fri,Nov,11,06,2026,2026-11-06,2026-10-01T16:58:30.022874+00:00
5,3,,"Fri, Nov 6",-,-,7:00 pm AST,Halifax,Cape Breton,Scotiabank Centre,"Halifax, Mooseheads",Hal,19,https://assets.leaguestat.com/lhjmq/logos/5_214.png,"Cape Breton, Eagles",Cap,19,https://assets.leaguestat.com/lhjmq/logos/3.png,214,qmjhl,2026-27 | Regular Season,,2026,2027,Fri,Nov,11,06,2026,2026-11-06,2026-10-01T16:58:30.022874+00:00
9,18,,"Fri, Nov 6",-,-,7:00 pm EST,Québec,Rimouski,Centre Vidéotron,"Québec, Remparts",Que,19,https://assets.leaguestat.com/lhjmq/logos/9.png,"Rimouski, Océanic",Rim,19,https://assets.leaguestat.com/lhjmq/logos/18_214.png,214,qmjhl,2026-27 | Regular Season,,2026,2027,Fri,Nov,11,06,2026,2026-11-06,2026-10-01T16:58:30.022874+00:00
10,19,,"Fri, Nov 6",-,-,7:00 pm EST,Chicoutimi,Blainville-Boisbriand,Centre Georges-Vézina,"Chicoutimi, Saguenéens",Chi,19,https://assets.leaguestat.com/lhjmq/logos/10.png,"Blainville-Boisbriand, Armada",BLB,20,https://assets.leaguestat.com/lhjmq/logos/19.png,214,qmjhl,2026-27 | Regular Season,,2026,2027,Fri,Nov,11,06,2026,2026-11-06,2026-10-01T16:58:30.022874+00:00
11,12,,"Fri, Nov 6",-,-,7:00 pm EST,Rouyn-Noranda,Gatineau,Aréna Glencore,"Rouyn-Noranda, Huskies",Rou,20,https://assets.leaguestat.com/lhjmq/logos/50x50/11.png,"Gatineau, Olympiques",Gat,20,https://assets.leaguestat.com/lhjmq/logos/50x50/12.png,214,qmjhl,2026-27 | Regular Season,,2026,2027,Fri,Nov,11,06,2026,2026-11-06,2026-10-01T16:58:30.022874+00:00
60,13,,"Fri, Nov 6",-,-,7:00 pm EST,Sherbrooke,Shawinigan,Palais des Sports Léopold-Drolet,"Sherbrooke, Phœnix",She,20,https://assets.leaguestat.com/lhjmq/logos/50x50/60.png,"Shawinigan, Cataractes",Sha,20,https://assets.leaguestat.com/lhjmq/logos/13.png,214,qmjhl,2026-27 | Regular Season,,2026,2027,Fri,Nov,11,06,2026,2026-11-06,2026-10-01T16:58:30.022874+00:00
10,14,,"Sat, Nov 7",-,-,4:00 pm EST,Chicoutimi,Drummondville,Centre Georges-Vézina,"Chicoutimi, Saguenéens",Chi,19,https://assets.leaguestat.com/lhjmq/logos/10.png,"Drummondville, Voltigeurs",Dru,20,https://assets.leaguestat.com/lhjmq/logos/50x50/14.png,214,qmjhl,2026-27 | Regular Season,,2026,2027,Sat,Nov,11,07,2026,2026-11-07,2026-10-01T16:58:30.022874+00:00
16,19,,"Sat, Nov 7",-,-,4:00 pm EST,Baie-Comeau,Blainville-Boisbriand,Centre sportif Alcoa,"Baie-Comeau, Drakkar",BaC,19,https://assets.leaguestat.com/lhjmq/logos/16.png,"Blainville-Boisbriand, Armada",BLB,20,https://assets.leaguestat.com/lhjmq/logos/19.png,214,qmjhl,2026-27 | Regular Season,,2026,2027,Sat,Nov,11,07,2026,2026-11-07,2026-10-01T16:58:30.022874+00:00
15,17,,"Sat, Nov 7",-,-,4:00 pm EST,Val-d'Or,Victoriaville,Centre Agnico Eagle,"Val-d'Or, Foreurs",VdO,20,https://assets.leaguestat.com/lhjmq/logos/15.png,"Victoriaville, Tigres",Vic,20,https://assets.leaguestat.com/lhjmq/logos/17.png,214,qmjhl,2026-27 | Regular Season,,2026,2027,Sat,Nov,11,07,2026,2026-11-07,2026-10-01T16:58:30.022874+00:00
5,8,,"Sat, Nov 7",-,-,7:00 pm AST,Halifax,Saint John,Scotiabank Centre,"Halifax, Mooseheads",Hal,19,https://assets.leaguestat.com/lhjmq/logos/5_214.png,"Saint John, Sea Dogs",SNB,19,https://assets.leaguestat.com/lhjmq/logos/50x50/8_214.png,214,qmjhl,2026-27 | Regular Season,,2026,2027,Sat,Nov,11,07,2026,2026-11-07,2026-10-01T16:58:30.022874+00:00
7,3,,"Sat, Nov 7",-,-,7:00 pm AST,Charlottetown,Cape Breton,Eastlink Centre,"Charlottetown, Islanders",Cha,19,https://assets.leaguestat.com/lhjmq/logos/7.png,"Cape Breton, Eagles",Cap,19,https://assets.leaguestat.com/lhjmq/logos/3.png,214,qmjhl,2026-27 | Regular Season,,2026,2027,Sat,Nov,11,07,2026,2026-11-07,2026-10-01T16:58:30.022874+00:00
7,8,,"Sun, Nov 8",-,-,3:00 pm AST,Charlottetown,Saint John,Eastlink Centre,"Charlottetown, Islanders",Cha,19,https://assets.leaguestat.com/lhjmq/logos/7.png,"Saint John, Sea Dogs",SNB,19,https://assets.leaguestat.com/lhjmq/logos/50x50/8_214.png,214,qmjhl,2026-27 | Regular Season,,2026,2027,Sun,Nov,11,08,2026,2026-11-08,2026-10-01T16:58:30.022874+00:00
1,3,,"Sun, Nov 8",-,-,4:00 pm AST,Moncton,Cape Breton,Avenir Centre,"Moncton, Wildcats",Mon,19,https://assets.leaguestat.com/lhjmq/logos/1.png,"Cape Breton, Eagles",Cap,19,https://assets.leaguestat.com/lhjmq/logos/3.png,214,qmjhl,2026-27 | Regular Season,,2026,2027,Sun,Nov,11,08,2026,2026-11-08,2026-10-01T16:58:30.022874+00:00
18,9,,"Sun, Nov 8",-,-,3:00 pm EST,Rimouski,Québec,Colisée Financière Sun Life,"Rimouski, Océanic",Rim,19,https://assets.leaguestat.com/lhjmq/logos/18_214.png,"Québec, Remparts",Que,19,https://assets.leaguestat.com/lhjmq/logos/9.png,214,qmjhl,2026-27 | Regular Season,,2026,2027,Sun,Nov,11,08,2026,2026-11-08,2026-10-01T16:58:30.022874+00:00
15,12,,"Sun, Nov 8",-,-,3:00 pm EST,Val-d'Or,Gatineau,Centre Agnico Eagle,"Val-d'Or, Foreurs",VdO,20,https://assets.leaguestat.com/lhjmq/logos/15.png,"Gatineau, Olympiques",Gat,20,https://assets.leaguestat.com/lhjmq/logos/50x50/12.png,214,qmjhl,2026-27 | Regular Season,,2026,2027,Sun,Nov,11,08,2026,2026-11-08,2026-10-01T16:58:30.022874+00:00
16,14,,"Sun, Nov 8",-,-,4:00 pm EST,Baie-Comeau,Drummondville,Centre sportif Alcoa,"Baie-Comeau, Drakkar",BaC,19,https://assets.leaguestat.com/lhjmq/logos/16.png,"Drummondville, Voltigeurs",Dru,20,https://assets.leaguestat.com/lhjmq/logos/50x50/14.png,214,qmjhl,2026-27 | Regular Season,,2026,2027,Sun,Nov,11,08,2026,2026-11-08,2026-10-01T16:58:30.022874+00:00
11,17,,"Sun, Nov 8",-,-,4:00 pm EST,Rouyn-Noranda,Victoriaville,Aréna Glencore,"Rouyn-Noranda, Huskies",Rou,20,https://assets.leaguestat.com/lhjmq/logos/50x50/11.png,"Victoriaville, Tigres",Vic,20,https://assets.leaguestat.com/lhjmq/logos/17.png,214,qmjhl,2026-27 | Regular Season,,2026,2027,Sun,Nov,11,08,2026,2026-11-08,2026-10-01T16:58:30.022874+00:00
13,60,,"Sun, Nov 8",-,-,4:00 pm EST,Shawinigan,Sherbrooke,Centre Gervais Auto,"Shawinigan, Cataractes",Sha,20,https://assets.leaguestat.com/lhjmq/logos/13.png,"Sherbrooke, Phœnix",She,20,https://assets.leaguestat.com/lhjmq/logos/50x50/60.png,214,qmjhl,2026-27 | Regular Season,,2026,2027,Sun,Nov,11,08,2026,2026-11-08,2026-10-01T16:58:30.022874+00:00
1,9,,"Wed, Nov 11",-,-,7:00 pm AST,Moncton,Québec,Avenir Centre,"Moncton, Wildcats",Mon,19,https://assets.leaguestat.com/lhjmq/logos/1.png,"Québec, Remparts",Que,19,https://assets.leaguestat.com/lhjmq/logos/9.png,214,qmjhl,2026-27 | Regular Season,,2026,2027,Wed,Nov,11,11,2026,2026-11-11,2026-10-01T16:58:30.022874+00:00
8,9,,"Thu, Nov 12",-,-,7:00 pm AST,Saint John,Québec,TD Station,"Saint John, Sea Dogs",SNB,19,https://assets.leaguestat.com/lhjmq/logos/50x50/8_214.png,"Québec, Remparts",Que,19,https://assets.leaguestat.com/lhjmq/logos/9.png,214,qmjhl,2026-27 | Regular Season,,2026,2027,Thu,Nov,11,12,2026,2026-11-12,2026-10-01T16:58:30.022874+00:00
13,14,,"Thu, Nov 12",-,-,7:00 pm EST,Shawinigan,Drummondville,Centre Gervais Auto,"Shawinigan, Cataractes",Sha,20,https://assets.leaguestat.com/lhjmq/logos/13.png,"Drummondville, Voltigeurs",Dru,20,https://assets.leaguestat.com/lhjmq/logos/50x50/14.png,214,qmjhl,2026-27 | Regular Season,,2026,2027,Thu,Nov,11,12,2026,2026-11-12,2026-10-01T16:58:30.022874+00:00
19,16,,"Thu, Nov 12",-,-,7:00 pm EST,Blainville-Boisbriand,Baie-Comeau,Centre Excellence Sports Rousseau,"Blainville-Boisbriand, Armada",BLB,20,https://assets.leaguestat.com/lhjmq/logos/19.png,"Baie-Comeau, Drakkar",BaC,19,https://assets.leaguestat.com/lhjmq/logos/16.png,214,qmjhl,2026-27 | Regular Season,,2026,2027,Thu,Nov,11,12,2026,2026-11-12,2026-10-01T16:58:30.022874+00:00
1,8,,"Fri, Nov 13",-,-,7:00 pm AST,Moncton,Saint John,Avenir Centre,"Moncton, Wildcats",Mon,19,https://assets.leaguestat.com/lhjmq/logos/1.png,"Saint John, Sea Dogs",SNB,19,https://assets.leaguestat.com/lhjmq/logos/50x50/8_214.png,214,qmjhl,2026-27 | Regular Season,,2026,2027,Fri,Nov,11,13,2026,2026-11-13,2026-10-01T16:58:30.022874+00:00
3,2,,"Fri, Nov 13",-,-,7:00 pm AST,Cape Breton,Newfoundland,Centre 200,"Cape Breton, Eagles",Cap,19,https://assets.leaguestat.com/lhjmq/logos/3.png,"Newfoundland, Regiment",NFL,19,https://assets.leaguestat.com/lhjmq/logos/2_214.png,214,qmjhl,2026-27 | Regular Season,,2026,2027,Fri,Nov,11,13,2026,2026-11-13,2026-10-01T16:58:30.022874+00:00
7,18,,"Fri, Nov 13",-,-,7:00 pm AST,Charlottetown,Rimouski,Eastlink Centre,"Charlottetown, Islanders",Cha,19,https://assets.leaguestat.com/lhjmq/logos/7.png,"Rimouski, Océanic",Rim,19,https://assets.leaguestat.com/lhjmq/logos/18_214.png,214,qmjhl,2026-27 | Regular Season,,2026,2027,Fri,Nov,11,13,2026,2026-11-13,2026-10-01T16:58:30.022874+00:00
14,13,,"Fri, Nov 13",-,-,7:00 pm EST,Drummondville,Shawinigan,Centre Marcel Dionne,"Drummondville, Voltigeurs",Dru,20,https://assets.leaguestat.com/lhjmq/logos/50x50/14.png,"Shawinigan, Cataractes",Sha,20,https://assets.leaguestat.com/lhjmq/logos/13.png,214,qmjhl,2026-27 | Regular Season,,2026,2027,Fri,Nov,11,13,2026,2026-11-13,2026-10-01T16:58:30.022874+00:00
15,11,,"Fri, Nov 13",-,-,7:00 pm EST,Val-d'Or,Rouyn-Noranda,Centre Agnico Eagle,"Val-d'Or, Foreurs",VdO,20,https://assets.leaguestat.com/lhjmq/logos/15.png,"Rouyn-Noranda, Huskies",Rou,20,https://assets.leaguestat.com/lhjmq/logos/50x50/11.png,214,qmjhl,2026-27 | Regular Season,,2026,2027,Fri,Nov,11,13,2026,2026-11-13,2026-10-01T16:58:30.022874+00:00
17,16,,"Fri, Nov 13",-,-,7:00 pm EST,Victoriaville,Baie-Comeau,Colisée Desjardins,"Victoriaville, Tigres",Vic,20,https://assets.leaguestat.com/lhjmq/logos/17.png,"Baie-Comeau, Drakkar",BaC,19,https://assets.leaguestat.com/lhjmq/logos/16.png,214,qmjhl,2026-27 | Regular Season,,2026,2027,Fri,Nov,11,13,2026,2026-11-13,2026-10-01T16:58:30.022874+00:00
12,10,,"Sat, Nov 14",-,-,4:00 pm EST,Gatineau,Chicoutimi,Centre Slush Puppie,"Gatineau, Olympiques",Gat,20,https://assets.leaguestat.com/lhjmq/logos/50x50/12.png,"Chicoutimi, Saguenéens",Chi,19,https://assets.leaguestat.com/lhjmq/logos/10.png,214,qmjhl,2026-27 | Regular Season,,2026,2027,Sat,Nov,11,14,2026,2026-11-14,2026-10-01T16:58:30.022874+00:00
15,60,,"Sat, Nov 14",-,-,4:00 pm EST,Val-d'Or,Sherbrooke,Centre Agnico Eagle,"Val-d'Or, Foreurs",VdO,20,https://assets.leaguestat.com/lhjmq/logos/15.png,"Sherbrooke, Phœnix",She,20,https://assets.leaguestat.com/lhjmq/logos/50x50/60.png,214,qmjhl,2026-27 | Regular Season,,2026,2027,Sat,Nov,11,14,2026,2026-11-14,2026-10-01T16:58:30.022874+00:00
17,19,,"Sat, Nov 14",-,-,4:00 pm EST,Victoriaville,Blainville-Boisbriand,Colisée Desjardins,"Victoriaville, Tigres",Vic,20,https://assets.leaguestat.com/lhjmq/logos/17.png,"Blainville-Boisbriand, Armada",BLB,20,https://assets.leaguestat.com/lhjmq/logos/19.png,214,qmjhl,2026-27 | Regular Season,,2026,2027,Sat,Nov,11,14,2026,2026-11-14,2026-10-01T16:58:30.022874+00:00
1,18,,"Sat, Nov 14",-,-,7:00 pm AST,Moncton,Rimouski,Avenir Centre,"Moncton, Wildcats",Mon,19,https://assets.leaguestat.com/lhjmq/logos/1.png,"Rimouski, Océanic",Rim,19,https://assets.leaguestat.com/lhjmq/logos/18_214.png,214,qmjhl,2026-27 | Regular Season,,2026,2027,Sat,Nov,11,14,2026,2026-11-14,2026-10-01T16:58:30.022874+00:00
3,2,,"Sat, Nov 14",-,-,7:00 pm AST,Cape Breton,Newfoundland,Centre 200,"Cape Breton, Eagles",Cap,19,https://assets.leaguestat.com/lhjmq/logos/3.png,"Newfoundland, Regiment",NFL,19,https://assets.leaguestat.com/lhjmq/logos/2_214.png,214,qmjhl,2026-27 | Regular Season,,2026,2027,Sat,Nov,11,14,2026,2026-11-14,2026-10-01T16:58:30.022874+00:00
5,9,,"Sat, Nov 14",-,-,7:00 pm AST,Halifax,Québec,Scotiabank Centre,"Halifax, Mooseheads",Hal,19,https://assets.leaguestat.com/lhjmq/logos/5_214.png,"Québec, Remparts",Que,19,https://assets.leaguestat.com/lhjmq/logos/9.png,214,qmjhl,2026-27 | Regular Season,,2026,2027,Sat,Nov,11,14,2026,2026-11-14,2026-10-01T16:58:30.022874+00:00
5,2,,"Sun, Nov 15",-,-,3:00 pm AST,Halifax,Newfoundland,Scotiabank Centre,"Halifax, Mooseheads",Hal,19,https://assets.leaguestat.com/lhjmq/logos/5_214.png,"Newfoundland, Regiment",NFL,19,https://assets.leaguestat.com/lhjmq/logos/2_214.png,214,qmjhl,2026-27 | Regular Season,,2026,2027,Sun,Nov,11,15,2026,2026-11-15,2026-10-01T16:58:30.022874+00:00
7,9,,"Sun, Nov 15",-,-,3:00 pm AST,Charlottetown,Québec,Eastlink Centre,"Charlottetown, Islanders",Cha,19,https://assets.leaguestat.com/lhjmq/logos/7.png,"Québec, Remparts",Que,19,https://assets.leaguestat.com/lhjmq/logos/9.png,214,qmjhl,2026-27 | Regular Season,,2026,2027,Sun,Nov,11,15,2026,2026-11-15,2026-10-01T16:58:30.022874+00:00
8,18,,"Sun, Nov 15",-,-,3:00 pm AST,Saint John,Rimouski,TD Station,"Saint John, Sea Dogs",SNB,19,https://assets.leaguestat.com/lhjmq/logos/50x50/8_214.png,"Rimouski, Océanic",Rim,19,https://assets.leaguestat.com/lhjmq/logos/18_214.png,214,qmjhl,2026-27 | Regular Season,,2026,2027,Sun,Nov,11,15,2026,2026-11-15,2026-10-01T16:58:30.022874+00:00
19,16,,"Sun, Nov 15",-,-,3:00 pm EST,Blainville-Boisbriand,Baie-Comeau,Centre Excellence Sports Rousseau,"Blainville-Boisbriand, Armada",BLB,20,https://assets.leaguestat.com/lhjmq/logos/19.png,"Baie-Comeau, Drakkar",BaC,19,https://assets.leaguestat.com/lhjmq/logos/16.png,214,qmjhl,2026-27 | Regular Season,,2026,2027,Sun,Nov,11,15,2026,2026-11-15,2026-10-01T16:58:30.022874+00:00
11,60,,"Sun, Nov 15",-,-,4:00 pm EST,Rouyn-Noranda,Sherbrooke,Aréna Glencore,"Rouyn-Noranda, Huskies",Rou,20,https://assets.leaguestat.com/lhjmq/logos/50x50/11.png,"Sherbrooke, Phœnix",She,20,https://assets.leaguestat.com/lhjmq/logos/50x50/60.png,214,qmjhl,2026-27 | Regular Season,,2026,2027,Sun,Nov,11,15,2026,2026-11-15,2026-10-01T16:58:30.022874+00:00
13,12,,"Sun, Nov 15",-,-,4:00 pm EST,Shawinigan,Gatineau,Centre Gervais Auto,"Shawinigan, Cataractes",Sha,20,https://assets.leaguestat.com/lhjmq/logos/13.png,"Gatineau, Olympiques",Gat,20,https://assets.leaguestat.com/lhjmq/logos/50x50/12.png,214,qmjhl,2026-27 | Regular Season,,2026,2027,Sun,Nov,11,15,2026,2026-11-15,2026-10-01T16:58:30.022874+00:00
14,10,,"Sun, Nov 15",-,-,4:00 pm EST,Drummondville,Chicoutimi,Centre Marcel Dionne,"Drummondville, Voltigeurs",Dru,20,https://assets.leaguestat.com/lhjmq/logos/50x50/14.png,"Chicoutimi, Saguenéens",Chi,19,https://assets.leaguestat.com/lhjmq/logos/10.png,214,qmjhl,2026-27 | Regular Season,,2026,2027,Sun,Nov,11,15,2026,2026-11-15,2026-10-01T16:58:30.022874+00:00
17,3,,"Wed, Nov 18",-,-,7:00 pm EST,Victoriaville,Cape Breton,Colisée Desjardins,"Victoriaville, Tigres",Vic,20,https://assets.leaguestat.com/lhjmq/logos/17.png,"Cape Breton, Eagles",Cap,19,https://assets.leaguestat.com/lhjmq/logos/3.png,214,qmjhl,2026-27 | Regular Season,,2026,2027,Wed,Nov,11,18,2026,2026-11-18,2026-10-01T16:58:30.022874+00:00
7,2,,"Thu, Nov 19",-,-,7:00 pm AST,Charlottetown,Newfoundland,Eastlink Centre,"Charlottetown, Islanders",Cha,19,https://assets.leaguestat.com/lhjmq/logos/7.png,"Newfoundland, Regiment",NFL,19,https://assets.leaguestat.com/lhjmq/logos/2_214.png,214,qmjhl,2026-27 | Regular Season,,2026,2027,Thu,Nov,11,19,2026,2026-11-19,2026-10-01T16:58:30.022874+00:00
16,11,,"Thu, Nov 19",-,-,7:00 pm EST,Baie-Comeau,Rouyn-Noranda,Centre sportif Alcoa,"Baie-Comeau, Drakkar",BaC,19,https://assets.leaguestat.com/lhjmq/logos/16.png,"Rouyn-Noranda, Huskies",Rou,20,https://assets.leaguestat.com/lhjmq/logos/50x50/11.png,214,qmjhl,2026-27 | Regular Season,,2026,2027,Thu,Nov,11,19,2026,2026-11-19,2026-10-01T16:58:30.022874+00:00
60,15,,"Thu, Nov 19",-,-,7:00 pm EST,Sherbrooke,Val-d'Or,Palais des Sports Léopold-Drolet,"Sherbrooke, Phœnix",She,20,https://assets.leaguestat.com/lhjmq/logos/50x50/60.png,"Val-d'Or, Foreurs",VdO,20,https://assets.leaguestat.com/lhjmq/logos/15.png,214,qmjhl,2026-27 | Regular Season,,2026,2027,Thu,Nov,11,19,2026,2026-11-19,2026-10-01T16:58:30.022874+00:00
1,8,,"Fri, Nov 20",-,-,7:00 pm AST,Moncton,Saint John,Avenir Centre,"Moncton, Wildcats",Mon,19,https://assets.leaguestat.com/lhjmq/logos/1.png,"Saint John, Sea Dogs",SNB,19,https://assets.leaguestat.com/lhjmq/logos/50x50/8_214.png,214,qmjhl,2026-27 | Regular Season,,2026,2027,Fri,Nov,11,20,2026,2026-11-20,2026-10-01T16:58:30.022874+00:00
7,2,,"Fri, Nov 20",-,-,7:00 pm AST,Charlottetown,Newfoundland,Eastlink Centre,"Charlottetown, Islanders",Cha,19,https://assets.leaguestat.com/lhjmq/logos/7.png,"Newfoundland, Regiment",NFL,19,https://assets.leaguestat.com/lhjmq/logos/2_214.png,214,qmjhl,2026-27 | Regular Season,,2026,2027,Fri,Nov,11,20,2026,2026-11-20,2026-10-01T16:58:30.022874+00:00
9,3,,"Fri, Nov 20",-,-,7:00 pm EST,Québec,Cape Breton,Centre Vidéotron,"Québec, Remparts",Que,19,https://assets.leaguestat.com/lhjmq/logos/9.png,"Cape Breton, Eagles",Cap,19,https://assets.leaguestat.com/lhjmq/logos/3.png,214,qmjhl,2026-27 | Regular Season,,2026,2027,Fri,Nov,11,20,2026,2026-11-20,2026-10-01T16:58:30.022874+00:00
16,11,,"Fri, Nov 20",-,-,7:00 pm EST,Baie-Comeau,Rouyn-Noranda,Centre sportif Alcoa,"Baie-Comeau, Drakkar",BaC,19,https://assets.leaguestat.com/lhjmq/logos/16.png,"Rouyn-Noranda, Huskies",Rou,20,https://assets.leaguestat.com/lhjmq/logos/50x50/11.png,214,qmjhl,2026-27 | Regular Season,,2026,2027,Fri,Nov,11,20,2026,2026-11-20,2026-10-01T16:58:30.022874+00:00
18,17,,"Fri, Nov 20",-,-,7:00 pm EST,Rimouski,Victoriaville,Colisée Financière Sun Life,"Rimouski, Océanic",Rim,19,https://assets.leaguestat.com/lhjmq/logos/18_214.png,"Victoriaville, Tigres",Vic,20,https://assets.leaguestat.com/lhjmq/logos/17.png,214,qmjhl,2026-27 | Regular Season,,2026,2027,Fri,Nov,11,20,2026,2026-11-20,2026-10-01T16:58:30.022874+00:00
12,52,,"Fri, Nov 20",-,-,7:00 pm EST,Gatineau,Ottawa - OHL,Centre Slush Puppie,"Gatineau, Olympiques",Gat,20,https://assets.leaguestat.com/lhjmq/logos/50x50/12.png,,,,,214,qmjhl,2026-27 | Regular Season,,2026,2027,Fri,Nov,11,20,2026,2026-11-20,2026-10-01T16:58:30.022874+00:00
13,60,,"Fri, Nov 20",-,-,7:00 pm EST,Shawinigan,Sherbrooke,Centre Gervais Auto,"Shawinigan, Cataractes",Sha,20,https://assets.leaguestat.com/lhjmq/logos/13.png,"Sherbrooke, Phœnix",She,20,https://assets.leaguestat.com/lhjmq/logos/50x50/60.png,214,qmjhl,2026-27 | Regular Season,,2026,2027,Fri,Nov,11,20,2026,2026-11-20,2026-10-01T16:58:30.022874+00:00
14,15,,"Fri, Nov 20",-,-,7:00 pm EST,Drummondville,Val-d'Or,Centre Marcel Dionne,"Drummondville, Voltigeurs",Dru,20,https://assets.leaguestat.com/lhjmq/logos/50x50/14.png,"Val-d'Or, Foreurs",VdO,20,https://assets.leaguestat.com/lhjmq/logos/15.png,214,qmjhl,2026-27 | Regular Season,,2026,2027,Fri,Nov,11,20,2026,2026-11-20,2026-10-01T16:58:30.022874+00:00
19,5,,"Fri, Nov 20",-,-,7:00 pm EST,Blainville-Boisbriand,Halifax,Centre Excellence Sports Rousseau,"Blainville-Boisbriand, Armada",BLB,20,https://assets.leaguestat.com/lhjmq/logos/19.png,"Halifax, Mooseheads",Hal,19,https://assets.leaguestat.com/lhjmq/logos/5_214.png,214,qmjhl,2026-27 | Regular Season,,2026,2027,Fri,Nov,11,20,2026,2026-11-20,2026-10-01T16:58:30.022874+00:00
8,1,,"Sat, Nov 21",-,-,4:00 pm AST,Saint John,Moncton,TD Station,"Saint John, Sea Dogs",SNB,19,https://assets.leaguestat.com/lhjmq/logos/50x50/8_214.png,"Moncton, Wildcats",Mon,19,https://assets.leaguestat.com/lhjmq/logos/1.png,214,qmjhl,2026-27 | Regular Season,,2026,2027,Sat,Nov,11,21,2026,2026-11-21,2026-10-01T16:58:30.022874+00:00
10,3,,"Sat, Nov 21",-,-,4:00 pm EST,Chicoutimi,Cape Breton,Centre Georges-Vézina,"Chicoutimi, Saguenéens",Chi,19,https://assets.leaguestat.com/lhjmq/logos/10.png,"Cape Breton, Eagles",Cap,19,https://assets.leaguestat.com/lhjmq/logos/3.png,214,qmjhl,2026-27 | Regular Season,,2026,2027,Sat,Nov,11,21,2026,2026-11-21,2026-10-01T16:58:30.022874+00:00
13,5,,"Sat, Nov 21",-,-,4:00 pm EST,Shawinigan,Halifax,Centre Gervais Auto,"Shawinigan, Cataractes",Sha,20,https://assets.leaguestat.com/lhjmq/logos/13.png,"Halifax, Mooseheads",Hal,19,https://assets.leaguestat.com/lhjmq/logos/5_214.png,214,qmjhl,2026-27 | Regular Season,,2026,2027,Sat,Nov,11,21,2026,2026-11-21,2026-10-01T16:58:30.022874+00:00
71,19,,"Sun, Nov 22",-,-,2:05 pm EST,Kingston - OHL,Blainville-Boisbriand,Slush Puppie Place - Kingston (ON),,,,,"Blainville-Boisbriand, Armada",BLB,20,https://assets.leaguestat.com/lhjmq/logos/19.png,214,qmjhl,2026-27 | Regular Season,,2026,2027,Sun,Nov,11,22,2026,2026-11-22,2026-10-01T16:58:30.022874+00:00
1,2,,"Sun, Nov 22",-,-,4:00 pm AST,Moncton,Newfoundland,Avenir Centre,"Moncton, Wildcats",Mon,19,https://assets.leaguestat.com/lhjmq/logos/1.png,"Newfoundland, Regiment",NFL,19,https://assets.leaguestat.com/lhjmq/logos/2_214.png,214,qmjhl,2026-27 | Regular Season,,2026,2027,Sun,Nov,11,22,2026,2026-11-22,2026-10-01T16:58:30.022874+00:00
18,9,,"Sun, Nov 22",-,-,3:00 pm EST,Rimouski,Québec,Colisée Financière Sun Life,"Rimouski, Océanic",Rim,19,https://assets.leaguestat.com/lhjmq/logos/18_214.png,"Québec, Remparts",Que,19,https://assets.leaguestat.com/lhjmq/logos/9.png,214,qmjhl,2026-27 | Regular Season,,2026,2027,Sun,Nov,11,22,2026,2026-11-22,2026-10-01T16:58:30.022874+00:00
52,12,,"Sun, Nov 22",-,-,3:00 pm EST,Ottawa - OHL,Gatineau,TD Place - Ottawa (ON),,,,,"Gatineau, Olympiques",Gat,20,https://assets.leaguestat.com/lhjmq/logos/50x50/12.png,214,qmjhl,2026-27 | Regular Season,,2026,2027,Sun,Nov,11,22,2026,2026-11-22,2026-10-01T16:58:30.022874+00:00
60,17,,"Sun, Nov 22",-,-,3:00 pm EST,Sherbrooke,Victoriaville,Palais des Sports Léopold-Drolet,"Sherbrooke, Phœnix",She,20,https://assets.leaguestat.com/lhjmq/logos/50x50/60.png,"Victoriaville, Tigres",Vic,20,https://assets.leaguestat.com/lhjmq/logos/17.png,214,qmjhl,2026-27 | Regular Season,,2026,2027,Sun,Nov,11,22,2026,2026-11-22,2026-10-01T16:58:30.022874+00:00
10,11,,"Sun, Nov 22",-,-,4:00 pm EST,Chicoutimi,Rouyn-Noranda,Centre Georges-Vézina,"Chicoutimi, Saguenéens",Chi,19,https://assets.leaguestat.com/lhjmq/logos/10.png,"Rouyn-Noranda, Huskies",Rou,20,https://assets.leaguestat.com/lhjmq/logos/50x50/11.png,214,qmjhl,2026-27 | Regular Season,,2026,2027,Sun,Nov,11,22,2026,2026-11-22,2026-10-01T16:58:30.022874+00:00
14,5,,"Sun, Nov 22",-,-,4:00 pm EST,Drummondville,Halifax,Centre Marcel Dionne,"Drummondville, Voltigeurs",Dru,20,https://assets.leaguestat.com/lhjmq/logos/50x50/14.png,"Halifax, Mooseheads",Hal,19,https://assets.leaguestat.com/lhjmq/logos/5_214.png,214,qmjhl,2026-27 | Regular Season,,2026,2027,Sun,Nov,11,22,2026,2026-11-22,2026-10-01T16:58:30.022874+00:00
14,13,,"Wed, Nov 25",-,-,7:00 pm EST,Drummondville,Shawinigan,Centre Marcel Dionne,"Drummondville, Voltigeurs",Dru,20,https://assets.leaguestat.com/lhjmq/logos/50x50/14.png,"Shawinigan, Cataractes",Sha,20,https://assets.leaguestat.com/lhjmq/logos/13.png,214,qmjhl,2026-27 | Regular Season,,2026,2027,Wed,Nov,11,25,2026,2026-11-25,2026-10-01T16:58:30.022874+00:00
60,7,,"Wed, Nov 25",-,-,7:00 pm EST,Sherbrooke,Charlottetown,Palais des Sports Léopold-Drolet,"Sherbrooke, Phœnix",She,20,https://assets.leaguestat.com/lhjmq/logos/50x50/60.png,"Charlottetown, Islanders",Cha,19,https://assets.leaguestat.com/lhjmq/logos/7.png,214,qmjhl,2026-27 | Regular Season,,2026,2027,Wed,Nov,11,25,2026,2026-11-25,2026-10-01T16:58:30.022874+00:00
2,10,,"Thu, Nov 26",-,-,7:00 pm NST,Newfoundland,Chicoutimi,Mary Brown's Centre,"Newfoundland, Regiment",NFL,19,https://assets.leaguestat.com/lhjmq/logos/2_214.png,"Chicoutimi, Saguenéens",Chi,19,https://assets.leaguestat.com/lhjmq/logos/10.png,214,qmjhl,2026-27 | Regular Season,,2026,2027,Thu,Nov,11,26,2026,2026-11-26,2026-10-01T16:58:30.022874+00:00
3,19,,"Thu, Nov 26",-,-,7:00 pm AST,Cape Breton,Blainville-Boisbriand,Centre 200,"Cape Breton, Eagles",Cap,19,https://assets.leaguestat.com/lhjmq/logos/3.png,"Blainville-Boisbriand, Armada",BLB,20,https://assets.leaguestat.com/lhjmq/logos/19.png,214,qmjhl,2026-27 | Regular Season,,2026,2027,Thu,Nov,11,26,2026,2026-11-26,2026-10-01T16:58:30.022874+00:00
12,7,,"Thu, Nov 26",-,-,7:00 pm EST,Gatineau,Charlottetown,Centre Slush Puppie,"Gatineau, Olympiques",Gat,20,https://assets.leaguestat.com/lhjmq/logos/50x50/12.png,"Charlottetown, Islanders",Cha,19,https://assets.leaguestat.com/lhjmq/logos/7.png,214,qmjhl,2026-27 | Regular Season,,2026,2027,Thu,Nov,11,26,2026,2026-11-26,2026-10-01T16:58:30.022874+00:00
15,8,,"Thu, Nov 26",-,-,7:00 pm EST,Val-d'Or,Saint John,Centre Agnico Eagle,"Val-d'Or, Foreurs",VdO,20,https://assets.leaguestat.com/lhjmq/logos/15.png,"Saint John, Sea Dogs",SNB,19,https://assets.leaguestat.com/lhjmq/logos/50x50/8_214.png,214,qmjhl,2026-27 | Regular Season,,2026,2027,Thu,Nov,11,26,2026,2026-11-26,2026-10-01T16:58:30.022874+00:00
2,10,,"Fri, Nov 27",-,-,7:00 pm NST,Newfoundland,Chicoutimi,Mary Brown's Centre,"Newfoundland, Regiment",NFL,19,https://assets.leaguestat.com/lhjmq/logos/2_214.png,"Chicoutimi, Saguenéens",Chi,19,https://assets.leaguestat.com/lhjmq/logos/10.png,214,qmjhl,2026-27 | Regular Season,,2026,2027,Fri,Nov,11,27,2026,2026-11-27,2026-10-01T16:58:30.022874+00:00
3,19,,"Fri, Nov 27",-,-,7:00 pm AST,Cape Breton,Blainville-Boisbriand,Centre 200,"Cape Breton, Eagles",Cap,19,https://assets.leaguestat.com/lhjmq/logos/3.png,"Blainville-Boisbriand, Armada",BLB,20,https://assets.leaguestat.com/lhjmq/logos/19.png,214,qmjhl,2026-27 | Regular Season,,2026,2027,Fri,Nov,11,27,2026,2026-11-27,2026-10-01T16:58:30.022874+00:00
5,1,,"Fri, Nov 27",-,-,7:00 pm AST,Halifax,Moncton,Scotiabank Centre,"Halifax, Mooseheads",Hal,19,https://assets.leaguestat.com/lhjmq/logos/5_214.png,"Moncton, Wildcats",Mon,19,https://assets.leaguestat.com/lhjmq/logos/1.png,214,qmjhl,2026-27 | Regular Season,,2026,2027,Fri,Nov,11,27,2026,2026-11-27,2026-10-01T16:58:30.022874+00:00
9,14,,"Fri, Nov 27",-,-,7:00 pm EST,Québec,Drummondville,Centre Vidéotron,"Québec, Remparts",Que,19,https://assets.leaguestat.com/lhjmq/logos/9.png,"Drummondville, Voltigeurs",Dru,20,https://assets.leaguestat.com/lhjmq/logos/50x50/14.png,214,qmjhl,2026-27 | Regular Season,,2026,2027,Fri,Nov,11,27,2026,2026-11-27,2026-10-01T16:58:30.022874+00:00
18,60,,"Fri, Nov 27",-,-,7:00 pm EST,Rimouski,Sherbrooke,Colisée Financière Sun Life,"Rimouski, Océanic",Rim,19,https://assets.leaguestat.com/lhjmq/logos/18_214.png,"Sherbrooke, Phœnix",She,20,https://assets.leaguestat.com/lhjmq/logos/50x50/60.png,214,qmjhl,2026-27 | Regular Season,,2026,2027,Fri,Nov,11,27,2026,2026-11-27,2026-10-01T16:58:30.022874+00:00
11,8,,"Fri, Nov 27",-,-,7:00 pm EST,Rouyn-Noranda,Saint John,Aréna Glencore,"Rouyn-Noranda, Huskies",Rou,20,https://assets.leaguestat.com/lhjmq/logos/50x50/11.png,"Saint John, Sea Dogs",SNB,19,https://assets.leaguestat.com/lhjmq/logos/50x50/8_214.png,214,qmjhl,2026-27 | Regular Season,,2026,2027,Fri,Nov,11,27,2026,2026-11-27,2026-10-01T16:58:30.022874+00:00
12,17,,"Fri, Nov 27",-,-,7:00 pm EST,Gatineau,Victoriaville,Centre Slush Puppie,"Gatineau, Olympiques",Gat,20,https://assets.leaguestat.com/lhjmq/logos/50x50/12.png,"Victoriaville, Tigres",Vic,20,https://assets.leaguestat.com/lhjmq/logos/17.png,214,qmjhl,2026-27 | Regular Season,,2026,2027,Fri,Nov,11,27,2026,2026-11-27,2026-10-01T16:58:30.022874+00:00
13,16,,"Fri, Nov 27",-,-,7:00 pm EST,Shawinigan,Baie-Comeau,Centre Gervais Auto,"Shawinigan, Cataractes",Sha,20,https://assets.leaguestat.com/lhjmq/logos/13.png,"Baie-Comeau, Drakkar",BaC,19,https://assets.leaguestat.com/lhjmq/logos/16.png,214,qmjhl,2026-27 | Regular Season,,2026,2027,Fri,Nov,11,27,2026,2026-11-27,2026-10-01T16:58:30.022874+00:00
18,60,,"Sat, Nov 28",-,-,4:00 pm EST,Rimouski,Sherbrooke,Colisée Financière Sun Life,"Rimouski, Océanic",Rim,19,https://assets.leaguestat.com/lhjmq/logos/18_214.png,"Sherbrooke, Phœnix",She,20,https://assets.leaguestat.com/lhjmq/logos/50x50/60.png,214,qmjhl,2026-27 | Regular Season,,2026,2027,Sat,Nov,11,28,2026,2026-11-28,2026-10-01T16:58:30.022874+00:00
13,16,,"Sat, Nov 28",-,-,4:00 pm EST,Shawinigan,Baie-Comeau,Centre Gervais Auto,"Shawinigan, Cataractes",Sha,20,https://assets.leaguestat.com/lhjmq/logos/13.png,"Baie-Comeau, Drakkar",BaC,19,https://assets.leaguestat.com/lhjmq/logos/16.png,214,qmjhl,2026-27 | Regular Season,,2026,2027,Sat,Nov,11,28,2026,2026-11-28,2026-10-01T16:58:30.022874+00:00
15,7,,"Sat, Nov 28",-,-,4:00 pm EST,Val-d'Or,Charlottetown,Centre Agnico Eagle,"Val-d'Or, Foreurs",VdO,20,https://assets.leaguestat.com/lhjmq/logos/15.png,"Charlottetown, Islanders",Cha,19,https://assets.leaguestat.com/lhjmq/logos/7.png,214,qmjhl,2026-27 | Regular Season,,2026,2027,Sat,Nov,11,28,2026,2026-11-28,2026-10-01T16:58:30.022874+00:00
5,19,,"Sun, Nov 29",-,-,2:00 pm AST,Halifax,Blainville-Boisbriand,Scotiabank Centre,"Halifax, Mooseheads",Hal,19,https://assets.leaguestat.com/lhjmq/logos/5_214.png,"Blainville-Boisbriand, Armada",BLB,20,https://assets.leaguestat.com/lhjmq/logos/19.png,214,qmjhl,2026-27 | Regular Season,,2026,2027,Sun,Nov,11,29,2026,2026-11-29,2026-10-01T16:58:30.022874+00:00
3,1,,"Sun, Nov 29",-,-,3:00 pm AST,Cape Breton,Moncton,Centre 200,"Cape Breton, Eagles",Cap,19,https://assets.leaguestat.com/lhjmq/logos/3.png,"Moncton, Wildcats",Mon,19,https://assets.leaguestat.com/lhjmq/logos/1.png,214,qmjhl,2026-27 | Regular Season,,2026,2027,Sun,Nov,11,29,2026,2026-11-29,2026-10-01T16:58:30.022874+00:00
9,10,,"Sun, Nov 29",-,-,3:00 pm EST,Québec,Chicoutimi,Centre Vidéotron,"Québec, Remparts",Que,19,https://assets.leaguestat.com/lhjmq/logos/9.png,"Chicoutimi, Saguenéens",Chi,19,https://assets.leaguestat.com/lhjmq/logos/10.png,214,qmjhl,2026-27 | Regular Season,,2026,2027,Sun,Nov,11,29,2026,2026-11-29,2026-10-01T16:58:30.022874+00:00
12,14,,"Sun, Nov 29",-,-,3:00 pm EST,Gatineau,Drummondville,Centre Slush Puppie,"Gatineau, Olympiques",Gat,20,https://assets.leaguestat.com/lhjmq/logos/50x50/12.png,"Drummondville, Voltigeurs",Dru,20,https://assets.leaguestat.com/lhjmq/logos/50x50/14.png,214,qmjhl,2026-27 | Regular Season,,2026,2027,Sun,Nov,11,29,2026,2026-11-29,2026-10-01T16:58:30.022874+00:00
11,7,,"Sun, Nov 29",-,-,4:00 pm EST,Rouyn-Noranda,Charlottetown,Aréna Glencore,"Rouyn-Noranda, Huskies",Rou,20,https://assets.leaguestat.com/lhjmq/logos/50x50/11.png,"Charlottetown, Islanders",Cha,19,https://assets.leaguestat.com/lhjmq/logos/7.png,214,qmjhl,2026-27 | Regular Season,,2026,2027,Sun,Nov,11,29,2026,2026-11-29,2026-10-01T16:58:30.022874+00:00
17,8,,"Sun, Nov 29",-,-,4:00 pm EST,Victoriaville,Saint John,Colisée Desjardins,"Victoriaville, Tigres",Vic,20,https://assets.leaguestat.com/lhjmq/logos/17.png,"Saint John, Sea Dogs",SNB,19,https://assets.leaguestat.com/lhjmq/logos/50x50/8_214.png,214,qmjhl,2026-27 | Regular Season,,2026,2027,Sun,Nov,11,29,2026,2026-11-29,2026-10-01T16:58:30.022874+00:00
14,60,,"Thu, Dec 3",-,-,7:00 pm EST,Drummondville,Sherbrooke,Centre Marcel Dionne,"Drummondville, Voltigeurs",Dru,20,https://assets.leaguestat.com/lhjmq/logos/50x50/14.png,"Sherbrooke, Phœnix",She,20,https://assets.leaguestat.com/lhjmq/logos/50x50/60.png,214,qmjhl,2026-27 | Regular Season,,2026,2027,Thu,Dec,12,03,2026,2026-12-03,2026-10-01T16:58:30.022874+00:00
1,16,,"Fri, Dec 4",-,-,7:00 pm AST,Moncton,Baie-Comeau,Avenir Centre,"Moncton, Wildcats",Mon,19,https://assets.leaguestat.com/lhjmq/logos/1.png,"Baie-Comeau, Drakkar",BaC,19,https://assets.leaguestat.com/lhjmq/logos/16.png,214,qmjhl,2026-27 | Regular Season,,2026,2027,Fri,Dec,12,04,2026,2026-12-04,2026-10-01T16:58:30.022874+00:00
7,12,,"Fri, Dec 4",-,-,7:00 pm AST,Charlottetown,Gatineau,Eastlink Centre,"Charlottetown, Islanders",Cha,19,https://assets.leaguestat.com/lhjmq/logos/7.png,"Gatineau, Olympiques",Gat,20,https://assets.leaguestat.com/lhjmq/logos/50x50/12.png,214,qmjhl,2026-27 | Regular Season,,2026,2027,Fri,Dec,12,04,2026,2026-12-04,2026-10-01T16:58:30.022874+00:00
8,5,,"Fri, Dec 4",-,-,7:00 pm AST,Saint John,Halifax,TD Station,"Saint John, Sea Dogs",SNB,19,https://assets.leaguestat.com/lhjmq/logos/50x50/8_214.png,"Halifax, Mooseheads",Hal,19,https://assets.leaguestat.com/lhjmq/logos/5_214.png,214,qmjhl,2026-27 | Regular Season,,2026,2027,Fri,Dec,12,04,2026,2026-12-04,2026-10-01T16:58:30.022874+00:00
10,18,,"Fri, Dec 4",-,-,7:00 pm EST,Chicoutimi,Rimouski,Centre Georges-Vézina,"Chicoutimi, Saguenéens",Chi,19,https://assets.leaguestat.com/lhjmq/logos/10.png,"Rimouski, Océanic",Rim,19,https://assets.leaguestat.com/lhjmq/logos/18_214.png,214,qmjhl,2026-27 | Regular Season,,2026,2027,Fri,Dec,12,04,2026,2026-12-04,2026-10-01T16:58:30.022874+00:00
17,15,,"Fri, Dec 4",-,-,7:00 pm EST,Victoriaville,Val-d'Or,Colisée Desjardins,"Victoriaville, Tigres",Vic,20,https://assets.leaguestat.com/lhjmq/logos/17.png,"Val-d'Or, Foreurs",VdO,20,https://assets.leaguestat.com/lhjmq/logos/15.png,214,qmjhl,2026-27 | Regular Season,,2026,2027,Fri,Dec,12,04,2026,2026-12-04,2026-10-01T16:58:30.022874+00:00
19,13,,"Fri, Dec 4",-,-,7:00 pm EST,Blainville-Boisbriand,Shawinigan,Centre Excellence Sports Rousseau,"Blainville-Boisbriand, Armada",BLB,20,https://assets.leaguestat.com/lhjmq/logos/19.png,"Shawinigan, Cataractes",Sha,20,https://assets.leaguestat.com/lhjmq/logos/13.png,214,qmjhl,2026-27 | Regular Season,,2026,2027,Fri,Dec,12,04,2026,2026-12-04,2026-10-01T16:58:30.022874+00:00
8,16,,"Sat, Dec 5",-,-,4:00 pm AST,Saint John,Baie-Comeau,TD Station,"Saint John, Sea Dogs",SNB,19,https://assets.leaguestat.com/lhjmq/logos/50x50/8_214.png,"Baie-Comeau, Drakkar",BaC,19,https://assets.leaguestat.com/lhjmq/logos/16.png,214,qmjhl,2026-27 | Regular Season,,2026,2027,Sat,Dec,12,05,2026,2026-12-05,2026-10-01T16:58:30.022874+00:00
9,11,,"Sat, Dec 5",-,-,4:00 pm EST,Québec,Rouyn-Noranda,Centre Vidéotron,"Québec, Remparts",Que,19,https://assets.leaguestat.com/lhjmq/logos/9.png,"Rouyn-Noranda, Huskies",Rou,20,https://assets.leaguestat.com/lhjmq/logos/50x50/11.png,214,qmjhl,2026-27 | Regular Season,,2026,2027,Sat,Dec,12,05,2026,2026-12-05,2026-10-01T16:58:30.022874+00:00
10,18,,"Sat, Dec 5",-,-,4:00 pm EST,Chicoutimi,Rimouski,Centre Georges-Vézina,"Chicoutimi, Saguenéens",Chi,19,https://assets.leaguestat.com/lhjmq/logos/10.png,"Rimouski, Océanic",Rim,19,https://assets.leaguestat.com/lhjmq/logos/18_214.png,214,qmjhl,2026-27 | Regular Season,,2026,2027,Sat,Dec,12,05,2026,2026-12-05,2026-10-01T16:58:30.022874+00:00
14,17,,"Sat, Dec 5",-,-,4:00 pm EST,Drummondville,Victoriaville,Centre Marcel Dionne,"Drummondville, Voltigeurs",Dru,20,https://assets.leaguestat.com/lhjmq/logos/50x50/14.png,"Victoriaville, Tigres",Vic,20,https://assets.leaguestat.com/lhjmq/logos/17.png,214,qmjhl,2026-27 | Regular Season,,2026,2027,Sat,Dec,12,05,2026,2026-12-05,2026-10-01T16:58:30.022874+00:00
60,15,,"Sat, Dec 5",-,-,4:00 pm EST,Sherbrooke,Val-d'Or,Palais des Sports Léopold-Drolet,"Sherbrooke, Phœnix",She,20,https://assets.leaguestat.com/lhjmq/logos/50x50/60.png,"Val-d'Or, Foreurs",VdO,20,https://assets.leaguestat.com/lhjmq/logos/15.png,214,qmjhl,2026-27 | Regular Season,,2026,2027,Sat,Dec,12,05,2026,2026-12-05,2026-10-01T16:58:30.022874+00:00
2,3,,"Sat, Dec 5",-,-,7:00 pm NST,Newfoundland,Cape Breton,Mary Brown's Centre,"Newfoundland, Regiment",NFL,19,https://assets.leaguestat.com/lhjmq/logos/2_214.png,"Cape Breton, Eagles",Cap,19,https://assets.leaguestat.com/lhjmq/logos/3.png,214,qmjhl,2026-27 | Regular Season,,2026,2027,Sat,Dec,12,05,2026,2026-12-05,2026-10-01T16:58:30.022874+00:00
1,12,,"Sat, Dec 5",-,-,7:00 pm AST,Moncton,Gatineau,Avenir Centre,"Moncton, Wildcats",Mon,19,https://assets.leaguestat.com/lhjmq/logos/1.png,"Gatineau, Olympiques",Gat,20,https://assets.leaguestat.com/lhjmq/logos/50x50/12.png,214,qmjhl,2026-27 | Regular Season,,2026,2027,Sat,Dec,12,05,2026,2026-12-05,2026-10-01T16:58:30.022874+00:00
2,3,,"Sun, Dec 6",-,-,3:00 pm NST,Newfoundland,Cape Breton,Mary Brown's Centre,"Newfoundland, Regiment",NFL,19,https://assets.leaguestat.com/lhjmq/logos/2_214.png,"Cape Breton, Eagles",Cap,19,https://assets.leaguestat.com/lhjmq/logos/3.png,214,qmjhl,2026-27 | Regular Season,,2026,2027,Sun,Dec,12,06,2026,2026-12-06,2026-10-01T16:58:30.022874+00:00
5,12,,"Sun, Dec 6",-,-,3:00 pm AST,Halifax,Gatineau,Scotiabank Centre,"Halifax, Mooseheads",Hal,19,https://assets.leaguestat.com/lhjmq/logos/5_214.png,"Gatineau, Olympiques",Gat,20,https://assets.leaguestat.com/lhjmq/logos/50x50/12.png,214,qmjhl,2026-27 | Regular Season,,2026,2027,Sun,Dec,12,06,2026,2026-12-06,2026-10-01T16:58:30.022874+00:00
7,16,,"Sun, Dec 6",-,-,3:00 pm AST,Charlottetown,Baie-Comeau,Eastlink Centre,"Charlottetown, Islanders",Cha,19,https://assets.leaguestat.com/lhjmq/logos/7.png,"Baie-Comeau, Drakkar",BaC,19,https://assets.leaguestat.com/lhjmq/logos/16.png,214,qmjhl,2026-27 | Regular Season,,2026,2027,Sun,Dec,12,06,2026,2026-12-06,2026-10-01T16:58:30.022874+00:00
9,17,,"Sun, Dec 6",-,-,3:00 pm EST,Québec,Victoriaville,Centre Vidéotron,"Québec, Remparts",Que,19,https://assets.leaguestat.com/lhjmq/logos/9.png,"Victoriaville, Tigres",Vic,20,https://assets.leaguestat.com/lhjmq/logos/17.png,214,qmjhl,2026-27 | Regular Season,,2026,2027,Sun,Dec,12,06,2026,2026-12-06,2026-10-01T16:58:30.022874+00:00
19,15,,"Sun, Dec 6",-,-,3:00 pm EST,Blainville-Boisbriand,Val-d'Or,Centre Excellence Sports Rousseau,"Blainville-Boisbriand, Armada",BLB,20,https://assets.leaguestat.com/lhjmq/logos/19.png,"Val-d'Or, Foreurs",VdO,20,https://assets.leaguestat.com/lhjmq/logos/15.png,214,qmjhl,2026-27 | Regular Season,,2026,2027,Sun,Dec,12,06,2026,2026-12-06,2026-10-01T16:58:30.022874+00:00
60,11,,"Sun, Dec 6",-,-,3:00 pm EST,Sherbrooke,Rouyn-Noranda,Palais des Sports Léopold-Drolet,"Sherbrooke, Phœnix",She,20,https://assets.leaguestat.com/lhjmq/logos/50x50/60.png,"Rouyn-Noranda, Huskies",Rou,20,https://assets.leaguestat.com/lhjmq/logos/50x50/11.png,214,qmjhl,2026-27 | Regular Season,,2026,2027,Sun,Dec,12,06,2026,2026-12-06,2026-10-01T16:58:30.022874+00:00
13,14,,"Sun, Dec 6",-,-,4:00 pm EST,Shawinigan,Drummondville,Centre Gervais Auto,"Shawinigan, Cataractes",Sha,20,https://assets.leaguestat.com/lhjmq/logos/13.png,"Drummondville, Voltigeurs",Dru,20,https://assets.leaguestat.com/lhjmq/logos/50x50/14.png,214,qmjhl,2026-27 | Regular Season,,2026,2027,Sun,Dec,12,06,2026,2026-12-06,2026-10-01T16:58:30.022874+00:00
8,2,,"Wed, Dec 9",-,-,7:00 pm AST,Saint John,Newfoundland,TD Station,"Saint John, Sea Dogs",SNB,19,https://assets.leaguestat.com/lhjmq/logos/50x50/8_214.png,"Newfoundland, Regiment",NFL,19,https://assets.leaguestat.com/lhjmq/logos/2_214.png,214,qmjhl,2026-27 | Regular Season,,2026,2027,Wed,Dec,12,09,2026,2026-12-09,2026-10-01T16:58:30.022874+00:00
3,5,,"Thu, Dec 10",-,-,7:00 pm AST,Cape Breton,Halifax,Centre 200,"Cape Breton, Eagles",Cap,19,https://assets.leaguestat.com/lhjmq/logos/3.png,"Halifax, Mooseheads",Hal,19,https://assets.leaguestat.com/lhjmq/logos/5_214.png,214,qmjhl,2026-27 | Regular Season,,2026,2027,Thu,Dec,12,10,2026,2026-12-10,2026-10-01T16:58:30.022874+00:00
16,9,,"Thu, Dec 10",-,-,7:00 pm EST,Baie-Comeau,Québec,Centre sportif Alcoa,"Baie-Comeau, Drakkar",BaC,19,https://assets.leaguestat.com/lhjmq/logos/16.png,"Québec, Remparts",Que,19,https://assets.leaguestat.com/lhjmq/logos/9.png,214,qmjhl,2026-27 | Regular Season,,2026,2027,Thu,Dec,12,10,2026,2026-12-10,2026-10-01T16:58:30.022874+00:00
11,10,,"Thu, Dec 10",-,-,7:00 pm EST,Rouyn-Noranda,Chicoutimi,Aréna Glencore,"Rouyn-Noranda, Huskies",Rou,20,https://assets.leaguestat.com/lhjmq/logos/50x50/11.png,"Chicoutimi, Saguenéens",Chi,19,https://assets.leaguestat.com/lhjmq/logos/10.png,214,qmjhl,2026-27 | Regular Season,,2026,2027,Thu,Dec,12,10,2026,2026-12-10,2026-10-01T16:58:30.022874+00:00
12,1,,"Thu, Dec 10",-,-,7:00 pm EST,Gatineau,Moncton,Centre Slush Puppie,"Gatineau, Olympiques",Gat,20,https://assets.leaguestat.com/lhjmq/logos/50x50/12.png,"Moncton, Wildcats",Mon,19,https://assets.leaguestat.com/lhjmq/logos/1.png,214,qmjhl,2026-27 | Regular Season,,2026,2027,Thu,Dec,12,10,2026,2026-12-10,2026-10-01T16:58:30.022874+00:00
3,7,,"Fri, Dec 11",-,-,7:00 pm AST,Cape Breton,Charlottetown,Centre 200,"Cape Breton, Eagles",Cap,19,https://assets.leaguestat.com/lhjmq/logos/3.png,"Charlottetown, Islanders",Cha,19,https://assets.leaguestat.com/lhjmq/logos/7.png,214,qmjhl,2026-27 | Regular Season,,2026,2027,Fri,Dec,12,11,2026,2026-12-11,2026-10-01T16:58:30.022874+00:00
16,9,,"Fri, Dec 11",-,-,7:00 pm EST,Baie-Comeau,Québec,Centre sportif Alcoa,"Baie-Comeau, Drakkar",BaC,19,https://assets.leaguestat.com/lhjmq/logos/16.png,"Québec, Remparts",Que,19,https://assets.leaguestat.com/lhjmq/logos/9.png,214,qmjhl,2026-27 | Regular Season,,2026,2027,Fri,Dec,12,11,2026,2026-12-11,2026-10-01T16:58:30.022874+00:00
18,19,,"Fri, Dec 11",-,-,7:00 pm EST,Rimouski,Blainville-Boisbriand,Colisée Financière Sun Life,"Rimouski, Océanic",Rim,19,https://assets.leaguestat.com/lhjmq/logos/18_214.png,"Blainville-Boisbriand, Armada",BLB,20,https://assets.leaguestat.com/lhjmq/logos/19.png,214,qmjhl,2026-27 | Regular Season,,2026,2027,Fri,Dec,12,11,2026,2026-12-11,2026-10-01T16:58:30.022874+00:00
13,17,,"Fri, Dec 11",-,-,7:00 pm EST,Shawinigan,Victoriaville,Centre Gervais Auto,"Shawinigan, Cataractes",Sha,20,https://assets.leaguestat.com/lhjmq/logos/13.png,"Victoriaville, Tigres",Vic,20,https://assets.leaguestat.com/lhjmq/logos/17.png,214,qmjhl,2026-27 | Regular Season,,2026,2027,Fri,Dec,12,11,2026,2026-12-11,2026-10-01T16:58:30.022874+00:00
14,60,,"Fri, Dec 11",-,-,7:00 pm EST,Drummondville,Sherbrooke,Centre Marcel Dionne,"Drummondville, Voltigeurs",Dru,20,https://assets.leaguestat.com/lhjmq/logos/50x50/14.png,"Sherbrooke, Phœnix",She,20,https://assets.leaguestat.com/lhjmq/logos/50x50/60.png,214,qmjhl,2026-27 | Regular Season,,2026,2027,Fri,Dec,12,11,2026,2026-12-11,2026-10-01T16:58:30.022874+00:00
15,10,,"Fri, Dec 11",-,-,7:00 pm EST,Val-d'Or,Chicoutimi,Centre Agnico Eagle,"Val-d'Or, Foreurs",VdO,20,https://assets.leaguestat.com/lhjmq/logos/15.png,"Chicoutimi, Saguenéens",Chi,19,https://assets.leaguestat.com/lhjmq/logos/10.png,214,qmjhl,2026-27 | Regular Season,,2026,2027,Fri,Dec,12,11,2026,2026-12-11,2026-10-01T16:58:30.022874+00:00
18,19,,"Sat, Dec 12",-,-,4:00 pm EST,Rimouski,Blainville-Boisbriand,Colisée Financière Sun Life,"Rimouski, Océanic",Rim,19,https://assets.leaguestat.com/lhjmq/logos/18_214.png,"Blainville-Boisbriand, Armada",BLB,20,https://assets.leaguestat.com/lhjmq/logos/19.png,214,qmjhl,2026-27 | Regular Season,,2026,2027,Sat,Dec,12,12,2026,2026-12-12,2026-10-01T16:58:30.022874+00:00
11,10,,"Sat, Dec 12",-,-,4:00 pm EST,Rouyn-Noranda,Chicoutimi,Aréna Glencore,"Rouyn-Noranda, Huskies",Rou,20,https://assets.leaguestat.com/lhjmq/logos/50x50/11.png,"Chicoutimi, Saguenéens",Chi,19,https://assets.leaguestat.com/lhjmq/logos/10.png,214,qmjhl,2026-27 | Regular Season,,2026,2027,Sat,Dec,12,12,2026,2026-12-12,2026-10-01T16:58:30.022874+00:00
15,1,,"Sat, Dec 12",-,-,4:00 pm EST,Val-d'Or,Moncton,Centre Agnico Eagle,"Val-d'Or, Foreurs",VdO,20,https://assets.leaguestat.com/lhjmq/logos/15.png,"Moncton, Wildcats",Mon,19,https://assets.leaguestat.com/lhjmq/logos/1.png,214,qmjhl,2026-27 | Regular Season,,2026,2027,Sat,Dec,12,12,2026,2026-12-12,2026-10-01T16:58:30.022874+00:00
5,2,,"Sat, Dec 12",-,-,7:00 pm AST,Halifax,Newfoundland,Scotiabank Centre,"Halifax, Mooseheads",Hal,19,https://assets.leaguestat.com/lhjmq/logos/5_214.png,"Newfoundland, Regiment",NFL,19,https://assets.leaguestat.com/lhjmq/logos/2_214.png,214,qmjhl,2026-27 | Regular Season,,2026,2027,Sat,Dec,12,12,2026,2026-12-12,2026-10-01T16:58:30.022874+00:00
5,8,,"Sun, Dec 13",-,-,2:00 pm AST,Halifax,Saint John,Scotiabank Centre,"Halifax, Mooseheads",Hal,19,https://assets.leaguestat.com/lhjmq/logos/5_214.png,"Saint John, Sea Dogs",SNB,19,https://assets.leaguestat.com/lhjmq/logos/50x50/8_214.png,214,qmjhl,2026-27 | Regular Season,,2026,2027,Sun,Dec,12,13,2026,2026-12-13,2026-10-01T16:58:30.022874+00:00
7,2,,"Sun, Dec 13",-,-,3:00 pm AST,Charlottetown,Newfoundland,Eastlink Centre,"Charlottetown, Islanders",Cha,19,https://assets.leaguestat.com/lhjmq/logos/7.png,"Newfoundland, Regiment",NFL,19,https://assets.leaguestat.com/lhjmq/logos/2_214.png,214,qmjhl,2026-27 | Regular Season,,2026,2027,Sun,Dec,12,13,2026,2026-12-13,2026-10-01T16:58:30.022874+00:00
9,12,,"Sun, Dec 13",-,-,3:00 pm EST,Québec,Gatineau,Centre Vidéotron,"Québec, Remparts",Que,19,https://assets.leaguestat.com/lhjmq/logos/9.png,"Gatineau, Olympiques",Gat,20,https://assets.leaguestat.com/lhjmq/logos/50x50/12.png,214,qmjhl,2026-27 | Regular Season,,2026,2027,Sun,Dec,12,13,2026,2026-12-13,2026-10-01T16:58:30.022874+00:00
11,1,,"Sun, Dec 13",-,-,4:00 pm EST,Rouyn-Noranda,Moncton,Aréna Glencore,"Rouyn-Noranda, Huskies",Rou,20,https://assets.leaguestat.com/lhjmq/logos/50x50/11.png,"Moncton, Wildcats",Mon,19,https://assets.leaguestat.com/lhjmq/logos/1.png,214,qmjhl,2026-27 | Regular Season,,2026,2027,Sun,Dec,12,13,2026,2026-12-13,2026-10-01T16:58:30.022874+00:00
13,60,,"Sun, Dec 13",-,-,4:00 pm EST,Shawinigan,Sherbrooke,Centre Gervais Auto,"Shawinigan, Cataractes",Sha,20,https://assets.leaguestat.com/lhjmq/logos/13.png,"Sherbrooke, Phœnix",She,20,https://assets.leaguestat.com/lhjmq/logos/50x50/60.png,214,qmjhl,2026-27 | Regular Season,,2026,2027,Sun,Dec,12,13,2026,2026-12-13,2026-10-01T16:58:30.022874+00:00
17,14,,"Sun, Dec 13",-,-,4:00 pm EST,Victoriaville,Drummondville,Colisée Desjardins,"Victoriaville, Tigres",Vic,20,https://assets.leaguestat.com/lhjmq/logos/17.png,"Drummondville, Voltigeurs",Dru,20,https://assets.leaguestat.com/lhjmq/logos/50x50/14.png,214,qmjhl,2026-27 | Regular Season,,2026,2027,Sun,Dec,12,13,2026,2026-12-13,2026-10-01T16:58:30.022874+00:00
7,8,,"Wed, Dec 16",-,-,11:00 am AST,Charlottetown,Saint John,Eastlink Centre,"Charlottetown, Islanders",Cha,19,https://assets.leaguestat.com/lhjmq/logos/7.png,"Saint John, Sea Dogs",SNB,19,https://assets.leaguestat.com/lhjmq/logos/50x50/8_214.png,214,qmjhl,2026-27 | Regular Season,,2026,2027,Wed,Dec,12,16,2026,2026-12-16,2026-10-01T16:58:30.022874+00:00
3,2,,"Wed, Dec 16",-,-,7:00 pm AST,Cape Breton,Newfoundland,Centre 200,"Cape Breton, Eagles",Cap,19,https://assets.leaguestat.com/lhjmq/logos/3.png,"Newfoundland, Regiment",NFL,19,https://assets.leaguestat.com/lhjmq/logos/2_214.png,214,qmjhl,2026-27 | Regular Season,,2026,2027,Wed,Dec,12,16,2026,2026-12-16,2026-10-01T16:58:30.022874+00:00
10,9,,"Wed, Dec 16",-,-,7:00 pm EST,Chicoutimi,Québec,Centre Georges-Vézina,"Chicoutimi, Saguenéens",Chi,19,https://assets.leaguestat.com/lhjmq/logos/10.png,"Québec, Remparts",Que,19,https://assets.leaguestat.com/lhjmq/logos/9.png,214,qmjhl,2026-27 | Regular Season,,2026,2027,Wed,Dec,12,16,2026,2026-12-16,2026-10-01T16:58:30.022874+00:00
19,12,,"Wed, Dec 16",-,-,7:00 pm EST,Blainville-Boisbriand,Gatineau,Centre Excellence Sports Rousseau,"Blainville-Boisbriand, Armada",BLB,20,https://assets.leaguestat.com/lhjmq/logos/19.png,"Gatineau, Olympiques",Gat,20,https://assets.leaguestat.com/lhjmq/logos/50x50/12.png,214,qmjhl,2026-27 | Regular Season,,2026,2027,Wed,Dec,12,16,2026,2026-12-16,2026-10-01T16:58:30.022874+00:00
1,5,,"Thu, Dec 17",-,-,7:00 pm AST,Moncton,Halifax,Avenir Centre,"Moncton, Wildcats",Mon,19,https://assets.leaguestat.com/lhjmq/logos/1.png,"Halifax, Mooseheads",Hal,19,https://assets.leaguestat.com/lhjmq/logos/5_214.png,214,qmjhl,2026-27 | Regular Season,,2026,2027,Thu,Dec,12,17,2026,2026-12-17,2026-10-01T16:58:30.022874+00:00
18,16,,"Thu, Dec 17",-,-,7:00 pm EST,Rimouski,Baie-Comeau,Colisée Financière Sun Life,"Rimouski, Océanic",Rim,19,https://assets.leaguestat.com/lhjmq/logos/18_214.png,"Baie-Comeau, Drakkar",BaC,19,https://assets.leaguestat.com/lhjmq/logos/16.png,214,qmjhl,2026-27 | Regular Season,,2026,2027,Thu,Dec,12,17,2026,2026-12-17,2026-10-01T16:58:30.022874+00:00
13,15,,"Thu, Dec 17",-,-,7:00 pm EST,Shawinigan,Val-d'Or,Centre Gervais Auto,"Shawinigan, Cataractes",Sha,20,https://assets.leaguestat.com/lhjmq/logos/13.png,"Val-d'Or, Foreurs",VdO,20,https://assets.leaguestat.com/lhjmq/logos/15.png,214,qmjhl,2026-27 | Regular Season,,2026,2027,Thu,Dec,12,17,2026,2026-12-17,2026-10-01T16:58:30.022874+00:00
14,11,,"Thu, Dec 17",-,-,7:00 pm EST,Drummondville,Rouyn-Noranda,Centre Marcel Dionne,"Drummondville, Voltigeurs",Dru,20,https://assets.leaguestat.com/lhjmq/logos/50x50/14.png,"Rouyn-Noranda, Huskies",Rou,20,https://assets.leaguestat.com/lhjmq/logos/50x50/11.png,214,qmjhl,2026-27 | Regular Season,,2026,2027,Thu,Dec,12,17,2026,2026-12-17,2026-10-01T16:58:30.022874+00:00
1,7,,"Fri, Dec 18",-,-,7:00 pm AST,Moncton,Charlottetown,Avenir Centre,"Moncton, Wildcats",Mon,19,https://assets.leaguestat.com/lhjmq/logos/1.png,"Charlottetown, Islanders",Cha,19,https://assets.leaguestat.com/lhjmq/logos/7.png,214,qmjhl,2026-27 | Regular Season,,2026,2027,Fri,Dec,12,18,2026,2026-12-18,2026-10-01T16:58:30.022874+00:00
5,2,,"Fri, Dec 18",-,-,7:00 pm AST,Halifax,Newfoundland,Scotiabank Centre,"Halifax, Mooseheads",Hal,19,https://assets.leaguestat.com/lhjmq/logos/5_214.png,"Newfoundland, Regiment",NFL,19,https://assets.leaguestat.com/lhjmq/logos/2_214.png,214,qmjhl,2026-27 | Regular Season,,2026,2027,Fri,Dec,12,18,2026,2026-12-18,2026-10-01T16:58:30.022874+00:00
8,3,,"Fri, Dec 18",-,-,7:00 pm AST,Saint John,Cape Breton,TD Station,"Saint John, Sea Dogs",SNB,19,https://assets.leaguestat.com/lhjmq/logos/50x50/8_214.png,"Cape Breton, Eagles",Cap,19,https://assets.leaguestat.com/lhjmq/logos/3.png,214,qmjhl,2026-27 | Regular Season,,2026,2027,Fri,Dec,12,18,2026,2026-12-18,2026-10-01T16:58:30.022874+00:00
18,16,,"Fri, Dec 18",-,-,7:00 pm EST,Rimouski,Baie-Comeau,Colisée Financière Sun Life,"Rimouski, Océanic",Rim,19,https://assets.leaguestat.com/lhjmq/logos/18_214.png,"Baie-Comeau, Drakkar",BaC,19,https://assets.leaguestat.com/lhjmq/logos/16.png,214,qmjhl,2026-27 | Regular Season,,2026,2027,Fri,Dec,12,18,2026,2026-12-18,2026-10-01T16:58:30.022874+00:00
12,60,,"Fri, Dec 18",-,-,7:00 pm EST,Gatineau,Sherbrooke,Centre Slush Puppie,"Gatineau, Olympiques",Gat,20,https://assets.leaguestat.com/lhjmq/logos/50x50/12.png,"Sherbrooke, Phœnix",She,20,https://assets.leaguestat.com/lhjmq/logos/50x50/60.png,214,qmjhl,2026-27 | Regular Season,,2026,2027,Fri,Dec,12,18,2026,2026-12-18,2026-10-01T16:58:30.022874+00:00
13,11,,"Fri, Dec 18",-,-,7:00 pm EST,Shawinigan,Rouyn-Noranda,Centre Gervais Auto,"Shawinigan, Cataractes",Sha,20,https://assets.leaguestat.com/lhjmq/logos/13.png,"Rouyn-Noranda, Huskies",Rou,20,https://assets.leaguestat.com/lhjmq/logos/50x50/11.png,214,qmjhl,2026-27 | Regular Season,,2026,2027,Fri,Dec,12,18,2026,2026-12-18,2026-10-01T16:58:30.022874+00:00
14,15,,"Fri, Dec 18",-,-,7:00 pm EST,Drummondville,Val-d'Or,Centre Marcel Dionne,"Drummondville, Voltigeurs",Dru,20,https://assets.leaguestat.com/lhjmq/logos/50x50/14.png,"Val-d'Or, Foreurs",VdO,20,https://assets.leaguestat.com/lhjmq/logos/15.png,214,qmjhl,2026-27 | Regular Season,,2026,2027,Fri,Dec,12,18,2026,2026-12-18,2026-10-01T16:58:30.022874+00:00
17,10,,"Fri, Dec 18",-,-,7:00 pm EST,Victoriaville,Chicoutimi,Colisée Desjardins,"Victoriaville, Tigres",Vic,20,https://assets.leaguestat.com/lhjmq/logos/17.png,"Chicoutimi, Saguenéens",Chi,19,https://assets.leaguestat.com/lhjmq/logos/10.png,214,qmjhl,2026-27 | Regular Season,,2026,2027,Fri,Dec,12,18,2026,2026-12-18,2026-10-01T16:58:30.022874+00:00
19,9,,"Fri, Dec 18",-,-,7:00 pm EST,Blainville-Boisbriand,Québec,Centre Excellence Sports Rousseau,"Blainville-Boisbriand, Armada",BLB,20,https://assets.leaguestat.com/lhjmq/logos/19.png,"Québec, Remparts",Que,19,https://assets.leaguestat.com/lhjmq/logos/9.png,214,qmjhl,2026-27 | Regular Season,,2026,2027,Fri,Dec,12,18,2026,2026-12-18,2026-10-01T16:58:30.022874+00:00
1,2,,"Mon, Dec 28",-,-,7:00 pm AST,Moncton,Newfoundland,Avenir Centre,"Moncton, Wildcats",Mon,19,https://assets.leaguestat.com/lhjmq/logos/1.png,"Newfoundland, Regiment",NFL,19,https://assets.leaguestat.com/lhjmq/logos/2_214.png,214,qmjhl,2026-27 | Regular Season,,2026,2027,Mon,Dec,12,28,2026,2026-12-28,2026-10-01T16:58:30.022874+00:00
3,8,,"Mon, Dec 28",-,-,7:00 pm AST,Cape Breton,Saint John,Centre 200,"Cape Breton, Eagles",Cap,19,https://assets.leaguestat.com/lhjmq/logos/3.png,"Saint John, Sea Dogs",SNB,19,https://assets.leaguestat.com/lhjmq/logos/50x50/8_214.png,214,qmjhl,2026-27 | Regular Season,,2026,2027,Mon,Dec,12,28,2026,2026-12-28,2026-10-01T16:58:30.022874+00:00
7,5,,"Mon, Dec 28",-,-,7:00 pm AST,Charlottetown,Halifax,Eastlink Centre,"Charlottetown, Islanders",Cha,19,https://assets.leaguestat.com/lhjmq/logos/7.png,"Halifax, Mooseheads",Hal,19,https://assets.leaguestat.com/lhjmq/logos/5_214.png,214,qmjhl,2026-27 | Regular Season,,2026,2027,Mon,Dec,12,28,2026,2026-12-28,2026-10-01T16:58:30.022874+00:00
18,10,,"Mon, Dec 28",-,-,7:00 pm EST,Rimouski,Chicoutimi,Colisée Financière Sun Life,"Rimouski, Océanic",Rim,19,https://assets.leaguestat.com/lhjmq/logos/18_214.png,"Chicoutimi, Saguenéens",Chi,19,https://assets.leaguestat.com/lhjmq/logos/10.png,214,qmjhl,2026-27 | Regular Season,,2026,2027,Mon,Dec,12,28,2026,2026-12-28,2026-10-01T16:58:30.022874+00:00
12,11,,"Mon, Dec 28",-,-,7:00 pm EST,Gatineau,Rouyn-Noranda,Centre Slush Puppie,"Gatineau, Olympiques",Gat,20,https://assets.leaguestat.com/lhjmq/logos/50x50/12.png,"Rouyn-Noranda, Huskies",Rou,20,https://assets.leaguestat.com/lhjmq/logos/50x50/11.png,214,qmjhl,2026-27 | Regular Season,,2026,2027,Mon,Dec,12,28,2026,2026-12-28,2026-10-01T16:58:30.022874+00:00
13,9,,"Mon, Dec 28",-,-,7:00 pm EST,Shawinigan,Québec,Centre Gervais Auto,"Shawinigan, Cataractes",Sha,20,https://assets.leaguestat.com/lhjmq/logos/13.png,"Québec, Remparts",Que,19,https://assets.leaguestat.com/lhjmq/logos/9.png,214,qmjhl,2026-27 | Regular Season,,2026,2027,Mon,Dec,12,28,2026,2026-12-28,2026-10-01T16:58:30.022874+00:00
14,16,,"Mon, Dec 28",-,-,7:00 pm EST,Drummondville,Baie-Comeau,Centre Marcel Dionne,"Drummondville, Voltigeurs",Dru,20,https://assets.leaguestat.com/lhjmq/logos/50x50/14.png,"Baie-Comeau, Drakkar",BaC,19,https://assets.leaguestat.com/lhjmq/logos/16.png,214,qmjhl,2026-27 | Regular Season,,2026,2027,Mon,Dec,12,28,2026,2026-12-28,2026-10-01T16:58:30.022874+00:00
19,15,,"Mon, Dec 28",-,-,7:00 pm EST,Blainville-Boisbriand,Val-d'Or,Centre Excellence Sports Rousseau,"Blainville-Boisbriand, Armada",BLB,20,https://assets.leaguestat.com/lhjmq/logos/19.png,"Val-d'Or, Foreurs",VdO,20,https://assets.leaguestat.com/lhjmq/logos/15.png,214,qmjhl,2026-27 | Regular Season,,2026,2027,Mon,Dec,12,28,2026,2026-12-28,2026-10-01T16:58:30.022874+00:00
60,17,,"Mon, Dec 28",-,-,7:00 pm EST,Sherbrooke,Victoriaville,Palais des Sports Léopold-Drolet,"Sherbrooke, Phœnix",She,20,https://assets.leaguestat.com/lhjmq/logos/50x50/60.png,"Victoriaville, Tigres",Vic,20,https://assets.leaguestat.com/lhjmq/logos/17.png,214,qmjhl,2026-27 | Regular Season,,2026,2027,Mon,Dec,12,28,2026,2026-12-28,2026-10-01T16:58:30.022874+00:00
17,13,,"Tue, Dec 29",-,-,7:00 pm EST,Victoriaville,Shawinigan,Colisée Desjardins,"Victoriaville, Tigres",Vic,20,https://assets.leaguestat.com/lhjmq/logos/17.png,"Shawinigan, Cataractes",Sha,20,https://assets.leaguestat.com/lhjmq/logos/13.png,214,qmjhl,2026-27 | Regular Season,,2026,2027,Tue,Dec,12,29,2026,2026-12-29,2026-10-01T16:58:30.022874+00:00
60,16,,"Tue, Dec 29",-,-,7:00 pm EST,Sherbrooke,Baie-Comeau,Palais des Sports Léopold-Drolet,"Sherbrooke, Phœnix",She,20,https://assets.leaguestat.com/lhjmq/logos/50x50/60.png,"Baie-Comeau, Drakkar",BaC,19,https://assets.leaguestat.com/lhjmq/logos/16.png,214,qmjhl,2026-27 | Regular Season,,2026,2027,Tue,Dec,12,29,2026,2026-12-29,2026-10-01T16:58:30.022874+00:00
3,5,,"Wed, Dec 30",-,-,7:00 pm AST,Cape Breton,Halifax,Centre 200,"Cape Breton, Eagles",Cap,19,https://assets.leaguestat.com/lhjmq/logos/3.png,"Halifax, Mooseheads",Hal,19,https://assets.leaguestat.com/lhjmq/logos/5_214.png,214,qmjhl,2026-27 | Regular Season,,2026,2027,Wed,Dec,12,30,2026,2026-12-30,2026-10-01T16:58:30.022874+00:00
8,2,,"Wed, Dec 30",-,-,7:00 pm AST,Saint John,Newfoundland,TD Station,"Saint John, Sea Dogs",SNB,19,https://assets.leaguestat.com/lhjmq/logos/50x50/8_214.png,"Newfoundland, Regiment",NFL,19,https://assets.leaguestat.com/lhjmq/logos/2_214.png,214,qmjhl,2026-27 | Regular Season,,2026,2027,Wed,Dec,12,30,2026,2026-12-30,2026-10-01T16:58:30.022874+00:00
9,18,,"Wed, Dec 30",-,-,7:00 pm EST,Québec,Rimouski,Centre Vidéotron,"Québec, Remparts",Que,19,https://assets.leaguestat.com/lhjmq/logos/9.png,"Rimouski, Océanic",Rim,19,https://assets.leaguestat.com/lhjmq/logos/18_214.png,214,qmjhl,2026-27 | Regular Season,,2026,2027,Wed,Dec,12,30,2026,2026-12-30,2026-10-01T16:58:30.022874+00:00
11,15,,"Wed, Dec 30",-,-,7:00 pm EST,Rouyn-Noranda,Val-d'Or,Aréna Glencore,"Rouyn-Noranda, Huskies",Rou,20,https://assets.leaguestat.com/lhjmq/logos/50x50/11.png,"Val-d'Or, Foreurs",VdO,20,https://assets.leaguestat.com/lhjmq/logos/15.png,214,qmjhl,2026-27 | Regular Season,,2026,2027,Wed,Dec,12,30,2026,2026-12-30,2026-10-01T16:58:30.022874+00:00
14,12,,"Wed, Dec 30",-,-,7:00 pm EST,Drummondville,Gatineau,Centre Marcel Dionne,"Drummondville, Voltigeurs",Dru,20,https://assets.leaguestat.com/lhjmq/logos/50x50/14.png,"Gatineau, Olympiques",Gat,20,https://assets.leaguestat.com/lhjmq/logos/50x50/12.png,214,qmjhl,2026-27 | Regular Season,,2026,2027,Wed,Dec,12,30,2026,2026-12-30,2026-10-01T16:58:30.022874+00:00
5,3,,"Thu, Dec 31",-,-,2:00 pm AST,Halifax,Cape Breton,Scotiabank Centre,"Halifax, Mooseheads",Hal,19,https://assets.leaguestat.com/lhjmq/logos/5_214.png,"Cape Breton, Eagles",Cap,19,https://assets.leaguestat.com/lhjmq/logos/3.png,214,qmjhl,2026-27 | Regular Season,,2026,2027,Thu,Dec,12,31,2026,2026-12-31,2026-10-01T16:58:30.022874+00:00
8,2,,"Thu, Dec 31",-,-,2:00 pm AST,Saint John,Newfoundland,TD Station,"Saint John, Sea Dogs",SNB,19,https://assets.leaguestat.com/lhjmq/logos/50x50/8_214.png,"Newfoundland, Regiment",NFL,19,https://assets.leaguestat.com/lhjmq/logos/2_214.png,214,qmjhl,2026-27 | Regular Season,,2026,2027,Thu,Dec,12,31,2026,2026-12-31,2026-10-01T16:58:30.022874+00:00
9,14,,"Thu, Dec 31",-,-,2:00 pm EST,Québec,Drummondville,Centre Vidéotron,"Québec, Remparts",Que,19,https://assets.leaguestat.com/lhjmq/logos/9.png,"Drummondville, Voltigeurs",Dru,20,https://assets.leaguestat.com/lhjmq/logos/50x50/14.png,214,qmjhl,2026-27 | Regular Season,,2026,2027,Thu,Dec,12,31,2026,2026-12-31,2026-10-01T16:58:30.022874+00:00
16,10,,"Thu, Dec 31",-,-,2:00 pm EST,Baie-Comeau,Chicoutimi,Centre sportif Alcoa,"Baie-Comeau, Drakkar",BaC,19,https://assets.leaguestat.com/lhjmq/logos/16.png,"Chicoutimi, Saguenéens",Chi,19,https://assets.leaguestat.com/lhjmq/logos/10.png,214,qmjhl,2026-27 | Regular Season,,2026,2027,Thu,Dec,12,31,2026,2026-12-31,2026-10-01T16:58:30.022874+00:00
13,19,,"Thu, Dec 31",-,-,2:00 pm EST,Shawinigan,Blainville-Boisbriand,Centre Gervais Auto,"Shawinigan, Cataractes",Sha,20,https://assets.leaguestat.com/lhjmq/logos/13.png,"Blainville-Boisbriand, Armada",BLB,20,https://assets.leaguestat.com/lhjmq/logos/19.png,214,qmjhl,2026-27 | Regular Season,,2026,2027,Thu,Dec,12,31,2026,2026-12-31,2026-10-01T16:58:30.022874+00:00
15,11,,"Thu, Dec 31",-,-,2:00 pm EST,Val-d'Or,Rouyn-Noranda,Centre Agnico Eagle,"Val-d'Or, Foreurs",VdO,20,https://assets.leaguestat.com/lhjmq/logos/15.png,"Rouyn-Noranda, Huskies",Rou,20,https://assets.leaguestat.com/lhjmq/logos/50x50/11.png,214,qmjhl,2026-27 | Regular Season,,2026,2027,Thu,Dec,12,31,2026,2026-12-31,2026-10-01T16:58:30.022874+00:00
17,18,,"Thu, Dec 31",-,-,2:00 pm EST,Victoriaville,Rimouski,Colisée Desjardins,"Victoriaville, Tigres",Vic,20,https://assets.leaguestat.com/lhjmq/logos/17.png,"Rimouski, Océanic",Rim,19,https://assets.leaguestat.com/lhjmq/logos/18_214.png,214,qmjhl,2026-27 | Regular Season,,2026,2027,Thu,Dec,12,31,2026,2026-12-31,2026-10-01T16:58:30.022874+00:00
60,12,,"Thu, Dec 31",-,-,2:00 pm EST,Sherbrooke,Gatineau,Palais des Sports Léopold-Drolet,"Sherbrooke, Phœnix",She,20,https://assets.leaguestat.com/lhjmq/logos/50x50/60.png,"Gatineau, Olympiques",Gat,20,https://assets.leaguestat.com/lhjmq/logos/50x50/12.png,214,qmjhl,2026-27 | Regular Season,,2026,2027,Thu,Dec,12,31,2026,2026-12-31,2026-10-01T16:58:30.022874+00:00
1,7,,"Thu, Dec 31",-,-,4:00 pm AST,Moncton,Charlottetown,Avenir Centre,"Moncton, Wildcats",Mon,19,https://assets.leaguestat.com/lhjmq/logos/1.png,"Charlottetown, Islanders",Cha,19,https://assets.leaguestat.com/lhjmq/logos/7.png,214,qmjhl,2026-27 | Regular Season,,2026,2027,Thu,Dec,12,31,2026,2026-12-31,2026-10-01T16:58:30.022874+00:00
1,3,,"Sat, Jan 2",-,-,4:00 pm AST,Moncton,Cape Breton,Avenir Centre,"Moncton, Wildcats",Mon,19,https://assets.leaguestat.com/lhjmq/logos/1.png,"Cape Breton, Eagles",Cap,19,https://assets.leaguestat.com/lhjmq/logos/3.png,214,qmjhl,2026-27 | Regular Season,,2026,2027,Sat,Jan,01,02,2027,2027-01-02,2026-10-01T16:58:30.022874+00:00
8,7,,"Sat, Jan 2",-,-,4:00 pm AST,Saint John,Charlottetown,TD Station,"Saint John, Sea Dogs",SNB,19,https://assets.leaguestat.com/lhjmq/logos/50x50/8_214.png,"Charlottetown, Islanders",Cha,19,https://assets.leaguestat.com/lhjmq/logos/7.png,214,qmjhl,2026-27 | Regular Season,,2026,2027,Sat,Jan,01,02,2027,2027-01-02,2026-10-01T16:58:30.022874+00:00
10,13,,"Sat, Jan 2",-,-,4:00 pm EST,Chicoutimi,Shawinigan,Centre Georges-Vézina,"Chicoutimi, Saguenéens",Chi,19,https://assets.leaguestat.com/lhjmq/logos/10.png,"Shawinigan, Cataractes",Sha,20,https://assets.leaguestat.com/lhjmq/logos/13.png,214,qmjhl,2026-27 | Regular Season,,2026,2027,Sat,Jan,01,02,2027,2027-01-02,2026-10-01T16:58:30.022874+00:00
12,60,,"Sat, Jan 2",-,-,4:00 pm EST,Gatineau,Sherbrooke,Centre Slush Puppie,"Gatineau, Olympiques",Gat,20,https://assets.leaguestat.com/lhjmq/logos/50x50/12.png,"Sherbrooke, Phœnix",She,20,https://assets.leaguestat.com/lhjmq/logos/50x50/60.png,214,qmjhl,2026-27 | Regular Season,,2026,2027,Sat,Jan,01,02,2027,2027-01-02,2026-10-01T16:58:30.022874+00:00
15,19,,"Sat, Jan 2",-,-,4:00 pm EST,Val-d'Or,Blainville-Boisbriand,Centre Agnico Eagle,"Val-d'Or, Foreurs",VdO,20,https://assets.leaguestat.com/lhjmq/logos/15.png,"Blainville-Boisbriand, Armada",BLB,20,https://assets.leaguestat.com/lhjmq/logos/19.png,214,qmjhl,2026-27 | Regular Season,,2026,2027,Sat,Jan,01,02,2027,2027-01-02,2026-10-01T16:58:30.022874+00:00
5,2,,"Sun, Jan 3",-,-,2:00 pm AST,Halifax,Newfoundland,Scotiabank Centre,"Halifax, Mooseheads",Hal,19,https://assets.leaguestat.com/lhjmq/logos/5_214.png,"Newfoundland, Regiment",NFL,19,https://assets.leaguestat.com/lhjmq/logos/2_214.png,214,qmjhl,2026-27 | Regular Season,,2026,2027,Sun,Jan,01,03,2027,2027-01-03,2026-10-01T16:58:30.022874+00:00
7,1,,"Sun, Jan 3",-,-,3:00 pm AST,Charlottetown,Moncton,Eastlink Centre,"Charlottetown, Islanders",Cha,19,https://assets.leaguestat.com/lhjmq/logos/7.png,"Moncton, Wildcats",Mon,19,https://assets.leaguestat.com/lhjmq/logos/1.png,214,qmjhl,2026-27 | Regular Season,,2026,2027,Sun,Jan,01,03,2027,2027-01-03,2026-10-01T16:58:30.022874+00:00
18,9,,"Sun, Jan 3",-,-,3:00 pm EST,Rimouski,Québec,Colisée Financière Sun Life,"Rimouski, Océanic",Rim,19,https://assets.leaguestat.com/lhjmq/logos/18_214.png,"Québec, Remparts",Que,19,https://assets.leaguestat.com/lhjmq/logos/9.png,214,qmjhl,2026-27 | Regular Season,,2026,2027,Sun,Jan,01,03,2027,2027-01-03,2026-10-01T16:58:30.022874+00:00
10,16,,"Sun, Jan 3",-,-,4:00 pm EST,Chicoutimi,Baie-Comeau,Centre Georges-Vézina,"Chicoutimi, Saguenéens",Chi,19,https://assets.leaguestat.com/lhjmq/logos/10.png,"Baie-Comeau, Drakkar",BaC,19,https://assets.leaguestat.com/lhjmq/logos/16.png,214,qmjhl,2026-27 | Regular Season,,2026,2027,Sun,Jan,01,03,2027,2027-01-03,2026-10-01T16:58:30.022874+00:00
11,19,,"Sun, Jan 3",-,-,4:00 pm EST,Rouyn-Noranda,Blainville-Boisbriand,Aréna Glencore,"Rouyn-Noranda, Huskies",Rou,20,https://assets.leaguestat.com/lhjmq/logos/50x50/11.png,"Blainville-Boisbriand, Armada",BLB,20,https://assets.leaguestat.com/lhjmq/logos/19.png,214,qmjhl,2026-27 | Regular Season,,2026,2027,Sun,Jan,01,03,2027,2027-01-03,2026-10-01T16:58:30.022874+00:00
17,14,,"Sun, Jan 3",-,-,4:00 pm EST,Victoriaville,Drummondville,Colisée Desjardins,"Victoriaville, Tigres",Vic,20,https://assets.leaguestat.com/lhjmq/logos/17.png,"Drummondville, Voltigeurs",Dru,20,https://assets.leaguestat.com/lhjmq/logos/50x50/14.png,214,qmjhl,2026-27 | Regular Season,,2026,2027,Sun,Jan,01,03,2027,2027-01-03,2026-10-01T16:58:30.022874+00:00
13,17,,"Mon, Jan 4",-,-,4:00 pm EST,Shawinigan,Victoriaville,Centre Gervais Auto,"Shawinigan, Cataractes",Sha,20,https://assets.leaguestat.com/lhjmq/logos/13.png,"Victoriaville, Tigres",Vic,20,https://assets.leaguestat.com/lhjmq/logos/17.png,214,qmjhl,2026-27 | Regular Season,,2026,2027,Mon,Jan,01,04,2027,2027-01-04,2026-10-01T16:58:30.022874+00:00
3,8,,"Thu, Jan 7",-,-,7:00 pm AST,Cape Breton,Saint John,Centre 200,"Cape Breton, Eagles",Cap,19,https://assets.leaguestat.com/lhjmq/logos/3.png,"Saint John, Sea Dogs",SNB,19,https://assets.leaguestat.com/lhjmq/logos/50x50/8_214.png,214,qmjhl,2026-27 | Regular Season,,2026,2027,Thu,Jan,01,07,2027,2027-01-07,2026-10-01T16:58:30.022874+00:00
5,16,,"Thu, Jan 7",-,-,7:00 pm AST,Halifax,Baie-Comeau,Scotiabank Centre,"Halifax, Mooseheads",Hal,19,https://assets.leaguestat.com/lhjmq/logos/5_214.png,"Baie-Comeau, Drakkar",BaC,19,https://assets.leaguestat.com/lhjmq/logos/16.png,214,qmjhl,2026-27 | Regular Season,,2026,2027,Thu,Jan,01,07,2027,2027-01-07,2026-10-01T16:58:30.022874+00:00
18,1,,"Thu, Jan 7",-,-,7:00 pm EST,Rimouski,Moncton,Colisée Financière Sun Life,"Rimouski, Océanic",Rim,19,https://assets.leaguestat.com/lhjmq/logos/18_214.png,"Moncton, Wildcats",Mon,19,https://assets.leaguestat.com/lhjmq/logos/1.png,214,qmjhl,2026-27 | Regular Season,,2026,2027,Thu,Jan,01,07,2027,2027-01-07,2026-10-01T16:58:30.022874+00:00
12,15,,"Thu, Jan 7",-,-,7:00 pm EST,Gatineau,Val-d'Or,Centre Slush Puppie,"Gatineau, Olympiques",Gat,20,https://assets.leaguestat.com/lhjmq/logos/50x50/12.png,"Val-d'Or, Foreurs",VdO,20,https://assets.leaguestat.com/lhjmq/logos/15.png,214,qmjhl,2026-27 | Regular Season,,2026,2027,Thu,Jan,01,07,2027,2027-01-07,2026-10-01T16:58:30.022874+00:00
17,19,,"Thu, Jan 7",-,-,7:00 pm EST,Victoriaville,Blainville-Boisbriand,Colisée Desjardins,"Victoriaville, Tigres",Vic,20,https://assets.leaguestat.com/lhjmq/logos/17.png,"Blainville-Boisbriand, Armada",BLB,20,https://assets.leaguestat.com/lhjmq/logos/19.png,214,qmjhl,2026-27 | Regular Season,,2026,2027,Thu,Jan,01,07,2027,2027-01-07,2026-10-01T16:58:30.022874+00:00
7,5,,"Fri, Jan 8",-,-,7:00 pm AST,Charlottetown,Halifax,Eastlink Centre,"Charlottetown, Islanders",Cha,19,https://assets.leaguestat.com/lhjmq/logos/7.png,"Halifax, Mooseheads",Hal,19,https://assets.leaguestat.com/lhjmq/logos/5_214.png,214,qmjhl,2026-27 | Regular Season,,2026,2027,Fri,Jan,01,08,2027,2027-01-08,2026-10-01T16:58:30.022874+00:00
9,17,,"Fri, Jan 8",-,-,7:00 pm EST,Québec,Victoriaville,Centre Vidéotron,"Québec, Remparts",Que,19,https://assets.leaguestat.com/lhjmq/logos/9.png,"Victoriaville, Tigres",Vic,20,https://assets.leaguestat.com/lhjmq/logos/17.png,214,qmjhl,2026-27 | Regular Season,,2026,2027,Fri,Jan,01,08,2027,2027-01-08,2026-10-01T16:58:30.022874+00:00
18,11,,"Fri, Jan 8",-,-,7:00 pm EST,Rimouski,Rouyn-Noranda,Colisée Financière Sun Life,"Rimouski, Océanic",Rim,19,https://assets.leaguestat.com/lhjmq/logos/18_214.png,"Rouyn-Noranda, Huskies",Rou,20,https://assets.leaguestat.com/lhjmq/logos/50x50/11.png,214,qmjhl,2026-27 | Regular Season,,2026,2027,Fri,Jan,01,08,2027,2027-01-08,2026-10-01T16:58:30.022874+00:00
13,10,,"Fri, Jan 8",-,-,7:00 pm EST,Shawinigan,Chicoutimi,Centre Gervais Auto,"Shawinigan, Cataractes",Sha,20,https://assets.leaguestat.com/lhjmq/logos/13.png,"Chicoutimi, Saguenéens",Chi,19,https://assets.leaguestat.com/lhjmq/logos/10.png,214,qmjhl,2026-27 | Regular Season,,2026,2027,Fri,Jan,01,08,2027,2027-01-08,2026-10-01T16:58:30.022874+00:00
60,14,,"Fri, Jan 8",-,-,7:00 pm EST,Sherbrooke,Drummondville,Palais des Sports Léopold-Drolet,"Sherbrooke, Phœnix",She,20,https://assets.leaguestat.com/lhjmq/logos/50x50/60.png,"Drummondville, Voltigeurs",Dru,20,https://assets.leaguestat.com/lhjmq/logos/50x50/14.png,214,qmjhl,2026-27 | Regular Season,,2026,2027,Fri,Jan,01,08,2027,2027-01-08,2026-10-01T16:58:30.022874+00:00
9,11,,"Sat, Jan 9",-,-,4:00 pm EST,Québec,Rouyn-Noranda,Centre Vidéotron,"Québec, Remparts",Que,19,https://assets.leaguestat.com/lhjmq/logos/9.png,"Rouyn-Noranda, Huskies",Rou,20,https://assets.leaguestat.com/lhjmq/logos/50x50/11.png,214,qmjhl,2026-27 | Regular Season,,2026,2027,Sat,Jan,01,09,2027,2027-01-09,2026-10-01T16:58:30.022874+00:00
14,13,,"Sat, Jan 9",-,-,4:00 pm EST,Drummondville,Shawinigan,Centre Marcel Dionne,"Drummondville, Voltigeurs",Dru,20,https://assets.leaguestat.com/lhjmq/logos/50x50/14.png,"Shawinigan, Cataractes",Sha,20,https://assets.leaguestat.com/lhjmq/logos/13.png,214,qmjhl,2026-27 | Regular Season,,2026,2027,Sat,Jan,01,09,2027,2027-01-09,2026-10-01T16:58:30.022874+00:00
19,1,,"Sat, Jan 9",-,-,4:00 pm EST,Blainville-Boisbriand,Moncton,Centre Excellence Sports Rousseau,"Blainville-Boisbriand, Armada",BLB,20,https://assets.leaguestat.com/lhjmq/logos/19.png,"Moncton, Wildcats",Mon,19,https://assets.leaguestat.com/lhjmq/logos/1.png,214,qmjhl,2026-27 | Regular Season,,2026,2027,Sat,Jan,01,09,2027,2027-01-09,2026-10-01T16:58:30.022874+00:00
2,15,,"Sat, Jan 9",-,-,7:00 pm NST,Newfoundland,Val-d'Or,Mary Brown's Centre,"Newfoundland, Regiment",NFL,19,https://assets.leaguestat.com/lhjmq/logos/2_214.png,"Val-d'Or, Foreurs",VdO,20,https://assets.leaguestat.com/lhjmq/logos/15.png,214,qmjhl,2026-27 | Regular Season,,2026,2027,Sat,Jan,01,09,2027,2027-01-09,2026-10-01T16:58:30.022874+00:00
3,16,,"Sat, Jan 9",-,-,7:00 pm AST,Cape Breton,Baie-Comeau,Centre 200,"Cape Breton, Eagles",Cap,19,https://assets.leaguestat.com/lhjmq/logos/3.png,"Baie-Comeau, Drakkar",BaC,19,https://assets.leaguestat.com/lhjmq/logos/16.png,214,qmjhl,2026-27 | Regular Season,,2026,2027,Sat,Jan,01,09,2027,2027-01-09,2026-10-01T16:58:30.022874+00:00
7,8,,"Sat, Jan 9",-,-,7:00 pm AST,Charlottetown,Saint John,Eastlink Centre,"Charlottetown, Islanders",Cha,19,https://assets.leaguestat.com/lhjmq/logos/7.png,"Saint John, Sea Dogs",SNB,19,https://assets.leaguestat.com/lhjmq/logos/50x50/8_214.png,214,qmjhl,2026-27 | Regular Season,,2026,2027,Sat,Jan,01,09,2027,2027-01-09,2026-10-01T16:58:30.022874+00:00
5,7,,"Sun, Jan 10",-,-,2:00 pm AST,Halifax,Charlottetown,Scotiabank Centre,"Halifax, Mooseheads",Hal,19,https://assets.leaguestat.com/lhjmq/logos/5_214.png,"Charlottetown, Islanders",Cha,19,https://assets.leaguestat.com/lhjmq/logos/7.png,214,qmjhl,2026-27 | Regular Season,,2026,2027,Sun,Jan,01,10,2027,2027-01-10,2026-10-01T16:58:30.022874+00:00
2,15,,"Sun, Jan 10",-,-,3:00 pm NST,Newfoundland,Val-d'Or,Mary Brown's Centre,"Newfoundland, Regiment",NFL,19,https://assets.leaguestat.com/lhjmq/logos/2_214.png,"Val-d'Or, Foreurs",VdO,20,https://assets.leaguestat.com/lhjmq/logos/15.png,214,qmjhl,2026-27 | Regular Season,,2026,2027,Sun,Jan,01,10,2027,2027-01-10,2026-10-01T16:58:30.022874+00:00
3,16,,"Sun, Jan 10",-,-,3:00 pm AST,Cape Breton,Baie-Comeau,Centre 200,"Cape Breton, Eagles",Cap,19,https://assets.leaguestat.com/lhjmq/logos/3.png,"Baie-Comeau, Drakkar",BaC,19,https://assets.leaguestat.com/lhjmq/logos/16.png,214,qmjhl,2026-27 | Regular Season,,2026,2027,Sun,Jan,01,10,2027,2027-01-10,2026-10-01T16:58:30.022874+00:00
12,19,,"Sun, Jan 10",-,-,3:00 pm EST,Gatineau,Blainville-Boisbriand,Centre Slush Puppie,"Gatineau, Olympiques",Gat,20,https://assets.leaguestat.com/lhjmq/logos/50x50/12.png,"Blainville-Boisbriand, Armada",BLB,20,https://assets.leaguestat.com/lhjmq/logos/19.png,214,qmjhl,2026-27 | Regular Season,,2026,2027,Sun,Jan,01,10,2027,2027-01-10,2026-10-01T16:58:30.022874+00:00
60,13,,"Sun, Jan 10",-,-,3:00 pm EST,Sherbrooke,Shawinigan,Palais des Sports Léopold-Drolet,"Sherbrooke, Phœnix",She,20,https://assets.leaguestat.com/lhjmq/logos/50x50/60.png,"Shawinigan, Cataractes",Sha,20,https://assets.leaguestat.com/lhjmq/logos/13.png,214,qmjhl,2026-27 | Regular Season,,2026,2027,Sun,Jan,01,10,2027,2027-01-10,2026-10-01T16:58:30.022874+00:00
10,18,,"Sun, Jan 10",-,-,4:00 pm EST,Chicoutimi,Rimouski,Centre Georges-Vézina,"Chicoutimi, Saguenéens",Chi,19,https://assets.leaguestat.com/lhjmq/logos/10.png,"Rimouski, Océanic",Rim,19,https://assets.leaguestat.com/lhjmq/logos/18_214.png,214,qmjhl,2026-27 | Regular Season,,2026,2027,Sun,Jan,01,10,2027,2027-01-10,2026-10-01T16:58:30.022874+00:00
14,11,,"Sun, Jan 10",-,-,4:00 pm EST,Drummondville,Rouyn-Noranda,Centre Marcel Dionne,"Drummondville, Voltigeurs",Dru,20,https://assets.leaguestat.com/lhjmq/logos/50x50/14.png,"Rouyn-Noranda, Huskies",Rou,20,https://assets.leaguestat.com/lhjmq/logos/50x50/11.png,214,qmjhl,2026-27 | Regular Season,,2026,2027,Sun,Jan,01,10,2027,2027-01-10,2026-10-01T16:58:30.022874+00:00
17,1,,"Sun, Jan 10",-,-,4:00 pm EST,Victoriaville,Moncton,Colisée Desjardins,"Victoriaville, Tigres",Vic,20,https://assets.leaguestat.com/lhjmq/logos/17.png,"Moncton, Wildcats",Mon,19,https://assets.leaguestat.com/lhjmq/logos/1.png,214,qmjhl,2026-27 | Regular Season,,2026,2027,Sun,Jan,01,10,2027,2027-01-10,2026-10-01T16:58:30.022874+00:00
10,60,,"Wed, Jan 13",-,-,7:00 pm EST,Chicoutimi,Sherbrooke,Centre Georges-Vézina,"Chicoutimi, Saguenéens",Chi,19,https://assets.leaguestat.com/lhjmq/logos/10.png,"Sherbrooke, Phœnix",She,20,https://assets.leaguestat.com/lhjmq/logos/50x50/60.png,214,qmjhl,2026-27 | Regular Season,,2026,2027,Wed,Jan,01,13,2027,2027-01-13,2026-10-01T16:58:30.022874+00:00
18,17,,"Wed, Jan 13",-,-,7:00 pm EST,Rimouski,Victoriaville,Colisée Financière Sun Life,"Rimouski, Océanic",Rim,19,https://assets.leaguestat.com/lhjmq/logos/18_214.png,"Victoriaville, Tigres",Vic,20,https://assets.leaguestat.com/lhjmq/logos/17.png,214,qmjhl,2026-27 | Regular Season,,2026,2027,Wed,Jan,01,13,2027,2027-01-13,2026-10-01T16:58:30.022874+00:00
16,60,,"Thu, Jan 14",-,-,7:00 pm EST,Baie-Comeau,Sherbrooke,Centre sportif Alcoa,"Baie-Comeau, Drakkar",BaC,19,https://assets.leaguestat.com/lhjmq/logos/16.png,"Sherbrooke, Phœnix",She,20,https://assets.leaguestat.com/lhjmq/logos/50x50/60.png,214,qmjhl,2026-27 | Regular Season,,2026,2027,Thu,Jan,01,14,2027,2027-01-14,2026-10-01T16:58:30.022874+00:00
18,5,,"Thu, Jan 14",-,-,7:00 pm EST,Rimouski,Halifax,Colisée Financière Sun Life,"Rimouski, Océanic",Rim,19,https://assets.leaguestat.com/lhjmq/logos/18_214.png,"Halifax, Mooseheads",Hal,19,https://assets.leaguestat.com/lhjmq/logos/5_214.png,214,qmjhl,2026-27 | Regular Season,,2026,2027,Thu,Jan,01,14,2027,2027-01-14,2026-10-01T16:58:30.022874+00:00
13,8,,"Thu, Jan 14",-,-,7:00 pm EST,Shawinigan,Saint John,Centre Gervais Auto,"Shawinigan, Cataractes",Sha,20,https://assets.leaguestat.com/lhjmq/logos/13.png,"Saint John, Sea Dogs",SNB,19,https://assets.leaguestat.com/lhjmq/logos/50x50/8_214.png,214,qmjhl,2026-27 | Regular Season,,2026,2027,Thu,Jan,01,14,2027,2027-01-14,2026-10-01T16:58:30.022874+00:00
2,9,,"Fri, Jan 15",-,-,7:00 pm NST,Newfoundland,Québec,Mary Brown's Centre,"Newfoundland, Regiment",NFL,19,https://assets.leaguestat.com/lhjmq/logos/2_214.png,"Québec, Remparts",Que,19,https://assets.leaguestat.com/lhjmq/logos/9.png,214,qmjhl,2026-27 | Regular Season,,2026,2027,Fri,Jan,01,15,2027,2027-01-15,2026-10-01T16:58:30.022874+00:00
7,1,,"Fri, Jan 15",-,-,7:00 pm AST,Charlottetown,Moncton,Eastlink Centre,"Charlottetown, Islanders",Cha,19,https://assets.leaguestat.com/lhjmq/logos/7.png,"Moncton, Wildcats",Mon,19,https://assets.leaguestat.com/lhjmq/logos/1.png,214,qmjhl,2026-27 | Regular Season,,2026,2027,Fri,Jan,01,15,2027,2027-01-15,2026-10-01T16:58:30.022874+00:00
10,8,,"Fri, Jan 15",-,-,7:00 pm EST,Chicoutimi,Saint John,Centre Georges-Vézina,"Chicoutimi, Saguenéens",Chi,19,https://assets.leaguestat.com/lhjmq/logos/10.png,"Saint John, Sea Dogs",SNB,19,https://assets.leaguestat.com/lhjmq/logos/50x50/8_214.png,214,qmjhl,2026-27 | Regular Season,,2026,2027,Fri,Jan,01,15,2027,2027-01-15,2026-10-01T16:58:30.022874+00:00
12,19,,"Fri, Jan 15",-,-,7:00 pm EST,Gatineau,Blainville-Boisbriand,Centre Slush Puppie,"Gatineau, Olympiques",Gat,20,https://assets.leaguestat.com/lhjmq/logos/50x50/12.png,"Blainville-Boisbriand, Armada",BLB,20,https://assets.leaguestat.com/lhjmq/logos/19.png,214,qmjhl,2026-27 | Regular Season,,2026,2027,Fri,Jan,01,15,2027,2027-01-15,2026-10-01T16:58:30.022874+00:00
15,14,,"Fri, Jan 15",-,-,7:00 pm EST,Val-d'Or,Drummondville,Centre Agnico Eagle,"Val-d'Or, Foreurs",VdO,20,https://assets.leaguestat.com/lhjmq/logos/15.png,"Drummondville, Voltigeurs",Dru,20,https://assets.leaguestat.com/lhjmq/logos/50x50/14.png,214,qmjhl,2026-27 | Regular Season,,2026,2027,Fri,Jan,01,15,2027,2027-01-15,2026-10-01T16:58:30.022874+00:00
17,3,,"Fri, Jan 15",-,-,7:00 pm EST,Victoriaville,Cape Breton,Colisée Desjardins,"Victoriaville, Tigres",Vic,20,https://assets.leaguestat.com/lhjmq/logos/17.png,"Cape Breton, Eagles",Cap,19,https://assets.leaguestat.com/lhjmq/logos/3.png,214,qmjhl,2026-27 | Regular Season,,2026,2027,Fri,Jan,01,15,2027,2027-01-15,2026-10-01T16:58:30.022874+00:00
16,5,,"Sat, Jan 16",-,-,4:00 pm EST,Baie-Comeau,Halifax,Centre sportif Alcoa,"Baie-Comeau, Drakkar",BaC,19,https://assets.leaguestat.com/lhjmq/logos/16.png,"Halifax, Mooseheads",Hal,19,https://assets.leaguestat.com/lhjmq/logos/5_214.png,214,qmjhl,2026-27 | Regular Season,,2026,2027,Sat,Jan,01,16,2027,2027-01-16,2026-10-01T16:58:30.022874+00:00
11,14,,"Sat, Jan 16",-,-,4:00 pm EST,Rouyn-Noranda,Drummondville,Aréna Glencore,"Rouyn-Noranda, Huskies",Rou,20,https://assets.leaguestat.com/lhjmq/logos/50x50/11.png,"Drummondville, Voltigeurs",Dru,20,https://assets.leaguestat.com/lhjmq/logos/50x50/14.png,214,qmjhl,2026-27 | Regular Season,,2026,2027,Sat,Jan,01,16,2027,2027-01-16,2026-10-01T16:58:30.022874+00:00
15,13,,"Sat, Jan 16",-,-,4:00 pm EST,Val-d'Or,Shawinigan,Centre Agnico Eagle,"Val-d'Or, Foreurs",VdO,20,https://assets.leaguestat.com/lhjmq/logos/15.png,"Shawinigan, Cataractes",Sha,20,https://assets.leaguestat.com/lhjmq/logos/13.png,214,qmjhl,2026-27 | Regular Season,,2026,2027,Sat,Jan,01,16,2027,2027-01-16,2026-10-01T16:58:30.022874+00:00
60,3,,"Sat, Jan 16",-,-,4:00 pm EST,Sherbrooke,Cape Breton,Palais des Sports Léopold-Drolet,"Sherbrooke, Phœnix",She,20,https://assets.leaguestat.com/lhjmq/logos/50x50/60.png,"Cape Breton, Eagles",Cap,19,https://assets.leaguestat.com/lhjmq/logos/3.png,214,qmjhl,2026-27 | Regular Season,,2026,2027,Sat,Jan,01,16,2027,2027-01-16,2026-10-01T16:58:30.022874+00:00
2,9,,"Sat, Jan 16",-,-,7:00 pm NST,Newfoundland,Québec,Mary Brown's Centre,"Newfoundland, Regiment",NFL,19,https://assets.leaguestat.com/lhjmq/logos/2_214.png,"Québec, Remparts",Que,19,https://assets.leaguestat.com/lhjmq/logos/9.png,214,qmjhl,2026-27 | Regular Season,,2026,2027,Sat,Jan,01,16,2027,2027-01-16,2026-10-01T16:58:30.022874+00:00
1,7,,"Sat, Jan 16",-,-,7:00 pm AST,Moncton,Charlottetown,Avenir Centre,"Moncton, Wildcats",Mon,19,https://assets.leaguestat.com/lhjmq/logos/1.png,"Charlottetown, Islanders",Cha,19,https://assets.leaguestat.com/lhjmq/logos/7.png,214,qmjhl,2026-27 | Regular Season,,2026,2027,Sat,Jan,01,16,2027,2027-01-16,2026-10-01T16:58:30.022874+00:00
19,71,,"Sun, Jan 17",-,-,3:00 pm EST,Blainville-Boisbriand,Kingston - OHL,Centre Excellence Sports Rousseau,"Blainville-Boisbriand, Armada",BLB,20,https://assets.leaguestat.com/lhjmq/logos/19.png,,,,,214,qmjhl,2026-27 | Regular Season,,2026,2027,Sun,Jan,01,17,2027,2027-01-17,2026-10-01T16:58:30.022874+00:00
10,5,,"Sun, Jan 17",-,-,4:00 pm EST,Chicoutimi,Halifax,Centre Georges-Vézina,"Chicoutimi, Saguenéens",Chi,19,https://assets.leaguestat.com/lhjmq/logos/10.png,"Halifax, Mooseheads",Hal,19,https://assets.leaguestat.com/lhjmq/logos/5_214.png,214,qmjhl,2026-27 | Regular Season,,2026,2027,Sun,Jan,01,17,2027,2027-01-17,2026-10-01T16:58:30.022874+00:00
16,8,,"Sun, Jan 17",-,-,4:00 pm EST,Baie-Comeau,Saint John,Centre sportif Alcoa,"Baie-Comeau, Drakkar",BaC,19,https://assets.leaguestat.com/lhjmq/logos/16.png,"Saint John, Sea Dogs",SNB,19,https://assets.leaguestat.com/lhjmq/logos/50x50/8_214.png,214,qmjhl,2026-27 | Regular Season,,2026,2027,Sun,Jan,01,17,2027,2027-01-17,2026-10-01T16:58:30.022874+00:00
11,13,,"Sun, Jan 17",-,-,4:00 pm EST,Rouyn-Noranda,Shawinigan,Aréna Glencore,"Rouyn-Noranda, Huskies",Rou,20,https://assets.leaguestat.com/lhjmq/logos/50x50/11.png,"Shawinigan, Cataractes",Sha,20,https://assets.leaguestat.com/lhjmq/logos/13.png,214,qmjhl,2026-27 | Regular Season,,2026,2027,Sun,Jan,01,17,2027,2027-01-17,2026-10-01T16:58:30.022874+00:00
5,7,,"Wed, Jan 20",-,-,7:00 pm AST,Halifax,Charlottetown,Scotiabank Centre,"Halifax, Mooseheads",Hal,19,https://assets.leaguestat.com/lhjmq/logos/5_214.png,"Charlottetown, Islanders",Cha,19,https://assets.leaguestat.com/lhjmq/logos/7.png,214,qmjhl,2026-27 | Regular Season,,2026,2027,Wed,Jan,01,20,2027,2027-01-20,2026-10-01T16:58:30.022874+00:00
10,17,,"Wed, Jan 20",-,-,7:00 pm EST,Chicoutimi,Victoriaville,Centre Georges-Vézina,"Chicoutimi, Saguenéens",Chi,19,https://assets.leaguestat.com/lhjmq/logos/10.png,"Victoriaville, Tigres",Vic,20,https://assets.leaguestat.com/lhjmq/logos/17.png,214,qmjhl,2026-27 | Regular Season,,2026,2027,Wed,Jan,01,20,2027,2027-01-20,2026-10-01T16:58:30.022874+00:00
14,60,,"Wed, Jan 20",-,-,7:00 pm EST,Drummondville,Sherbrooke,Centre Marcel Dionne,"Drummondville, Voltigeurs",Dru,20,https://assets.leaguestat.com/lhjmq/logos/50x50/14.png,"Sherbrooke, Phœnix",She,20,https://assets.leaguestat.com/lhjmq/logos/50x50/60.png,214,qmjhl,2026-27 | Regular Season,,2026,2027,Wed,Jan,01,20,2027,2027-01-20,2026-10-01T16:58:30.022874+00:00
15,18,,"Wed, Jan 20",-,-,7:00 pm EST,Val-d'Or,Rimouski,Centre Agnico Eagle,"Val-d'Or, Foreurs",VdO,20,https://assets.leaguestat.com/lhjmq/logos/15.png,"Rimouski, Océanic",Rim,19,https://assets.leaguestat.com/lhjmq/logos/18_214.png,214,qmjhl,2026-27 | Regular Season,,2026,2027,Wed,Jan,01,20,2027,2027-01-20,2026-10-01T16:58:30.022874+00:00
3,12,,"Thu, Jan 21",-,-,7:00 pm AST,Cape Breton,Gatineau,Centre 200,"Cape Breton, Eagles",Cap,19,https://assets.leaguestat.com/lhjmq/logos/3.png,"Gatineau, Olympiques",Gat,20,https://assets.leaguestat.com/lhjmq/logos/50x50/12.png,214,qmjhl,2026-27 | Regular Season,,2026,2027,Thu,Jan,01,21,2027,2027-01-21,2026-10-01T16:58:30.022874+00:00
8,1,,"Thu, Jan 21",-,-,7:00 pm AST,Saint John,Moncton,TD Station,"Saint John, Sea Dogs",SNB,19,https://assets.leaguestat.com/lhjmq/logos/50x50/8_214.png,"Moncton, Wildcats",Mon,19,https://assets.leaguestat.com/lhjmq/logos/1.png,214,qmjhl,2026-27 | Regular Season,,2026,2027,Thu,Jan,01,21,2027,2027-01-21,2026-10-01T16:58:30.022874+00:00
16,17,,"Thu, Jan 21",-,-,7:00 pm EST,Baie-Comeau,Victoriaville,Centre sportif Alcoa,"Baie-Comeau, Drakkar",BaC,19,https://assets.leaguestat.com/lhjmq/logos/16.png,"Victoriaville, Tigres",Vic,20,https://assets.leaguestat.com/lhjmq/logos/17.png,214,qmjhl,2026-27 | Regular Season,,2026,2027,Thu,Jan,01,21,2027,2027-01-21,2026-10-01T16:58:30.022874+00:00
11,18,,"Thu, Jan 21",-,-,7:00 pm EST,Rouyn-Noranda,Rimouski,Aréna Glencore,"Rouyn-Noranda, Huskies",Rou,20,https://assets.leaguestat.com/lhjmq/logos/50x50/11.png,"Rimouski, Océanic",Rim,19,https://assets.leaguestat.com/lhjmq/logos/18_214.png,214,qmjhl,2026-27 | Regular Season,,2026,2027,Thu,Jan,01,21,2027,2027-01-21,2026-10-01T16:58:30.022874+00:00
3,12,,"Fri, Jan 22",-,-,7:00 pm AST,Cape Breton,Gatineau,Centre 200,"Cape Breton, Eagles",Cap,19,https://assets.leaguestat.com/lhjmq/logos/3.png,"Gatineau, Olympiques",Gat,20,https://assets.leaguestat.com/lhjmq/logos/50x50/12.png,214,qmjhl,2026-27 | Regular Season,,2026,2027,Fri,Jan,01,22,2027,2027-01-22,2026-10-01T16:58:30.022874+00:00
7,5,,"Fri, Jan 22",-,-,7:00 pm AST,Charlottetown,Halifax,Eastlink Centre,"Charlottetown, Islanders",Cha,19,https://assets.leaguestat.com/lhjmq/logos/7.png,"Halifax, Mooseheads",Hal,19,https://assets.leaguestat.com/lhjmq/logos/5_214.png,214,qmjhl,2026-27 | Regular Season,,2026,2027,Fri,Jan,01,22,2027,2027-01-22,2026-10-01T16:58:30.022874+00:00
11,18,,"Fri, Jan 22",-,-,7:00 pm EST,Rouyn-Noranda,Rimouski,Aréna Glencore,"Rouyn-Noranda, Huskies",Rou,20,https://assets.leaguestat.com/lhjmq/logos/50x50/11.png,"Rimouski, Océanic",Rim,19,https://assets.leaguestat.com/lhjmq/logos/18_214.png,214,qmjhl,2026-27 | Regular Season,,2026,2027,Fri,Jan,01,22,2027,2027-01-22,2026-10-01T16:58:30.022874+00:00
14,9,,"Fri, Jan 22",-,-,7:00 pm EST,Drummondville,Québec,Centre Marcel Dionne,"Drummondville, Voltigeurs",Dru,20,https://assets.leaguestat.com/lhjmq/logos/50x50/14.png,"Québec, Remparts",Que,19,https://assets.leaguestat.com/lhjmq/logos/9.png,214,qmjhl,2026-27 | Regular Season,,2026,2027,Fri,Jan,01,22,2027,2027-01-22,2026-10-01T16:58:30.022874+00:00
15,54,,"Fri, Jan 22",-,-,7:00 pm EST,Val-d'Or,North Bay - OHL,Centre Agnico Eagle,"Val-d'Or, Foreurs",VdO,20,https://assets.leaguestat.com/lhjmq/logos/15.png,,,,,214,qmjhl,2026-27 | Regular Season,,2026,2027,Fri,Jan,01,22,2027,2027-01-22,2026-10-01T16:58:30.022874+00:00
19,60,,"Fri, Jan 22",-,-,7:00 pm EST,Blainville-Boisbriand,Sherbrooke,Centre Excellence Sports Rousseau,"Blainville-Boisbriand, Armada",BLB,20,https://assets.leaguestat.com/lhjmq/logos/19.png,"Sherbrooke, Phœnix",She,20,https://assets.leaguestat.com/lhjmq/logos/50x50/60.png,214,qmjhl,2026-27 | Regular Season,,2026,2027,Fri,Jan,01,22,2027,2027-01-22,2026-10-01T16:58:30.022874+00:00
16,13,,"Sat, Jan 23",-,-,4:00 pm EST,Baie-Comeau,Shawinigan,Centre sportif Alcoa,"Baie-Comeau, Drakkar",BaC,19,https://assets.leaguestat.com/lhjmq/logos/16.png,"Shawinigan, Cataractes",Sha,20,https://assets.leaguestat.com/lhjmq/logos/13.png,214,qmjhl,2026-27 | Regular Season,,2026,2027,Sat,Jan,01,23,2027,2027-01-23,2026-10-01T16:58:30.022874+00:00
2,1,,"Sat, Jan 23",-,-,7:00 pm NST,Newfoundland,Moncton,Mary Brown's Centre,"Newfoundland, Regiment",NFL,19,https://assets.leaguestat.com/lhjmq/logos/2_214.png,"Moncton, Wildcats",Mon,19,https://assets.leaguestat.com/lhjmq/logos/1.png,214,qmjhl,2026-27 | Regular Season,,2026,2027,Sat,Jan,01,23,2027,2027-01-23,2026-10-01T16:58:30.022874+00:00
5,8,,"Sat, Jan 23",-,-,7:00 pm AST,Halifax,Saint John,Scotiabank Centre,"Halifax, Mooseheads",Hal,19,https://assets.leaguestat.com/lhjmq/logos/5_214.png,"Saint John, Sea Dogs",SNB,19,https://assets.leaguestat.com/lhjmq/logos/50x50/8_214.png,214,qmjhl,2026-27 | Regular Season,,2026,2027,Sat,Jan,01,23,2027,2027-01-23,2026-10-01T16:58:30.022874+00:00
2,1,,"Sun, Jan 24",-,-,3:00 pm NST,Newfoundland,Moncton,Mary Brown's Centre,"Newfoundland, Regiment",NFL,19,https://assets.leaguestat.com/lhjmq/logos/2_214.png,"Moncton, Wildcats",Mon,19,https://assets.leaguestat.com/lhjmq/logos/1.png,214,qmjhl,2026-27 | Regular Season,,2026,2027,Sun,Jan,01,24,2027,2027-01-24,2026-10-01T16:58:30.022874+00:00
7,3,,"Sun, Jan 24",-,-,3:00 pm AST,Charlottetown,Cape Breton,Eastlink Centre,"Charlottetown, Islanders",Cha,19,https://assets.leaguestat.com/lhjmq/logos/7.png,"Cape Breton, Eagles",Cap,19,https://assets.leaguestat.com/lhjmq/logos/3.png,214,qmjhl,2026-27 | Regular Season,,2026,2027,Sun,Jan,01,24,2027,2027-01-24,2026-10-01T16:58:30.022874+00:00
8,12,,"Sun, Jan 24",-,-,3:00 pm AST,Saint John,Gatineau,TD Station,"Saint John, Sea Dogs",SNB,19,https://assets.leaguestat.com/lhjmq/logos/50x50/8_214.png,"Gatineau, Olympiques",Gat,20,https://assets.leaguestat.com/lhjmq/logos/50x50/12.png,214,qmjhl,2026-27 | Regular Season,,2026,2027,Sun,Jan,01,24,2027,2027-01-24,2026-10-01T16:58:30.022874+00:00
9,10,,"Sun, Jan 24",-,-,3:00 pm EST,Québec,Chicoutimi,Centre Vidéotron,"Québec, Remparts",Que,19,https://assets.leaguestat.com/lhjmq/logos/9.png,"Chicoutimi, Saguenéens",Chi,19,https://assets.leaguestat.com/lhjmq/logos/10.png,214,qmjhl,2026-27 | Regular Season,,2026,2027,Sun,Jan,01,24,2027,2027-01-24,2026-10-01T16:58:30.022874+00:00
60,19,,"Sun, Jan 24",-,-,3:00 pm EST,Sherbrooke,Blainville-Boisbriand,Palais des Sports Léopold-Drolet,"Sherbrooke, Phœnix",She,20,https://assets.leaguestat.com/lhjmq/logos/50x50/60.png,"Blainville-Boisbriand, Armada",BLB,20,https://assets.leaguestat.com/lhjmq/logos/19.png,214,qmjhl,2026-27 | Regular Season,,2026,2027,Sun,Jan,01,24,2027,2027-01-24,2026-10-01T16:58:30.022874+00:00
16,13,,"Sun, Jan 24",-,-,4:00 pm EST,Baie-Comeau,Shawinigan,Centre sportif Alcoa,"Baie-Comeau, Drakkar",BaC,19,https://assets.leaguestat.com/lhjmq/logos/16.png,"Shawinigan, Cataractes",Sha,20,https://assets.leaguestat.com/lhjmq/logos/13.png,214,qmjhl,2026-27 | Regular Season,,2026,2027,Sun,Jan,01,24,2027,2027-01-24,2026-10-01T16:58:30.022874+00:00
11,15,,"Sun, Jan 24",-,-,4:00 pm EST,Rouyn-Noranda,Val-d'Or,Aréna Glencore,"Rouyn-Noranda, Huskies",Rou,20,https://assets.leaguestat.com/lhjmq/logos/50x50/11.png,"Val-d'Or, Foreurs",VdO,20,https://assets.leaguestat.com/lhjmq/logos/15.png,214,qmjhl,2026-27 | Regular Season,,2026,2027,Sun,Jan,01,24,2027,2027-01-24,2026-10-01T16:58:30.022874+00:00
14,17,,"Sun, Jan 24",-,-,4:00 pm EST,Drummondville,Victoriaville,Centre Marcel Dionne,"Drummondville, Voltigeurs",Dru,20,https://assets.leaguestat.com/lhjmq/logos/50x50/14.png,"Victoriaville, Tigres",Vic,20,https://assets.leaguestat.com/lhjmq/logos/17.png,214,qmjhl,2026-27 | Regular Season,,2026,2027,Sun,Jan,01,24,2027,2027-01-24,2026-10-01T16:58:30.022874+00:00
5,10,,"Wed, Jan 27",-,-,7:00 pm AST,Halifax,Chicoutimi,Scotiabank Centre,"Halifax, Mooseheads",Hal,19,https://assets.leaguestat.com/lhjmq/logos/5_214.png,"Chicoutimi, Saguenéens",Chi,19,https://assets.leaguestat.com/lhjmq/logos/10.png,214,qmjhl,2026-27 | Regular Season,,2026,2027,Wed,Jan,01,27,2027,2027-01-27,2026-10-01T16:58:30.022874+00:00
9,16,,"Wed, Jan 27",-,-,7:00 pm EST,Québec,Baie-Comeau,Centre Vidéotron,"Québec, Remparts",Que,19,https://assets.leaguestat.com/lhjmq/logos/9.png,"Baie-Comeau, Drakkar",BaC,19,https://assets.leaguestat.com/lhjmq/logos/16.png,214,qmjhl,2026-27 | Regular Season,,2026,2027,Wed,Jan,01,27,2027,2027-01-27,2026-10-01T16:58:30.022874+00:00
19,13,,"Wed, Jan 27",-,-,7:00 pm EST,Blainville-Boisbriand,Shawinigan,Centre Excellence Sports Rousseau,"Blainville-Boisbriand, Armada",BLB,20,https://assets.leaguestat.com/lhjmq/logos/19.png,"Shawinigan, Cataractes",Sha,20,https://assets.leaguestat.com/lhjmq/logos/13.png,214,qmjhl,2026-27 | Regular Season,,2026,2027,Wed,Jan,01,27,2027,2027-01-27,2026-10-01T16:58:30.022874+00:00
1,10,,"Thu, Jan 28",-,-,7:00 pm AST,Moncton,Chicoutimi,Avenir Centre,"Moncton, Wildcats",Mon,19,https://assets.leaguestat.com/lhjmq/logos/1.png,"Chicoutimi, Saguenéens",Chi,19,https://assets.leaguestat.com/lhjmq/logos/10.png,214,qmjhl,2026-27 | Regular Season,,2026,2027,Thu,Jan,01,28,2027,2027-01-28,2026-10-01T16:58:30.022874+00:00
18,15,,"Thu, Jan 28",-,-,7:00 pm EST,Rimouski,Val-d'Or,Colisée Financière Sun Life,"Rimouski, Océanic",Rim,19,https://assets.leaguestat.com/lhjmq/logos/18_214.png,"Val-d'Or, Foreurs",VdO,20,https://assets.leaguestat.com/lhjmq/logos/15.png,214,qmjhl,2026-27 | Regular Season,,2026,2027,Thu,Jan,01,28,2027,2027-01-28,2026-10-01T16:58:30.022874+00:00
14,16,,"Thu, Jan 28",-,-,7:00 pm EST,Drummondville,Baie-Comeau,Centre Marcel Dionne,"Drummondville, Voltigeurs",Dru,20,https://assets.leaguestat.com/lhjmq/logos/50x50/14.png,"Baie-Comeau, Drakkar",BaC,19,https://assets.leaguestat.com/lhjmq/logos/16.png,214,qmjhl,2026-27 | Regular Season,,2026,2027,Thu,Jan,01,28,2027,2027-01-28,2026-10-01T16:58:30.022874+00:00
3,5,,"Fri, Jan 29",-,-,7:00 pm AST,Cape Breton,Halifax,Centre 200,"Cape Breton, Eagles",Cap,19,https://assets.leaguestat.com/lhjmq/logos/3.png,"Halifax, Mooseheads",Hal,19,https://assets.leaguestat.com/lhjmq/logos/5_214.png,214,qmjhl,2026-27 | Regular Season,,2026,2027,Fri,Jan,01,29,2027,2027-01-29,2026-10-01T16:58:30.022874+00:00
7,60,,"Fri, Jan 29",-,-,7:00 pm AST,Charlottetown,Sherbrooke,Eastlink Centre,"Charlottetown, Islanders",Cha,19,https://assets.leaguestat.com/lhjmq/logos/7.png,"Sherbrooke, Phœnix",She,20,https://assets.leaguestat.com/lhjmq/logos/50x50/60.png,214,qmjhl,2026-27 | Regular Season,,2026,2027,Fri,Jan,01,29,2027,2027-01-29,2026-10-01T16:58:30.022874+00:00
9,16,,"Fri, Jan 29",-,-,7:00 pm EST,Québec,Baie-Comeau,Centre Vidéotron,"Québec, Remparts",Que,19,https://assets.leaguestat.com/lhjmq/logos/9.png,"Baie-Comeau, Drakkar",BaC,19,https://assets.leaguestat.com/lhjmq/logos/16.png,214,qmjhl,2026-27 | Regular Season,,2026,2027,Fri,Jan,01,29,2027,2027-01-29,2026-10-01T16:58:30.022874+00:00
18,15,,"Fri, Jan 29",-,-,7:00 pm EST,Rimouski,Val-d'Or,Colisée Financière Sun Life,"Rimouski, Océanic",Rim,19,https://assets.leaguestat.com/lhjmq/logos/18_214.png,"Val-d'Or, Foreurs",VdO,20,https://assets.leaguestat.com/lhjmq/logos/15.png,214,qmjhl,2026-27 | Regular Season,,2026,2027,Fri,Jan,01,29,2027,2027-01-29,2026-10-01T16:58:30.022874+00:00
17,11,,"Fri, Jan 29",-,-,7:00 pm EST,Victoriaville,Rouyn-Noranda,Colisée Desjardins,"Victoriaville, Tigres",Vic,20,https://assets.leaguestat.com/lhjmq/logos/17.png,"Rouyn-Noranda, Huskies",Rou,20,https://assets.leaguestat.com/lhjmq/logos/50x50/11.png,214,qmjhl,2026-27 | Regular Season,,2026,2027,Fri,Jan,01,29,2027,2027-01-29,2026-10-01T16:58:30.022874+00:00
19,2,,"Fri, Jan 29",-,-,7:00 pm EST,Blainville-Boisbriand,Newfoundland,Centre Excellence Sports Rousseau,"Blainville-Boisbriand, Armada",BLB,20,https://assets.leaguestat.com/lhjmq/logos/19.png,"Newfoundland, Regiment",NFL,19,https://assets.leaguestat.com/lhjmq/logos/2_214.png,214,qmjhl,2026-27 | Regular Season,,2026,2027,Fri,Jan,01,29,2027,2027-01-29,2026-10-01T16:58:30.022874+00:00
8,10,,"Sat, Jan 30",-,-,4:00 pm AST,Saint John,Chicoutimi,TD Station,"Saint John, Sea Dogs",SNB,19,https://assets.leaguestat.com/lhjmq/logos/50x50/8_214.png,"Chicoutimi, Saguenéens",Chi,19,https://assets.leaguestat.com/lhjmq/logos/10.png,214,qmjhl,2026-27 | Regular Season,,2026,2027,Sat,Jan,01,30,2027,2027-01-30,2026-10-01T16:58:30.022874+00:00
12,2,,"Sat, Jan 30",-,-,4:00 pm EST,Gatineau,Newfoundland,Centre Slush Puppie,"Gatineau, Olympiques",Gat,20,https://assets.leaguestat.com/lhjmq/logos/50x50/12.png,"Newfoundland, Regiment",NFL,19,https://assets.leaguestat.com/lhjmq/logos/2_214.png,214,qmjhl,2026-27 | Regular Season,,2026,2027,Sat,Jan,01,30,2027,2027-01-30,2026-10-01T16:58:30.022874+00:00
13,11,,"Sat, Jan 30",-,-,4:00 pm EST,Shawinigan,Rouyn-Noranda,Centre Gervais Auto,"Shawinigan, Cataractes",Sha,20,https://assets.leaguestat.com/lhjmq/logos/13.png,"Rouyn-Noranda, Huskies",Rou,20,https://assets.leaguestat.com/lhjmq/logos/50x50/11.png,214,qmjhl,2026-27 | Regular Season,,2026,2027,Sat,Jan,01,30,2027,2027-01-30,2026-10-01T16:58:30.022874+00:00
1,60,,"Sat, Jan 30",-,-,7:00 pm AST,Moncton,Sherbrooke,Avenir Centre,"Moncton, Wildcats",Mon,19,https://assets.leaguestat.com/lhjmq/logos/1.png,"Sherbrooke, Phœnix",She,20,https://assets.leaguestat.com/lhjmq/logos/50x50/60.png,214,qmjhl,2026-27 | Regular Season,,2026,2027,Sat,Jan,01,30,2027,2027-01-30,2026-10-01T16:58:30.022874+00:00
7,10,,"Sun, Jan 31",-,-,3:00 pm AST,Charlottetown,Chicoutimi,Eastlink Centre,"Charlottetown, Islanders",Cha,19,https://assets.leaguestat.com/lhjmq/logos/7.png,"Chicoutimi, Saguenéens",Chi,19,https://assets.leaguestat.com/lhjmq/logos/10.png,214,qmjhl,2026-27 | Regular Season,,2026,2027,Sun,Jan,01,31,2027,2027-01-31,2026-10-01T16:58:30.022874+00:00
8,60,,"Sun, Jan 31",-,-,3:00 pm AST,Saint John,Sherbrooke,TD Station,"Saint John, Sea Dogs",SNB,19,https://assets.leaguestat.com/lhjmq/logos/50x50/8_214.png,"Sherbrooke, Phœnix",She,20,https://assets.leaguestat.com/lhjmq/logos/50x50/60.png,214,qmjhl,2026-27 | Regular Season,,2026,2027,Sun,Jan,01,31,2027,2027-01-31,2026-10-01T16:58:30.022874+00:00
1,3,,"Sun, Jan 31",-,-,4:00 pm AST,Moncton,Cape Breton,Avenir Centre,"Moncton, Wildcats",Mon,19,https://assets.leaguestat.com/lhjmq/logos/1.png,"Cape Breton, Eagles",Cap,19,https://assets.leaguestat.com/lhjmq/logos/3.png,214,qmjhl,2026-27 | Regular Season,,2026,2027,Sun,Jan,01,31,2027,2027-01-31,2026-10-01T16:58:30.022874+00:00
9,15,,"Sun, Jan 31",-,-,3:00 pm EST,Québec,Val-d'Or,Centre Vidéotron,"Québec, Remparts",Que,19,https://assets.leaguestat.com/lhjmq/logos/9.png,"Val-d'Or, Foreurs",VdO,20,https://assets.leaguestat.com/lhjmq/logos/15.png,214,qmjhl,2026-27 | Regular Season,,2026,2027,Sun,Jan,01,31,2027,2027-01-31,2026-10-01T16:58:30.022874+00:00
18,14,,"Sun, Jan 31",-,-,3:00 pm EST,Rimouski,Drummondville,Colisée Financière Sun Life,"Rimouski, Océanic",Rim,19,https://assets.leaguestat.com/lhjmq/logos/18_214.png,"Drummondville, Voltigeurs",Dru,20,https://assets.leaguestat.com/lhjmq/logos/50x50/14.png,214,qmjhl,2026-27 | Regular Season,,2026,2027,Sun,Jan,01,31,2027,2027-01-31,2026-10-01T16:58:30.022874+00:00
12,2,,"Sun, Jan 31",-,-,3:00 pm EST,Gatineau,Newfoundland,Centre Slush Puppie,"Gatineau, Olympiques",Gat,20,https://assets.leaguestat.com/lhjmq/logos/50x50/12.png,"Newfoundland, Regiment",NFL,19,https://assets.leaguestat.com/lhjmq/logos/2_214.png,214,qmjhl,2026-27 | Regular Season,,2026,2027,Sun,Jan,01,31,2027,2027-01-31,2026-10-01T16:58:30.022874+00:00
19,11,,"Sun, Jan 31",-,-,3:00 pm EST,Blainville-Boisbriand,Rouyn-Noranda,Centre Excellence Sports Rousseau,"Blainville-Boisbriand, Armada",BLB,20,https://assets.leaguestat.com/lhjmq/logos/19.png,"Rouyn-Noranda, Huskies",Rou,20,https://assets.leaguestat.com/lhjmq/logos/50x50/11.png,214,qmjhl,2026-27 | Regular Season,,2026,2027,Sun,Jan,01,31,2027,2027-01-31,2026-10-01T16:58:30.022874+00:00
13,17,,"Sun, Jan 31",-,-,4:00 pm EST,Shawinigan,Victoriaville,Centre Gervais Auto,"Shawinigan, Cataractes",Sha,20,https://assets.leaguestat.com/lhjmq/logos/13.png,"Victoriaville, Tigres",Vic,20,https://assets.leaguestat.com/lhjmq/logos/17.png,214,qmjhl,2026-27 | Regular Season,,2026,2027,Sun,Jan,01,31,2027,2027-01-31,2026-10-01T16:58:30.022874+00:00
9,1,,"Wed, Feb 3",-,-,7:00 pm EST,Québec,Moncton,Centre Vidéotron,"Québec, Remparts",Que,19,https://assets.leaguestat.com/lhjmq/logos/9.png,"Moncton, Wildcats",Mon,19,https://assets.leaguestat.com/lhjmq/logos/1.png,214,qmjhl,2026-27 | Regular Season,,2026,2027,Wed,Feb,02,03,2027,2027-02-03,2026-10-01T16:58:30.022874+00:00
14,2,,"Wed, Feb 3",-,-,7:00 pm EST,Drummondville,Newfoundland,Centre Marcel Dionne,"Drummondville, Voltigeurs",Dru,20,https://assets.leaguestat.com/lhjmq/logos/50x50/14.png,"Newfoundland, Regiment",NFL,19,https://assets.leaguestat.com/lhjmq/logos/2_214.png,214,qmjhl,2026-27 | Regular Season,,2026,2027,Wed,Feb,02,03,2027,2027-02-03,2026-10-01T16:58:30.022874+00:00
5,18,,"Thu, Feb 4",-,-,7:00 pm AST,Halifax,Rimouski,Scotiabank Centre,"Halifax, Mooseheads",Hal,19,https://assets.leaguestat.com/lhjmq/logos/5_214.png,"Rimouski, Océanic",Rim,19,https://assets.leaguestat.com/lhjmq/logos/18_214.png,214,qmjhl,2026-27 | Regular Season,,2026,2027,Thu,Feb,02,04,2027,2027-02-04,2026-10-01T16:58:30.022874+00:00
7,3,,"Thu, Feb 4",-,-,7:00 pm AST,Charlottetown,Cape Breton,Eastlink Centre,"Charlottetown, Islanders",Cha,19,https://assets.leaguestat.com/lhjmq/logos/7.png,"Cape Breton, Eagles",Cap,19,https://assets.leaguestat.com/lhjmq/logos/3.png,214,qmjhl,2026-27 | Regular Season,,2026,2027,Thu,Feb,02,04,2027,2027-02-04,2026-10-01T16:58:30.022874+00:00
11,19,,"Thu, Feb 4",-,-,7:00 pm EST,Rouyn-Noranda,Blainville-Boisbriand,Aréna Glencore,"Rouyn-Noranda, Huskies",Rou,20,https://assets.leaguestat.com/lhjmq/logos/50x50/11.png,"Blainville-Boisbriand, Armada",BLB,20,https://assets.leaguestat.com/lhjmq/logos/19.png,214,qmjhl,2026-27 | Regular Season,,2026,2027,Thu,Feb,02,04,2027,2027-02-04,2026-10-01T16:58:30.022874+00:00
7,8,,"Fri, Feb 5",-,-,7:00 pm AST,Charlottetown,Saint John,Eastlink Centre,"Charlottetown, Islanders",Cha,19,https://assets.leaguestat.com/lhjmq/logos/7.png,"Saint John, Sea Dogs",SNB,19,https://assets.leaguestat.com/lhjmq/logos/50x50/8_214.png,214,qmjhl,2026-27 | Regular Season,,2026,2027,Fri,Feb,02,05,2027,2027-02-05,2026-10-01T16:58:30.022874+00:00
10,14,,"Fri, Feb 5",-,-,7:00 pm EST,Chicoutimi,Drummondville,Centre Georges-Vézina,"Chicoutimi, Saguenéens",Chi,19,https://assets.leaguestat.com/lhjmq/logos/10.png,"Drummondville, Voltigeurs",Dru,20,https://assets.leaguestat.com/lhjmq/logos/50x50/14.png,214,qmjhl,2026-27 | Regular Season,,2026,2027,Fri,Feb,02,05,2027,2027-02-05,2026-10-01T16:58:30.022874+00:00
16,1,,"Fri, Feb 5",-,-,7:00 pm EST,Baie-Comeau,Moncton,Centre sportif Alcoa,"Baie-Comeau, Drakkar",BaC,19,https://assets.leaguestat.com/lhjmq/logos/16.png,"Moncton, Wildcats",Mon,19,https://assets.leaguestat.com/lhjmq/logos/1.png,214,qmjhl,2026-27 | Regular Season,,2026,2027,Fri,Feb,02,05,2027,2027-02-05,2026-10-01T16:58:30.022874+00:00
13,2,,"Fri, Feb 5",-,-,7:00 pm EST,Shawinigan,Newfoundland,Centre Gervais Auto,"Shawinigan, Cataractes",Sha,20,https://assets.leaguestat.com/lhjmq/logos/13.png,"Newfoundland, Regiment",NFL,19,https://assets.leaguestat.com/lhjmq/logos/2_214.png,214,qmjhl,2026-27 | Regular Season,,2026,2027,Fri,Feb,02,05,2027,2027-02-05,2026-10-01T16:58:30.022874+00:00
15,19,,"Fri, Feb 5",-,-,7:00 pm EST,Val-d'Or,Blainville-Boisbriand,Centre Agnico Eagle,"Val-d'Or, Foreurs",VdO,20,https://assets.leaguestat.com/lhjmq/logos/15.png,"Blainville-Boisbriand, Armada",BLB,20,https://assets.leaguestat.com/lhjmq/logos/19.png,214,qmjhl,2026-27 | Regular Season,,2026,2027,Fri,Feb,02,05,2027,2027-02-05,2026-10-01T16:58:30.022874+00:00
17,9,,"Fri, Feb 5",-,-,7:00 pm EST,Victoriaville,Québec,Colisée Desjardins,"Victoriaville, Tigres",Vic,20,https://assets.leaguestat.com/lhjmq/logos/17.png,"Québec, Remparts",Que,19,https://assets.leaguestat.com/lhjmq/logos/9.png,214,qmjhl,2026-27 | Regular Season,,2026,2027,Fri,Feb,02,05,2027,2027-02-05,2026-10-01T16:58:30.022874+00:00
60,12,,"Fri, Feb 5",-,-,7:00 pm EST,Sherbrooke,Gatineau,Palais des Sports Léopold-Drolet,"Sherbrooke, Phœnix",She,20,https://assets.leaguestat.com/lhjmq/logos/50x50/60.png,"Gatineau, Olympiques",Gat,20,https://assets.leaguestat.com/lhjmq/logos/50x50/12.png,214,qmjhl,2026-27 | Regular Season,,2026,2027,Fri,Feb,02,05,2027,2027-02-05,2026-10-01T16:58:30.022874+00:00
5,7,,"Sat, Feb 6",-,-,4:00 pm AST,Halifax,Charlottetown,Scotiabank Centre,"Halifax, Mooseheads",Hal,19,https://assets.leaguestat.com/lhjmq/logos/5_214.png,"Charlottetown, Islanders",Cha,19,https://assets.leaguestat.com/lhjmq/logos/7.png,214,qmjhl,2026-27 | Regular Season,,2026,2027,Sat,Feb,02,06,2027,2027-02-06,2026-10-01T16:58:30.022874+00:00
10,1,,"Sat, Feb 6",-,-,4:00 pm EST,Chicoutimi,Moncton,Centre Georges-Vézina,"Chicoutimi, Saguenéens",Chi,19,https://assets.leaguestat.com/lhjmq/logos/10.png,"Moncton, Wildcats",Mon,19,https://assets.leaguestat.com/lhjmq/logos/1.png,214,qmjhl,2026-27 | Regular Season,,2026,2027,Sat,Feb,02,06,2027,2027-02-06,2026-10-01T16:58:30.022874+00:00
16,14,,"Sat, Feb 6",-,-,4:00 pm EST,Baie-Comeau,Drummondville,Centre sportif Alcoa,"Baie-Comeau, Drakkar",BaC,19,https://assets.leaguestat.com/lhjmq/logos/16.png,"Drummondville, Voltigeurs",Dru,20,https://assets.leaguestat.com/lhjmq/logos/50x50/14.png,214,qmjhl,2026-27 | Regular Season,,2026,2027,Sat,Feb,02,06,2027,2027-02-06,2026-10-01T16:58:30.022874+00:00
17,12,,"Sat, Feb 6",-,-,4:00 pm EST,Victoriaville,Gatineau,Colisée Desjardins,"Victoriaville, Tigres",Vic,20,https://assets.leaguestat.com/lhjmq/logos/17.png,"Gatineau, Olympiques",Gat,20,https://assets.leaguestat.com/lhjmq/logos/50x50/12.png,214,qmjhl,2026-27 | Regular Season,,2026,2027,Sat,Feb,02,06,2027,2027-02-06,2026-10-01T16:58:30.022874+00:00
3,18,,"Sat, Feb 6",-,-,7:00 pm AST,Cape Breton,Rimouski,Centre 200,"Cape Breton, Eagles",Cap,19,https://assets.leaguestat.com/lhjmq/logos/3.png,"Rimouski, Océanic",Rim,19,https://assets.leaguestat.com/lhjmq/logos/18_214.png,214,qmjhl,2026-27 | Regular Season,,2026,2027,Sat,Feb,02,06,2027,2027-02-06,2026-10-01T16:58:30.022874+00:00
9,60,,"Sat, Feb 6",-,-,7:00 pm EST,Québec,Sherbrooke,Centre Vidéotron,"Québec, Remparts",Que,19,https://assets.leaguestat.com/lhjmq/logos/9.png,"Sherbrooke, Phœnix",She,20,https://assets.leaguestat.com/lhjmq/logos/50x50/60.png,214,qmjhl,2026-27 | Regular Season,,2026,2027,Sat,Feb,02,06,2027,2027-02-06,2026-10-01T16:58:30.022874+00:00
3,18,,"Sun, Feb 7",-,-,3:00 pm AST,Cape Breton,Rimouski,Centre 200,"Cape Breton, Eagles",Cap,19,https://assets.leaguestat.com/lhjmq/logos/3.png,"Rimouski, Océanic",Rim,19,https://assets.leaguestat.com/lhjmq/logos/18_214.png,214,qmjhl,2026-27 | Regular Season,,2026,2027,Sun,Feb,02,07,2027,2027-02-07,2026-10-01T16:58:30.022874+00:00
8,5,,"Sun, Feb 7",-,-,3:00 pm AST,Saint John,Halifax,TD Station,"Saint John, Sea Dogs",SNB,19,https://assets.leaguestat.com/lhjmq/logos/50x50/8_214.png,"Halifax, Mooseheads",Hal,19,https://assets.leaguestat.com/lhjmq/logos/5_214.png,214,qmjhl,2026-27 | Regular Season,,2026,2027,Sun,Feb,02,07,2027,2027-02-07,2026-10-01T16:58:30.022874+00:00
15,11,,"Sun, Feb 7",-,-,3:00 pm EST,Val-d'Or,Rouyn-Noranda,Centre Agnico Eagle,"Val-d'Or, Foreurs",VdO,20,https://assets.leaguestat.com/lhjmq/logos/15.png,"Rouyn-Noranda, Huskies",Rou,20,https://assets.leaguestat.com/lhjmq/logos/50x50/11.png,214,qmjhl,2026-27 | Regular Season,,2026,2027,Sun,Feb,02,07,2027,2027-02-07,2026-10-01T16:58:30.022874+00:00
19,12,,"Sun, Feb 7",-,-,3:00 pm EST,Blainville-Boisbriand,Gatineau,Centre Excellence Sports Rousseau,"Blainville-Boisbriand, Armada",BLB,20,https://assets.leaguestat.com/lhjmq/logos/19.png,"Gatineau, Olympiques",Gat,20,https://assets.leaguestat.com/lhjmq/logos/50x50/12.png,214,qmjhl,2026-27 | Regular Season,,2026,2027,Sun,Feb,02,07,2027,2027-02-07,2026-10-01T16:58:30.022874+00:00
60,13,,"Sun, Feb 7",-,-,4:00 pm EST,Sherbrooke,Shawinigan,Palais des Sports Léopold-Drolet,"Sherbrooke, Phœnix",She,20,https://assets.leaguestat.com/lhjmq/logos/50x50/60.png,"Shawinigan, Cataractes",Sha,20,https://assets.leaguestat.com/lhjmq/logos/13.png,214,qmjhl,2026-27 | Regular Season,,2026,2027,Sun,Feb,02,07,2027,2027-02-07,2026-10-01T16:58:30.022874+00:00
3,1,,"Wed, Feb 10",-,-,7:00 pm AST,Cape Breton,Moncton,Centre 200,"Cape Breton, Eagles",Cap,19,https://assets.leaguestat.com/lhjmq/logos/3.png,"Moncton, Wildcats",Mon,19,https://assets.leaguestat.com/lhjmq/logos/1.png,214,qmjhl,2026-27 | Regular Season,,2026,2027,Wed,Feb,02,10,2027,2027-02-10,2026-10-01T16:58:30.022874+00:00
15,16,,"Wed, Feb 10",-,-,7:00 pm EST,Val-d'Or,Baie-Comeau,Centre Agnico Eagle,"Val-d'Or, Foreurs",VdO,20,https://assets.leaguestat.com/lhjmq/logos/15.png,"Baie-Comeau, Drakkar",BaC,19,https://assets.leaguestat.com/lhjmq/logos/16.png,214,qmjhl,2026-27 | Regular Season,,2026,2027,Wed,Feb,02,10,2027,2027-02-10,2026-10-01T16:58:30.022874+00:00
2,8,,"Thu, Feb 11",-,-,7:00 pm NST,Newfoundland,Saint John,Mary Brown's Centre,"Newfoundland, Regiment",NFL,19,https://assets.leaguestat.com/lhjmq/logos/2_214.png,"Saint John, Sea Dogs",SNB,19,https://assets.leaguestat.com/lhjmq/logos/50x50/8_214.png,214,qmjhl,2026-27 | Regular Season,,2026,2027,Thu,Feb,02,11,2027,2027-02-11,2026-10-01T16:58:30.022874+00:00
13,12,,"Thu, Feb 11",-,-,7:00 pm EST,Shawinigan,Gatineau,Centre Gervais Auto,"Shawinigan, Cataractes",Sha,20,https://assets.leaguestat.com/lhjmq/logos/13.png,"Gatineau, Olympiques",Gat,20,https://assets.leaguestat.com/lhjmq/logos/50x50/12.png,214,qmjhl,2026-27 | Regular Season,,2026,2027,Thu,Feb,02,11,2027,2027-02-11,2026-10-01T16:58:30.022874+00:00
15,16,,"Thu, Feb 11",-,-,7:00 pm EST,Val-d'Or,Baie-Comeau,Centre Agnico Eagle,"Val-d'Or, Foreurs",VdO,20,https://assets.leaguestat.com/lhjmq/logos/15.png,"Baie-Comeau, Drakkar",BaC,19,https://assets.leaguestat.com/lhjmq/logos/16.png,214,qmjhl,2026-27 | Regular Season,,2026,2027,Thu,Feb,02,11,2027,2027-02-11,2026-10-01T16:58:30.022874+00:00
60,17,,"Thu, Feb 11",-,-,7:00 pm EST,Sherbrooke,Victoriaville,Palais des Sports Léopold-Drolet,"Sherbrooke, Phœnix",She,20,https://assets.leaguestat.com/lhjmq/logos/50x50/60.png,"Victoriaville, Tigres",Vic,20,https://assets.leaguestat.com/lhjmq/logos/17.png,214,qmjhl,2026-27 | Regular Season,,2026,2027,Thu,Feb,02,11,2027,2027-02-11,2026-10-01T16:58:30.022874+00:00
2,8,,"Fri, Feb 12",-,-,7:00 pm NST,Newfoundland,Saint John,Mary Brown's Centre,"Newfoundland, Regiment",NFL,19,https://assets.leaguestat.com/lhjmq/logos/2_214.png,"Saint John, Sea Dogs",SNB,19,https://assets.leaguestat.com/lhjmq/logos/50x50/8_214.png,214,qmjhl,2026-27 | Regular Season,,2026,2027,Fri,Feb,02,12,2027,2027-02-12,2026-10-01T16:58:30.022874+00:00
1,5,,"Fri, Feb 12",-,-,7:00 pm AST,Moncton,Halifax,Avenir Centre,"Moncton, Wildcats",Mon,19,https://assets.leaguestat.com/lhjmq/logos/1.png,"Halifax, Mooseheads",Hal,19,https://assets.leaguestat.com/lhjmq/logos/5_214.png,214,qmjhl,2026-27 | Regular Season,,2026,2027,Fri,Feb,02,12,2027,2027-02-12,2026-10-01T16:58:30.022874+00:00
10,9,,"Fri, Feb 12",-,-,7:00 pm EST,Chicoutimi,Québec,Centre Georges-Vézina,"Chicoutimi, Saguenéens",Chi,19,https://assets.leaguestat.com/lhjmq/logos/10.png,"Québec, Remparts",Que,19,https://assets.leaguestat.com/lhjmq/logos/9.png,214,qmjhl,2026-27 | Regular Season,,2026,2027,Fri,Feb,02,12,2027,2027-02-12,2026-10-01T16:58:30.022874+00:00
18,13,,"Fri, Feb 12",-,-,7:00 pm EST,Rimouski,Shawinigan,Colisée Financière Sun Life,"Rimouski, Océanic",Rim,19,https://assets.leaguestat.com/lhjmq/logos/18_214.png,"Shawinigan, Cataractes",Sha,20,https://assets.leaguestat.com/lhjmq/logos/13.png,214,qmjhl,2026-27 | Regular Season,,2026,2027,Fri,Feb,02,12,2027,2027-02-12,2026-10-01T16:58:30.022874+00:00
11,16,,"Fri, Feb 12",-,-,7:00 pm EST,Rouyn-Noranda,Baie-Comeau,Aréna Glencore,"Rouyn-Noranda, Huskies",Rou,20,https://assets.leaguestat.com/lhjmq/logos/50x50/11.png,"Baie-Comeau, Drakkar",BaC,19,https://assets.leaguestat.com/lhjmq/logos/16.png,214,qmjhl,2026-27 | Regular Season,,2026,2027,Fri,Feb,02,12,2027,2027-02-12,2026-10-01T16:58:30.022874+00:00
14,19,,"Fri, Feb 12",-,-,7:00 pm EST,Drummondville,Blainville-Boisbriand,Centre Marcel Dionne,"Drummondville, Voltigeurs",Dru,20,https://assets.leaguestat.com/lhjmq/logos/50x50/14.png,"Blainville-Boisbriand, Armada",BLB,20,https://assets.leaguestat.com/lhjmq/logos/19.png,214,qmjhl,2026-27 | Regular Season,,2026,2027,Fri,Feb,02,12,2027,2027-02-12,2026-10-01T16:58:30.022874+00:00
10,19,,"Sat, Feb 13",-,-,4:00 pm EST,Chicoutimi,Blainville-Boisbriand,Centre Georges-Vézina,"Chicoutimi, Saguenéens",Chi,19,https://assets.leaguestat.com/lhjmq/logos/10.png,"Blainville-Boisbriand, Armada",BLB,20,https://assets.leaguestat.com/lhjmq/logos/19.png,214,qmjhl,2026-27 | Regular Season,,2026,2027,Sat,Feb,02,13,2027,2027-02-13,2026-10-01T16:58:30.022874+00:00
12,17,,"Sat, Feb 13",-,-,4:00 pm EST,Gatineau,Victoriaville,Centre Slush Puppie,"Gatineau, Olympiques",Gat,20,https://assets.leaguestat.com/lhjmq/logos/50x50/12.png,"Victoriaville, Tigres",Vic,20,https://assets.leaguestat.com/lhjmq/logos/17.png,214,qmjhl,2026-27 | Regular Season,,2026,2027,Sat,Feb,02,13,2027,2027-02-13,2026-10-01T16:58:30.022874+00:00
14,7,,"Sat, Feb 13",-,-,4:00 pm EST,Drummondville,Charlottetown,Centre Marcel Dionne,"Drummondville, Voltigeurs",Dru,20,https://assets.leaguestat.com/lhjmq/logos/50x50/14.png,"Charlottetown, Islanders",Cha,19,https://assets.leaguestat.com/lhjmq/logos/7.png,214,qmjhl,2026-27 | Regular Season,,2026,2027,Sat,Feb,02,13,2027,2027-02-13,2026-10-01T16:58:30.022874+00:00
15,60,,"Sat, Feb 13",-,-,4:00 pm EST,Val-d'Or,Sherbrooke,Centre Agnico Eagle,"Val-d'Or, Foreurs",VdO,20,https://assets.leaguestat.com/lhjmq/logos/15.png,"Sherbrooke, Phœnix",She,20,https://assets.leaguestat.com/lhjmq/logos/50x50/60.png,214,qmjhl,2026-27 | Regular Season,,2026,2027,Sat,Feb,02,13,2027,2027-02-13,2026-10-01T16:58:30.022874+00:00
5,3,,"Sat, Feb 13",-,-,7:00 pm AST,Halifax,Cape Breton,Scotiabank Centre,"Halifax, Mooseheads",Hal,19,https://assets.leaguestat.com/lhjmq/logos/5_214.png,"Cape Breton, Eagles",Cap,19,https://assets.leaguestat.com/lhjmq/logos/3.png,214,qmjhl,2026-27 | Regular Season,,2026,2027,Sat,Feb,02,13,2027,2027-02-13,2026-10-01T16:58:30.022874+00:00
18,9,,"Sun, Feb 14",-,-,2:00 pm EST,Rimouski,Québec,Colisée Financière Sun Life,"Rimouski, Océanic",Rim,19,https://assets.leaguestat.com/lhjmq/logos/18_214.png,"Québec, Remparts",Que,19,https://assets.leaguestat.com/lhjmq/logos/9.png,214,qmjhl,2026-27 | Regular Season,,2026,2027,Sun,Feb,02,14,2027,2027-02-14,2026-10-01T16:58:30.022874+00:00
11,60,,"Sun, Feb 14",-,-,3:00 pm EST,Rouyn-Noranda,Sherbrooke,Aréna Glencore,"Rouyn-Noranda, Huskies",Rou,20,https://assets.leaguestat.com/lhjmq/logos/50x50/11.png,"Sherbrooke, Phœnix",She,20,https://assets.leaguestat.com/lhjmq/logos/50x50/60.png,214,qmjhl,2026-27 | Regular Season,,2026,2027,Sun,Feb,02,14,2027,2027-02-14,2026-10-01T16:58:30.022874+00:00
13,7,,"Sun, Feb 14",-,-,4:00 pm EST,Shawinigan,Charlottetown,Centre Gervais Auto,"Shawinigan, Cataractes",Sha,20,https://assets.leaguestat.com/lhjmq/logos/13.png,"Charlottetown, Islanders",Cha,19,https://assets.leaguestat.com/lhjmq/logos/7.png,214,qmjhl,2026-27 | Regular Season,,2026,2027,Sun,Feb,02,14,2027,2027-02-14,2026-10-01T16:58:30.022874+00:00
5,1,,"Mon, Feb 15",-,-,2:00 pm AST,Halifax,Moncton,Scotiabank Centre,"Halifax, Mooseheads",Hal,19,https://assets.leaguestat.com/lhjmq/logos/5_214.png,"Moncton, Wildcats",Mon,19,https://assets.leaguestat.com/lhjmq/logos/1.png,214,qmjhl,2026-27 | Regular Season,,2026,2027,Mon,Feb,02,15,2027,2027-02-15,2026-10-01T16:58:30.022874+00:00
8,3,,"Mon, Feb 15",-,-,3:00 pm AST,Saint John,Cape Breton,TD Station,"Saint John, Sea Dogs",SNB,19,https://assets.leaguestat.com/lhjmq/logos/50x50/8_214.png,"Cape Breton, Eagles",Cap,19,https://assets.leaguestat.com/lhjmq/logos/3.png,214,qmjhl,2026-27 | Regular Season,,2026,2027,Mon,Feb,02,15,2027,2027-02-15,2026-10-01T16:58:30.022874+00:00
9,7,,"Tue, Feb 16",-,-,7:00 pm EST,Québec,Charlottetown,Centre Vidéotron,"Québec, Remparts",Que,19,https://assets.leaguestat.com/lhjmq/logos/9.png,"Charlottetown, Islanders",Cha,19,https://assets.leaguestat.com/lhjmq/logos/7.png,214,qmjhl,2026-27 | Regular Season,,2026,2027,Tue,Feb,02,16,2027,2027-02-16,2026-10-01T16:58:30.022874+00:00
19,7,,"Wed, Feb 17",-,-,7:00 pm EST,Blainville-Boisbriand,Charlottetown,Centre Excellence Sports Rousseau,"Blainville-Boisbriand, Armada",BLB,20,https://assets.leaguestat.com/lhjmq/logos/19.png,"Charlottetown, Islanders",Cha,19,https://assets.leaguestat.com/lhjmq/logos/7.png,214,qmjhl,2026-27 | Regular Season,,2026,2027,Wed,Feb,02,17,2027,2027-02-17,2026-10-01T16:58:30.022874+00:00
8,5,,"Thu, Feb 18",-,-,7:00 pm AST,Saint John,Halifax,TD Station,"Saint John, Sea Dogs",SNB,19,https://assets.leaguestat.com/lhjmq/logos/50x50/8_214.png,"Halifax, Mooseheads",Hal,19,https://assets.leaguestat.com/lhjmq/logos/5_214.png,214,qmjhl,2026-27 | Regular Season,,2026,2027,Thu,Feb,02,18,2027,2027-02-18,2026-10-01T16:58:30.022874+00:00
10,18,,"Thu, Feb 18",-,-,7:00 pm EST,Chicoutimi,Rimouski,Centre Georges-Vézina,"Chicoutimi, Saguenéens",Chi,19,https://assets.leaguestat.com/lhjmq/logos/10.png,"Rimouski, Océanic",Rim,19,https://assets.leaguestat.com/lhjmq/logos/18_214.png,214,qmjhl,2026-27 | Regular Season,,2026,2027,Thu,Feb,02,18,2027,2027-02-18,2026-10-01T16:58:30.022874+00:00
16,15,,"Thu, Feb 18",-,-,7:00 pm EST,Baie-Comeau,Val-d'Or,Centre sportif Alcoa,"Baie-Comeau, Drakkar",BaC,19,https://assets.leaguestat.com/lhjmq/logos/16.png,"Val-d'Or, Foreurs",VdO,20,https://assets.leaguestat.com/lhjmq/logos/15.png,214,qmjhl,2026-27 | Regular Season,,2026,2027,Thu,Feb,02,18,2027,2027-02-18,2026-10-01T16:58:30.022874+00:00
17,13,,"Thu, Feb 18",-,-,7:00 pm EST,Victoriaville,Shawinigan,Colisée Desjardins,"Victoriaville, Tigres",Vic,20,https://assets.leaguestat.com/lhjmq/logos/17.png,"Shawinigan, Cataractes",Sha,20,https://assets.leaguestat.com/lhjmq/logos/13.png,214,qmjhl,2026-27 | Regular Season,,2026,2027,Thu,Feb,02,18,2027,2027-02-18,2026-10-01T16:58:30.022874+00:00
60,11,,"Thu, Feb 18",-,-,7:00 pm EST,Sherbrooke,Rouyn-Noranda,Palais des Sports Léopold-Drolet,"Sherbrooke, Phœnix",She,20,https://assets.leaguestat.com/lhjmq/logos/50x50/60.png,"Rouyn-Noranda, Huskies",Rou,20,https://assets.leaguestat.com/lhjmq/logos/50x50/11.png,214,qmjhl,2026-27 | Regular Season,,2026,2027,Thu,Feb,02,18,2027,2027-02-18,2026-10-01T16:58:30.022874+00:00
3,14,,"Fri, Feb 19",-,-,7:00 pm AST,Cape Breton,Drummondville,Centre 200,"Cape Breton, Eagles",Cap,19,https://assets.leaguestat.com/lhjmq/logos/3.png,"Drummondville, Voltigeurs",Dru,20,https://assets.leaguestat.com/lhjmq/logos/50x50/14.png,214,qmjhl,2026-27 | Regular Season,,2026,2027,Fri,Feb,02,19,2027,2027-02-19,2026-10-01T16:58:30.022874+00:00
12,11,,"Fri, Feb 19",-,-,7:00 pm EST,Gatineau,Rouyn-Noranda,Centre Slush Puppie,"Gatineau, Olympiques",Gat,20,https://assets.leaguestat.com/lhjmq/logos/50x50/12.png,"Rouyn-Noranda, Huskies",Rou,20,https://assets.leaguestat.com/lhjmq/logos/50x50/11.png,214,qmjhl,2026-27 | Regular Season,,2026,2027,Fri,Feb,02,19,2027,2027-02-19,2026-10-01T16:58:30.022874+00:00
13,17,,"Fri, Feb 19",-,-,7:00 pm EST,Shawinigan,Victoriaville,Centre Gervais Auto,"Shawinigan, Cataractes",Sha,20,https://assets.leaguestat.com/lhjmq/logos/13.png,"Victoriaville, Tigres",Vic,20,https://assets.leaguestat.com/lhjmq/logos/17.png,214,qmjhl,2026-27 | Regular Season,,2026,2027,Fri,Feb,02,19,2027,2027-02-19,2026-10-01T16:58:30.022874+00:00
60,9,,"Fri, Feb 19",-,-,7:00 pm EST,Sherbrooke,Québec,Palais des Sports Léopold-Drolet,"Sherbrooke, Phœnix",She,20,https://assets.leaguestat.com/lhjmq/logos/50x50/60.png,"Québec, Remparts",Que,19,https://assets.leaguestat.com/lhjmq/logos/9.png,214,qmjhl,2026-27 | Regular Season,,2026,2027,Fri,Feb,02,19,2027,2027-02-19,2026-10-01T16:58:30.022874+00:00
10,15,,"Sat, Feb 20",-,-,4:00 pm EST,Chicoutimi,Val-d'Or,Centre Georges-Vézina,"Chicoutimi, Saguenéens",Chi,19,https://assets.leaguestat.com/lhjmq/logos/10.png,"Val-d'Or, Foreurs",VdO,20,https://assets.leaguestat.com/lhjmq/logos/15.png,214,qmjhl,2026-27 | Regular Season,,2026,2027,Sat,Feb,02,20,2027,2027-02-20,2026-10-01T16:58:30.022874+00:00
16,18,,"Sat, Feb 20",-,-,4:00 pm EST,Baie-Comeau,Rimouski,Centre sportif Alcoa,"Baie-Comeau, Drakkar",BaC,19,https://assets.leaguestat.com/lhjmq/logos/16.png,"Rimouski, Océanic",Rim,19,https://assets.leaguestat.com/lhjmq/logos/18_214.png,214,qmjhl,2026-27 | Regular Season,,2026,2027,Sat,Feb,02,20,2027,2027-02-20,2026-10-01T16:58:30.022874+00:00
12,9,,"Sat, Feb 20",-,-,4:00 pm EST,Gatineau,Québec,Centre Slush Puppie,"Gatineau, Olympiques",Gat,20,https://assets.leaguestat.com/lhjmq/logos/50x50/12.png,"Québec, Remparts",Que,19,https://assets.leaguestat.com/lhjmq/logos/9.png,214,qmjhl,2026-27 | Regular Season,,2026,2027,Sat,Feb,02,20,2027,2027-02-20,2026-10-01T16:58:30.022874+00:00
2,7,,"Sat, Feb 20",-,-,7:00 pm NST,Newfoundland,Charlottetown,Mary Brown's Centre,"Newfoundland, Regiment",NFL,19,https://assets.leaguestat.com/lhjmq/logos/2_214.png,"Charlottetown, Islanders",Cha,19,https://assets.leaguestat.com/lhjmq/logos/7.png,214,qmjhl,2026-27 | Regular Season,,2026,2027,Sat,Feb,02,20,2027,2027-02-20,2026-10-01T16:58:30.022874+00:00
1,8,,"Sat, Feb 20",-,-,7:00 pm AST,Moncton,Saint John,Avenir Centre,"Moncton, Wildcats",Mon,19,https://assets.leaguestat.com/lhjmq/logos/1.png,"Saint John, Sea Dogs",SNB,19,https://assets.leaguestat.com/lhjmq/logos/50x50/8_214.png,214,qmjhl,2026-27 | Regular Season,,2026,2027,Sat,Feb,02,20,2027,2027-02-20,2026-10-01T16:58:30.022874+00:00
3,14,,"Sat, Feb 20",-,-,7:00 pm AST,Cape Breton,Drummondville,Centre 200,"Cape Breton, Eagles",Cap,19,https://assets.leaguestat.com/lhjmq/logos/3.png,"Drummondville, Voltigeurs",Dru,20,https://assets.leaguestat.com/lhjmq/logos/50x50/14.png,214,qmjhl,2026-27 | Regular Season,,2026,2027,Sat,Feb,02,20,2027,2027-02-20,2026-10-01T16:58:30.022874+00:00
2,7,,"Sun, Feb 21",-,-,3:00 pm NST,Newfoundland,Charlottetown,Mary Brown's Centre,"Newfoundland, Regiment",NFL,19,https://assets.leaguestat.com/lhjmq/logos/2_214.png,"Charlottetown, Islanders",Cha,19,https://assets.leaguestat.com/lhjmq/logos/7.png,214,qmjhl,2026-27 | Regular Season,,2026,2027,Sun,Feb,02,21,2027,2027-02-21,2026-10-01T16:58:30.022874+00:00
5,8,,"Sun, Feb 21",-,-,3:00 pm AST,Halifax,Saint John,Scotiabank Centre,"Halifax, Mooseheads",Hal,19,https://assets.leaguestat.com/lhjmq/logos/5_214.png,"Saint John, Sea Dogs",SNB,19,https://assets.leaguestat.com/lhjmq/logos/50x50/8_214.png,214,qmjhl,2026-27 | Regular Season,,2026,2027,Sun,Feb,02,21,2027,2027-02-21,2026-10-01T16:58:30.022874+00:00
19,17,,"Sun, Feb 21",-,-,3:00 pm EST,Blainville-Boisbriand,Victoriaville,Centre Excellence Sports Rousseau,"Blainville-Boisbriand, Armada",BLB,20,https://assets.leaguestat.com/lhjmq/logos/19.png,"Victoriaville, Tigres",Vic,20,https://assets.leaguestat.com/lhjmq/logos/17.png,214,qmjhl,2026-27 | Regular Season,,2026,2027,Sun,Feb,02,21,2027,2027-02-21,2026-10-01T16:58:30.022874+00:00
60,13,,"Sun, Feb 21",-,-,3:00 pm EST,Sherbrooke,Shawinigan,Palais des Sports Léopold-Drolet,"Sherbrooke, Phœnix",She,20,https://assets.leaguestat.com/lhjmq/logos/50x50/60.png,"Shawinigan, Cataractes",Sha,20,https://assets.leaguestat.com/lhjmq/logos/13.png,214,qmjhl,2026-27 | Regular Season,,2026,2027,Sun,Feb,02,21,2027,2027-02-21,2026-10-01T16:58:30.022874+00:00
10,15,,"Sun, Feb 21",-,-,4:00 pm EST,Chicoutimi,Val-d'Or,Centre Georges-Vézina,"Chicoutimi, Saguenéens",Chi,19,https://assets.leaguestat.com/lhjmq/logos/10.png,"Val-d'Or, Foreurs",VdO,20,https://assets.leaguestat.com/lhjmq/logos/15.png,214,qmjhl,2026-27 | Regular Season,,2026,2027,Sun,Feb,02,21,2027,2027-02-21,2026-10-01T16:58:30.022874+00:00
16,18,,"Sun, Feb 21",-,-,4:00 pm EST,Baie-Comeau,Rimouski,Centre sportif Alcoa,"Baie-Comeau, Drakkar",BaC,19,https://assets.leaguestat.com/lhjmq/logos/16.png,"Rimouski, Océanic",Rim,19,https://assets.leaguestat.com/lhjmq/logos/18_214.png,214,qmjhl,2026-27 | Regular Season,,2026,2027,Sun,Feb,02,21,2027,2027-02-21,2026-10-01T16:58:30.022874+00:00
11,65,,"Sun, Feb 21",-,-,4:00 pm EST,Rouyn-Noranda,Sudbury - OHL,Aréna Glencore,"Rouyn-Noranda, Huskies",Rou,20,https://assets.leaguestat.com/lhjmq/logos/50x50/11.png,,,,,214,qmjhl,2026-27 | Regular Season,,2026,2027,Sun,Feb,02,21,2027,2027-02-21,2026-10-01T16:58:30.022874+00:00
3,2,,"Wed, Feb 24",-,-,7:00 pm AST,Cape Breton,Newfoundland,Centre 200,"Cape Breton, Eagles",Cap,19,https://assets.leaguestat.com/lhjmq/logos/3.png,"Newfoundland, Regiment",NFL,19,https://assets.leaguestat.com/lhjmq/logos/2_214.png,214,qmjhl,2026-27 | Regular Season,,2026,2027,Wed,Feb,02,24,2027,2027-02-24,2026-10-01T16:58:30.022874+00:00
8,13,,"Wed, Feb 24",-,-,7:00 pm AST,Saint John,Shawinigan,TD Station,"Saint John, Sea Dogs",SNB,19,https://assets.leaguestat.com/lhjmq/logos/50x50/8_214.png,"Shawinigan, Cataractes",Sha,20,https://assets.leaguestat.com/lhjmq/logos/13.png,214,qmjhl,2026-27 | Regular Season,,2026,2027,Wed,Feb,02,24,2027,2027-02-24,2026-10-01T16:58:30.022874+00:00
9,5,,"Wed, Feb 24",-,-,7:00 pm EST,Québec,Halifax,Centre Vidéotron,"Québec, Remparts",Que,19,https://assets.leaguestat.com/lhjmq/logos/9.png,"Halifax, Mooseheads",Hal,19,https://assets.leaguestat.com/lhjmq/logos/5_214.png,214,qmjhl,2026-27 | Regular Season,,2026,2027,Wed,Feb,02,24,2027,2027-02-24,2026-10-01T16:58:30.022874+00:00
10,12,,"Wed, Feb 24",-,-,7:00 pm EST,Chicoutimi,Gatineau,Centre Georges-Vézina,"Chicoutimi, Saguenéens",Chi,19,https://assets.leaguestat.com/lhjmq/logos/10.png,"Gatineau, Olympiques",Gat,20,https://assets.leaguestat.com/lhjmq/logos/50x50/12.png,214,qmjhl,2026-27 | Regular Season,,2026,2027,Wed,Feb,02,24,2027,2027-02-24,2026-10-01T16:58:30.022874+00:00
3,13,,"Fri, Feb 26",-,-,7:00 pm AST,Cape Breton,Shawinigan,Centre 200,"Cape Breton, Eagles",Cap,19,https://assets.leaguestat.com/lhjmq/logos/3.png,"Shawinigan, Cataractes",Sha,20,https://assets.leaguestat.com/lhjmq/logos/13.png,214,qmjhl,2026-27 | Regular Season,,2026,2027,Fri,Feb,02,26,2027,2027-02-26,2026-10-01T16:58:30.022874+00:00
7,19,,"Fri, Feb 26",-,-,7:00 pm AST,Charlottetown,Blainville-Boisbriand,Eastlink Centre,"Charlottetown, Islanders",Cha,19,https://assets.leaguestat.com/lhjmq/logos/7.png,"Blainville-Boisbriand, Armada",BLB,20,https://assets.leaguestat.com/lhjmq/logos/19.png,214,qmjhl,2026-27 | Regular Season,,2026,2027,Fri,Feb,02,26,2027,2027-02-26,2026-10-01T16:58:30.022874+00:00
8,2,,"Fri, Feb 26",-,-,7:00 pm AST,Saint John,Newfoundland,TD Station,"Saint John, Sea Dogs",SNB,19,https://assets.leaguestat.com/lhjmq/logos/50x50/8_214.png,"Newfoundland, Regiment",NFL,19,https://assets.leaguestat.com/lhjmq/logos/2_214.png,214,qmjhl,2026-27 | Regular Season,,2026,2027,Fri,Feb,02,26,2027,2027-02-26,2026-10-01T16:58:30.022874+00:00
16,12,,"Fri, Feb 26",-,-,7:00 pm EST,Baie-Comeau,Gatineau,Centre sportif Alcoa,"Baie-Comeau, Drakkar",BaC,19,https://assets.leaguestat.com/lhjmq/logos/16.png,"Gatineau, Olympiques",Gat,20,https://assets.leaguestat.com/lhjmq/logos/50x50/12.png,214,qmjhl,2026-27 | Regular Season,,2026,2027,Fri,Feb,02,26,2027,2027-02-26,2026-10-01T16:58:30.022874+00:00
18,10,,"Fri, Feb 26",-,-,7:00 pm EST,Rimouski,Chicoutimi,Colisée Financière Sun Life,"Rimouski, Océanic",Rim,19,https://assets.leaguestat.com/lhjmq/logos/18_214.png,"Chicoutimi, Saguenéens",Chi,19,https://assets.leaguestat.com/lhjmq/logos/10.png,214,qmjhl,2026-27 | Regular Season,,2026,2027,Fri,Feb,02,26,2027,2027-02-26,2026-10-01T16:58:30.022874+00:00
14,9,,"Fri, Feb 26",-,-,7:00 pm EST,Drummondville,Québec,Centre Marcel Dionne,"Drummondville, Voltigeurs",Dru,20,https://assets.leaguestat.com/lhjmq/logos/50x50/14.png,"Québec, Remparts",Que,19,https://assets.leaguestat.com/lhjmq/logos/9.png,214,qmjhl,2026-27 | Regular Season,,2026,2027,Fri,Feb,02,26,2027,2027-02-26,2026-10-01T16:58:30.022874+00:00
15,5,,"Fri, Feb 26",-,-,7:00 pm EST,Val-d'Or,Halifax,Centre Agnico Eagle,"Val-d'Or, Foreurs",VdO,20,https://assets.leaguestat.com/lhjmq/logos/15.png,"Halifax, Mooseheads",Hal,19,https://assets.leaguestat.com/lhjmq/logos/5_214.png,214,qmjhl,2026-27 | Regular Season,,2026,2027,Fri,Feb,02,26,2027,2027-02-26,2026-10-01T16:58:30.022874+00:00
17,60,,"Fri, Feb 26",-,-,7:00 pm EST,Victoriaville,Sherbrooke,Colisée Desjardins,"Victoriaville, Tigres",Vic,20,https://assets.leaguestat.com/lhjmq/logos/17.png,"Sherbrooke, Phœnix",She,20,https://assets.leaguestat.com/lhjmq/logos/50x50/60.png,214,qmjhl,2026-27 | Regular Season,,2026,2027,Fri,Feb,02,26,2027,2027-02-26,2026-10-01T16:58:30.022874+00:00
8,19,,"Sat, Feb 27",-,-,4:00 pm AST,Saint John,Blainville-Boisbriand,TD Station,"Saint John, Sea Dogs",SNB,19,https://assets.leaguestat.com/lhjmq/logos/50x50/8_214.png,"Blainville-Boisbriand, Armada",BLB,20,https://assets.leaguestat.com/lhjmq/logos/19.png,214,qmjhl,2026-27 | Regular Season,,2026,2027,Sat,Feb,02,27,2027,2027-02-27,2026-10-01T16:58:30.022874+00:00
16,12,,"Sat, Feb 27",-,-,4:00 pm EST,Baie-Comeau,Gatineau,Centre sportif Alcoa,"Baie-Comeau, Drakkar",BaC,19,https://assets.leaguestat.com/lhjmq/logos/16.png,"Gatineau, Olympiques",Gat,20,https://assets.leaguestat.com/lhjmq/logos/50x50/12.png,214,qmjhl,2026-27 | Regular Season,,2026,2027,Sat,Feb,02,27,2027,2027-02-27,2026-10-01T16:58:30.022874+00:00
18,10,,"Sat, Feb 27",-,-,4:00 pm EST,Rimouski,Chicoutimi,Colisée Financière Sun Life,"Rimouski, Océanic",Rim,19,https://assets.leaguestat.com/lhjmq/logos/18_214.png,"Chicoutimi, Saguenéens",Chi,19,https://assets.leaguestat.com/lhjmq/logos/10.png,214,qmjhl,2026-27 | Regular Season,,2026,2027,Sat,Feb,02,27,2027,2027-02-27,2026-10-01T16:58:30.022874+00:00
11,5,,"Sat, Feb 27",-,-,4:00 pm EST,Rouyn-Noranda,Halifax,Aréna Glencore,"Rouyn-Noranda, Huskies",Rou,20,https://assets.leaguestat.com/lhjmq/logos/50x50/11.png,"Halifax, Mooseheads",Hal,19,https://assets.leaguestat.com/lhjmq/logos/5_214.png,214,qmjhl,2026-27 | Regular Season,,2026,2027,Sat,Feb,02,27,2027,2027-02-27,2026-10-01T16:58:30.022874+00:00
60,14,,"Sat, Feb 27",-,-,4:00 pm EST,Sherbrooke,Drummondville,Palais des Sports Léopold-Drolet,"Sherbrooke, Phœnix",She,20,https://assets.leaguestat.com/lhjmq/logos/50x50/60.png,"Drummondville, Voltigeurs",Dru,20,https://assets.leaguestat.com/lhjmq/logos/50x50/14.png,214,qmjhl,2026-27 | Regular Season,,2026,2027,Sat,Feb,02,27,2027,2027-02-27,2026-10-01T16:58:30.022874+00:00
1,2,,"Sat, Feb 27",-,-,7:00 pm AST,Moncton,Newfoundland,Avenir Centre,"Moncton, Wildcats",Mon,19,https://assets.leaguestat.com/lhjmq/logos/1.png,"Newfoundland, Regiment",NFL,19,https://assets.leaguestat.com/lhjmq/logos/2_214.png,214,qmjhl,2026-27 | Regular Season,,2026,2027,Sat,Feb,02,27,2027,2027-02-27,2026-10-01T16:58:30.022874+00:00
3,13,,"Sat, Feb 27",-,-,7:00 pm AST,Cape Breton,Shawinigan,Centre 200,"Cape Breton, Eagles",Cap,19,https://assets.leaguestat.com/lhjmq/logos/3.png,"Shawinigan, Cataractes",Sha,20,https://assets.leaguestat.com/lhjmq/logos/13.png,214,qmjhl,2026-27 | Regular Season,,2026,2027,Sat,Feb,02,27,2027,2027-02-27,2026-10-01T16:58:30.022874+00:00
7,2,,"Sun, Feb 28",-,-,3:00 pm AST,Charlottetown,Newfoundland,Eastlink Centre,"Charlottetown, Islanders",Cha,19,https://assets.leaguestat.com/lhjmq/logos/7.png,"Newfoundland, Regiment",NFL,19,https://assets.leaguestat.com/lhjmq/logos/2_214.png,214,qmjhl,2026-27 | Regular Season,,2026,2027,Sun,Feb,02,28,2027,2027-02-28,2026-10-01T16:58:30.022874+00:00
1,19,,"Sun, Feb 28",-,-,4:00 pm AST,Moncton,Blainville-Boisbriand,Avenir Centre,"Moncton, Wildcats",Mon,19,https://assets.leaguestat.com/lhjmq/logos/1.png,"Blainville-Boisbriand, Armada",BLB,20,https://assets.leaguestat.com/lhjmq/logos/19.png,214,qmjhl,2026-27 | Regular Season,,2026,2027,Sun,Feb,02,28,2027,2027-02-28,2026-10-01T16:58:30.022874+00:00
15,11,,"Sun, Feb 28",-,-,4:00 pm EST,Val-d'Or,Rouyn-Noranda,Centre Agnico Eagle,"Val-d'Or, Foreurs",VdO,20,https://assets.leaguestat.com/lhjmq/logos/15.png,"Rouyn-Noranda, Huskies",Rou,20,https://assets.leaguestat.com/lhjmq/logos/50x50/11.png,214,qmjhl,2026-27 | Regular Season,,2026,2027,Sun,Feb,02,28,2027,2027-02-28,2026-10-01T16:58:30.022874+00:00
17,14,,"Sun, Feb 28",-,-,4:00 pm EST,Victoriaville,Drummondville,Colisée Desjardins,"Victoriaville, Tigres",Vic,20,https://assets.leaguestat.com/lhjmq/logos/17.png,"Drummondville, Voltigeurs",Dru,20,https://assets.leaguestat.com/lhjmq/logos/50x50/14.png,214,qmjhl,2026-27 | Regular Season,,2026,2027,Sun,Feb,02,28,2027,2027-02-28,2026-10-01T16:58:30.022874+00:00
9,10,,"Mon, Mar 1",-,-,7:00 pm EST,Québec,Chicoutimi,Centre Vidéotron,"Québec, Remparts",Que,19,https://assets.leaguestat.com/lhjmq/logos/9.png,"Chicoutimi, Saguenéens",Chi,19,https://assets.leaguestat.com/lhjmq/logos/10.png,214,qmjhl,2026-27 | Regular Season,,2026,2027,Mon,Mar,03,01,2027,2027-03-01,2026-10-01T16:58:30.022874+00:00
1,2,,"Wed, Mar 3",-,-,7:00 pm AST,Moncton,Newfoundland,Avenir Centre,"Moncton, Wildcats",Mon,19,https://assets.leaguestat.com/lhjmq/logos/1.png,"Newfoundland, Regiment",NFL,19,https://assets.leaguestat.com/lhjmq/logos/2_214.png,214,qmjhl,2026-27 | Regular Season,,2026,2027,Wed,Mar,03,03,2027,2027-03-03,2026-10-01T16:58:30.022874+00:00
7,17,,"Wed, Mar 3",-,-,7:00 pm AST,Charlottetown,Victoriaville,Eastlink Centre,"Charlottetown, Islanders",Cha,19,https://assets.leaguestat.com/lhjmq/logos/7.png,"Victoriaville, Tigres",Vic,20,https://assets.leaguestat.com/lhjmq/logos/17.png,214,qmjhl,2026-27 | Regular Season,,2026,2027,Wed,Mar,03,03,2027,2027-03-03,2026-10-01T16:58:30.022874+00:00
11,3,,"Wed, Mar 3",-,-,7:00 pm EST,Rouyn-Noranda,Cape Breton,Aréna Glencore,"Rouyn-Noranda, Huskies",Rou,20,https://assets.leaguestat.com/lhjmq/logos/50x50/11.png,"Cape Breton, Eagles",Cap,19,https://assets.leaguestat.com/lhjmq/logos/3.png,214,qmjhl,2026-27 | Regular Season,,2026,2027,Wed,Mar,03,03,2027,2027-03-03,2026-10-01T16:58:30.022874+00:00
5,60,,"Thu, Mar 4",-,-,7:00 pm AST,Halifax,Sherbrooke,Scotiabank Centre,"Halifax, Mooseheads",Hal,19,https://assets.leaguestat.com/lhjmq/logos/5_214.png,"Sherbrooke, Phœnix",She,20,https://assets.leaguestat.com/lhjmq/logos/50x50/60.png,214,qmjhl,2026-27 | Regular Season,,2026,2027,Thu,Mar,03,04,2027,2027-03-04,2026-10-01T16:58:30.022874+00:00
12,18,,"Thu, Mar 4",-,-,7:00 pm EST,Gatineau,Rimouski,Centre Slush Puppie,"Gatineau, Olympiques",Gat,20,https://assets.leaguestat.com/lhjmq/logos/50x50/12.png,"Rimouski, Océanic",Rim,19,https://assets.leaguestat.com/lhjmq/logos/18_214.png,214,qmjhl,2026-27 | Regular Season,,2026,2027,Thu,Mar,03,04,2027,2027-03-04,2026-10-01T16:58:30.022874+00:00
13,10,,"Thu, Mar 4",-,-,7:00 pm EST,Shawinigan,Chicoutimi,Centre Gervais Auto,"Shawinigan, Cataractes",Sha,20,https://assets.leaguestat.com/lhjmq/logos/13.png,"Chicoutimi, Saguenéens",Chi,19,https://assets.leaguestat.com/lhjmq/logos/10.png,214,qmjhl,2026-27 | Regular Season,,2026,2027,Thu,Mar,03,04,2027,2027-03-04,2026-10-01T16:58:30.022874+00:00
15,3,,"Thu, Mar 4",-,-,7:00 pm EST,Val-d'Or,Cape Breton,Centre Agnico Eagle,"Val-d'Or, Foreurs",VdO,20,https://assets.leaguestat.com/lhjmq/logos/15.png,"Cape Breton, Eagles",Cap,19,https://assets.leaguestat.com/lhjmq/logos/3.png,214,qmjhl,2026-27 | Regular Season,,2026,2027,Thu,Mar,03,04,2027,2027-03-04,2026-10-01T16:58:30.022874+00:00
19,14,,"Thu, Mar 4",-,-,7:00 pm EST,Blainville-Boisbriand,Drummondville,Centre Excellence Sports Rousseau,"Blainville-Boisbriand, Armada",BLB,20,https://assets.leaguestat.com/lhjmq/logos/19.png,"Drummondville, Voltigeurs",Dru,20,https://assets.leaguestat.com/lhjmq/logos/50x50/14.png,214,qmjhl,2026-27 | Regular Season,,2026,2027,Thu,Mar,03,04,2027,2027-03-04,2026-10-01T16:58:30.022874+00:00
1,17,,"Fri, Mar 5",-,-,7:00 pm AST,Moncton,Victoriaville,Avenir Centre,"Moncton, Wildcats",Mon,19,https://assets.leaguestat.com/lhjmq/logos/1.png,"Victoriaville, Tigres",Vic,20,https://assets.leaguestat.com/lhjmq/logos/17.png,214,qmjhl,2026-27 | Regular Season,,2026,2027,Fri,Mar,03,05,2027,2027-03-05,2026-10-01T16:58:30.022874+00:00
16,9,,"Fri, Mar 5",-,-,7:00 pm EST,Baie-Comeau,Québec,Centre sportif Alcoa,"Baie-Comeau, Drakkar",BaC,19,https://assets.leaguestat.com/lhjmq/logos/16.png,"Québec, Remparts",Que,19,https://assets.leaguestat.com/lhjmq/logos/9.png,214,qmjhl,2026-27 | Regular Season,,2026,2027,Fri,Mar,03,05,2027,2027-03-05,2026-10-01T16:58:30.022874+00:00
11,15,,"Fri, Mar 5",-,-,7:00 pm EST,Rouyn-Noranda,Val-d'Or,Aréna Glencore,"Rouyn-Noranda, Huskies",Rou,20,https://assets.leaguestat.com/lhjmq/logos/50x50/11.png,"Val-d'Or, Foreurs",VdO,20,https://assets.leaguestat.com/lhjmq/logos/15.png,214,qmjhl,2026-27 | Regular Season,,2026,2027,Fri,Mar,03,05,2027,2027-03-05,2026-10-01T16:58:30.022874+00:00
12,18,,"Fri, Mar 5",-,-,7:00 pm EST,Gatineau,Rimouski,Centre Slush Puppie,"Gatineau, Olympiques",Gat,20,https://assets.leaguestat.com/lhjmq/logos/50x50/12.png,"Rimouski, Océanic",Rim,19,https://assets.leaguestat.com/lhjmq/logos/18_214.png,214,qmjhl,2026-27 | Regular Season,,2026,2027,Fri,Mar,03,05,2027,2027-03-05,2026-10-01T16:58:30.022874+00:00
14,10,,"Fri, Mar 5",-,-,7:00 pm EST,Drummondville,Chicoutimi,Centre Marcel Dionne,"Drummondville, Voltigeurs",Dru,20,https://assets.leaguestat.com/lhjmq/logos/50x50/14.png,"Chicoutimi, Saguenéens",Chi,19,https://assets.leaguestat.com/lhjmq/logos/10.png,214,qmjhl,2026-27 | Regular Season,,2026,2027,Fri,Mar,03,05,2027,2027-03-05,2026-10-01T16:58:30.022874+00:00
8,7,,"Sat, Mar 6",-,-,4:00 pm AST,Saint John,Charlottetown,TD Station,"Saint John, Sea Dogs",SNB,19,https://assets.leaguestat.com/lhjmq/logos/50x50/8_214.png,"Charlottetown, Islanders",Cha,19,https://assets.leaguestat.com/lhjmq/logos/7.png,214,qmjhl,2026-27 | Regular Season,,2026,2027,Sat,Mar,03,06,2027,2027-03-06,2026-10-01T16:58:30.022874+00:00
16,9,,"Sat, Mar 6",-,-,4:00 pm EST,Baie-Comeau,Québec,Centre sportif Alcoa,"Baie-Comeau, Drakkar",BaC,19,https://assets.leaguestat.com/lhjmq/logos/16.png,"Québec, Remparts",Que,19,https://assets.leaguestat.com/lhjmq/logos/9.png,214,qmjhl,2026-27 | Regular Season,,2026,2027,Sat,Mar,03,06,2027,2027-03-06,2026-10-01T16:58:30.022874+00:00
11,3,,"Sat, Mar 6",-,-,4:00 pm EST,Rouyn-Noranda,Cape Breton,Aréna Glencore,"Rouyn-Noranda, Huskies",Rou,20,https://assets.leaguestat.com/lhjmq/logos/50x50/11.png,"Cape Breton, Eagles",Cap,19,https://assets.leaguestat.com/lhjmq/logos/3.png,214,qmjhl,2026-27 | Regular Season,,2026,2027,Sat,Mar,03,06,2027,2027-03-06,2026-10-01T16:58:30.022874+00:00
13,19,,"Sat, Mar 6",-,-,4:00 pm EST,Shawinigan,Blainville-Boisbriand,Centre Gervais Auto,"Shawinigan, Cataractes",Sha,20,https://assets.leaguestat.com/lhjmq/logos/13.png,"Blainville-Boisbriand, Armada",BLB,20,https://assets.leaguestat.com/lhjmq/logos/19.png,214,qmjhl,2026-27 | Regular Season,,2026,2027,Sat,Mar,03,06,2027,2027-03-06,2026-10-01T16:58:30.022874+00:00
2,60,,"Sat, Mar 6",-,-,7:00 pm NST,Newfoundland,Sherbrooke,Mary Brown's Centre,"Newfoundland, Regiment",NFL,19,https://assets.leaguestat.com/lhjmq/logos/2_214.png,"Sherbrooke, Phœnix",She,20,https://assets.leaguestat.com/lhjmq/logos/50x50/60.png,214,qmjhl,2026-27 | Regular Season,,2026,2027,Sat,Mar,03,06,2027,2027-03-06,2026-10-01T16:58:30.022874+00:00
5,17,,"Sat, Mar 6",-,-,7:00 pm AST,Halifax,Victoriaville,Scotiabank Centre,"Halifax, Mooseheads",Hal,19,https://assets.leaguestat.com/lhjmq/logos/5_214.png,"Victoriaville, Tigres",Vic,20,https://assets.leaguestat.com/lhjmq/logos/17.png,214,qmjhl,2026-27 | Regular Season,,2026,2027,Sat,Mar,03,06,2027,2027-03-06,2026-10-01T16:58:30.022874+00:00
2,60,,"Sun, Mar 7",-,-,3:00 pm NST,Newfoundland,Sherbrooke,Mary Brown's Centre,"Newfoundland, Regiment",NFL,19,https://assets.leaguestat.com/lhjmq/logos/2_214.png,"Sherbrooke, Phœnix",She,20,https://assets.leaguestat.com/lhjmq/logos/50x50/60.png,214,qmjhl,2026-27 | Regular Season,,2026,2027,Sun,Mar,03,07,2027,2027-03-07,2026-10-01T16:58:30.022874+00:00
8,17,,"Sun, Mar 7",-,-,3:00 pm AST,Saint John,Victoriaville,TD Station,"Saint John, Sea Dogs",SNB,19,https://assets.leaguestat.com/lhjmq/logos/50x50/8_214.png,"Victoriaville, Tigres",Vic,20,https://assets.leaguestat.com/lhjmq/logos/17.png,214,qmjhl,2026-27 | Regular Season,,2026,2027,Sun,Mar,03,07,2027,2027-03-07,2026-10-01T16:58:30.022874+00:00
1,5,,"Sun, Mar 7",-,-,4:00 pm AST,Moncton,Halifax,Avenir Centre,"Moncton, Wildcats",Mon,19,https://assets.leaguestat.com/lhjmq/logos/1.png,"Halifax, Mooseheads",Hal,19,https://assets.leaguestat.com/lhjmq/logos/5_214.png,214,qmjhl,2026-27 | Regular Season,,2026,2027,Sun,Mar,03,07,2027,2027-03-07,2026-10-01T16:58:30.022874+00:00
15,3,,"Sun, Mar 7",-,-,3:00 pm EST,Val-d'Or,Cape Breton,Centre Agnico Eagle,"Val-d'Or, Foreurs",VdO,20,https://assets.leaguestat.com/lhjmq/logos/15.png,"Cape Breton, Eagles",Cap,19,https://assets.leaguestat.com/lhjmq/logos/3.png,214,qmjhl,2026-27 | Regular Season,,2026,2027,Sun,Mar,03,07,2027,2027-03-07,2026-10-01T16:58:30.022874+00:00
19,12,,"Sun, Mar 7",-,-,3:00 pm EST,Blainville-Boisbriand,Gatineau,Centre Excellence Sports Rousseau,"Blainville-Boisbriand, Armada",BLB,20,https://assets.leaguestat.com/lhjmq/logos/19.png,"Gatineau, Olympiques",Gat,20,https://assets.leaguestat.com/lhjmq/logos/50x50/12.png,214,qmjhl,2026-27 | Regular Season,,2026,2027,Sun,Mar,03,07,2027,2027-03-07,2026-10-01T16:58:30.022874+00:00
10,9,,"Sun, Mar 7",-,-,4:00 pm EST,Chicoutimi,Québec,Centre Georges-Vézina,"Chicoutimi, Saguenéens",Chi,19,https://assets.leaguestat.com/lhjmq/logos/10.png,"Québec, Remparts",Que,19,https://assets.leaguestat.com/lhjmq/logos/9.png,214,qmjhl,2026-27 | Regular Season,,2026,2027,Sun,Mar,03,07,2027,2027-03-07,2026-10-01T16:58:30.022874+00:00
14,18,,"Sun, Mar 7",-,-,4:00 pm EST,Drummondville,Rimouski,Centre Marcel Dionne,"Drummondville, Voltigeurs",Dru,20,https://assets.leaguestat.com/lhjmq/logos/50x50/14.png,"Rimouski, Océanic",Rim,19,https://assets.leaguestat.com/lhjmq/logos/18_214.png,214,qmjhl,2026-27 | Regular Season,,2026,2027,Sun,Mar,03,07,2027,2027-03-07,2026-10-01T16:58:30.022874+00:00
9,13,,"Wed, Mar 10",-,-,7:00 pm EST,Québec,Shawinigan,Centre Vidéotron,"Québec, Remparts",Que,19,https://assets.leaguestat.com/lhjmq/logos/9.png,"Shawinigan, Cataractes",Sha,20,https://assets.leaguestat.com/lhjmq/logos/13.png,214,qmjhl,2026-27 | Regular Season,,2026,2027,Wed,Mar,03,10,2027,2027-03-10,2026-10-01T16:58:30.022874+00:00
7,1,,"Thu, Mar 11",-,-,7:00 pm AST,Charlottetown,Moncton,Eastlink Centre,"Charlottetown, Islanders",Cha,19,https://assets.leaguestat.com/lhjmq/logos/7.png,"Moncton, Wildcats",Mon,19,https://assets.leaguestat.com/lhjmq/logos/1.png,214,qmjhl,2026-27 | Regular Season,,2026,2027,Thu,Mar,03,11,2027,2027-03-11,2026-10-01T16:58:30.022874+00:00
18,16,,"Thu, Mar 11",-,-,7:00 pm EST,Rimouski,Baie-Comeau,Colisée Financière Sun Life,"Rimouski, Océanic",Rim,19,https://assets.leaguestat.com/lhjmq/logos/18_214.png,"Baie-Comeau, Drakkar",BaC,19,https://assets.leaguestat.com/lhjmq/logos/16.png,214,qmjhl,2026-27 | Regular Season,,2026,2027,Thu,Mar,03,11,2027,2027-03-11,2026-10-01T16:58:30.022874+00:00
12,15,,"Thu, Mar 11",-,-,7:00 pm EST,Gatineau,Val-d'Or,Centre Slush Puppie,"Gatineau, Olympiques",Gat,20,https://assets.leaguestat.com/lhjmq/logos/50x50/12.png,"Val-d'Or, Foreurs",VdO,20,https://assets.leaguestat.com/lhjmq/logos/15.png,214,qmjhl,2026-27 | Regular Season,,2026,2027,Thu,Mar,03,11,2027,2027-03-11,2026-10-01T16:58:30.022874+00:00
17,11,,"Thu, Mar 11",-,-,7:00 pm EST,Victoriaville,Rouyn-Noranda,Colisée Desjardins,"Victoriaville, Tigres",Vic,20,https://assets.leaguestat.com/lhjmq/logos/17.png,"Rouyn-Noranda, Huskies",Rou,20,https://assets.leaguestat.com/lhjmq/logos/50x50/11.png,214,qmjhl,2026-27 | Regular Season,,2026,2027,Thu,Mar,03,11,2027,2027-03-11,2026-10-01T16:58:30.022874+00:00
60,8,,"Thu, Mar 11",-,-,7:00 pm EST,Sherbrooke,Saint John,Palais des Sports Léopold-Drolet,"Sherbrooke, Phœnix",She,20,https://assets.leaguestat.com/lhjmq/logos/50x50/60.png,"Saint John, Sea Dogs",SNB,19,https://assets.leaguestat.com/lhjmq/logos/50x50/8_214.png,214,qmjhl,2026-27 | Regular Season,,2026,2027,Thu,Mar,03,11,2027,2027-03-11,2026-10-01T16:58:30.022874+00:00
2,5,,"Fri, Mar 12",-,-,7:00 pm NST,Newfoundland,Halifax,Mary Brown's Centre,"Newfoundland, Regiment",NFL,19,https://assets.leaguestat.com/lhjmq/logos/2_214.png,"Halifax, Mooseheads",Hal,19,https://assets.leaguestat.com/lhjmq/logos/5_214.png,214,qmjhl,2026-27 | Regular Season,,2026,2027,Fri,Mar,03,12,2027,2027-03-12,2026-10-01T16:58:30.022874+00:00
9,8,,"Fri, Mar 12",-,-,7:00 pm EST,Québec,Saint John,Centre Vidéotron,"Québec, Remparts",Que,19,https://assets.leaguestat.com/lhjmq/logos/9.png,"Saint John, Sea Dogs",SNB,19,https://assets.leaguestat.com/lhjmq/logos/50x50/8_214.png,214,qmjhl,2026-27 | Regular Season,,2026,2027,Fri,Mar,03,12,2027,2027-03-12,2026-10-01T16:58:30.022874+00:00
18,16,,"Fri, Mar 12",-,-,7:00 pm EST,Rimouski,Baie-Comeau,Colisée Financière Sun Life,"Rimouski, Océanic",Rim,19,https://assets.leaguestat.com/lhjmq/logos/18_214.png,"Baie-Comeau, Drakkar",BaC,19,https://assets.leaguestat.com/lhjmq/logos/16.png,214,qmjhl,2026-27 | Regular Season,,2026,2027,Fri,Mar,03,12,2027,2027-03-12,2026-10-01T16:58:30.022874+00:00
12,14,,"Fri, Mar 12",-,-,7:00 pm EST,Gatineau,Drummondville,Centre Slush Puppie,"Gatineau, Olympiques",Gat,20,https://assets.leaguestat.com/lhjmq/logos/50x50/12.png,"Drummondville, Voltigeurs",Dru,20,https://assets.leaguestat.com/lhjmq/logos/50x50/14.png,214,qmjhl,2026-27 | Regular Season,,2026,2027,Fri,Mar,03,12,2027,2027-03-12,2026-10-01T16:58:30.022874+00:00
17,10,,"Fri, Mar 12",-,-,7:00 pm EST,Victoriaville,Chicoutimi,Colisée Desjardins,"Victoriaville, Tigres",Vic,20,https://assets.leaguestat.com/lhjmq/logos/17.png,"Chicoutimi, Saguenéens",Chi,19,https://assets.leaguestat.com/lhjmq/logos/10.png,214,qmjhl,2026-27 | Regular Season,,2026,2027,Fri,Mar,03,12,2027,2027-03-12,2026-10-01T16:58:30.022874+00:00
19,15,,"Fri, Mar 12",-,-,7:00 pm EST,Blainville-Boisbriand,Val-d'Or,Centre Excellence Sports Rousseau,"Blainville-Boisbriand, Armada",BLB,20,https://assets.leaguestat.com/lhjmq/logos/19.png,"Val-d'Or, Foreurs",VdO,20,https://assets.leaguestat.com/lhjmq/logos/15.png,214,qmjhl,2026-27 | Regular Season,,2026,2027,Fri,Mar,03,12,2027,2027-03-12,2026-10-01T16:58:30.022874+00:00
13,9,,"Sat, Mar 13",-,-,4:00 pm EST,Shawinigan,Québec,Centre Gervais Auto,"Shawinigan, Cataractes",Sha,20,https://assets.leaguestat.com/lhjmq/logos/13.png,"Québec, Remparts",Que,19,https://assets.leaguestat.com/lhjmq/logos/9.png,214,qmjhl,2026-27 | Regular Season,,2026,2027,Sat,Mar,03,13,2027,2027-03-13,2026-10-01T16:58:30.022874+00:00
19,11,,"Sat, Mar 13",-,-,4:00 pm EST,Blainville-Boisbriand,Rouyn-Noranda,Centre Excellence Sports Rousseau,"Blainville-Boisbriand, Armada",BLB,20,https://assets.leaguestat.com/lhjmq/logos/19.png,"Rouyn-Noranda, Huskies",Rou,20,https://assets.leaguestat.com/lhjmq/logos/50x50/11.png,214,qmjhl,2026-27 | Regular Season,,2026,2027,Sat,Mar,03,13,2027,2027-03-13,2026-10-01T16:58:30.022874+00:00
60,10,,"Sat, Mar 13",-,-,4:00 pm EST,Sherbrooke,Chicoutimi,Palais des Sports Léopold-Drolet,"Sherbrooke, Phœnix",She,20,https://assets.leaguestat.com/lhjmq/logos/50x50/60.png,"Chicoutimi, Saguenéens",Chi,19,https://assets.leaguestat.com/lhjmq/logos/10.png,214,qmjhl,2026-27 | Regular Season,,2026,2027,Sat,Mar,03,13,2027,2027-03-13,2026-10-01T16:58:30.022874+00:00
2,5,,"Sat, Mar 13",-,-,7:00 pm NST,Newfoundland,Halifax,Mary Brown's Centre,"Newfoundland, Regiment",NFL,19,https://assets.leaguestat.com/lhjmq/logos/2_214.png,"Halifax, Mooseheads",Hal,19,https://assets.leaguestat.com/lhjmq/logos/5_214.png,214,qmjhl,2026-27 | Regular Season,,2026,2027,Sat,Mar,03,13,2027,2027-03-13,2026-10-01T16:58:30.022874+00:00
3,7,,"Sat, Mar 13",-,-,7:00 pm AST,Cape Breton,Charlottetown,Centre 200,"Cape Breton, Eagles",Cap,19,https://assets.leaguestat.com/lhjmq/logos/3.png,"Charlottetown, Islanders",Cha,19,https://assets.leaguestat.com/lhjmq/logos/7.png,214,qmjhl,2026-27 | Regular Season,,2026,2027,Sat,Mar,03,13,2027,2027-03-13,2026-10-01T16:58:30.022874+00:00
3,1,,"Sun, Mar 14",-,-,3:00 pm ADT,Cape Breton,Moncton,Centre 200,"Cape Breton, Eagles",Cap,19,https://assets.leaguestat.com/lhjmq/logos/3.png,"Moncton, Wildcats",Mon,19,https://assets.leaguestat.com/lhjmq/logos/1.png,214,qmjhl,2026-27 | Regular Season,,2026,2027,Sun,Mar,03,14,2027,2027-03-14,2026-10-01T16:58:30.022874+00:00
18,8,,"Sun, Mar 14",-,-,3:00 pm EDT,Rimouski,Saint John,Colisée Financière Sun Life,"Rimouski, Océanic",Rim,19,https://assets.leaguestat.com/lhjmq/logos/18_214.png,"Saint John, Sea Dogs",SNB,19,https://assets.leaguestat.com/lhjmq/logos/50x50/8_214.png,214,qmjhl,2026-27 | Regular Season,,2026,2027,Sun,Mar,03,14,2027,2027-03-14,2026-10-01T16:58:30.022874+00:00
12,11,,"Sun, Mar 14",-,-,3:00 pm EDT,Gatineau,Rouyn-Noranda,Centre Slush Puppie,"Gatineau, Olympiques",Gat,20,https://assets.leaguestat.com/lhjmq/logos/50x50/12.png,"Rouyn-Noranda, Huskies",Rou,20,https://assets.leaguestat.com/lhjmq/logos/50x50/11.png,214,qmjhl,2026-27 | Regular Season,,2026,2027,Sun,Mar,03,14,2027,2027-03-14,2026-10-01T16:58:30.022874+00:00
13,15,,"Sun, Mar 14",-,-,4:00 pm EDT,Shawinigan,Val-d'Or,Centre Gervais Auto,"Shawinigan, Cataractes",Sha,20,https://assets.leaguestat.com/lhjmq/logos/13.png,"Val-d'Or, Foreurs",VdO,20,https://assets.leaguestat.com/lhjmq/logos/15.png,214,qmjhl,2026-27 | Regular Season,,2026,2027,Sun,Mar,03,14,2027,2027-03-14,2026-10-01T16:58:30.022874+00:00
14,60,,"Sun, Mar 14",-,-,4:00 pm EDT,Drummondville,Sherbrooke,Centre Marcel Dionne,"Drummondville, Voltigeurs",Dru,20,https://assets.leaguestat.com/lhjmq/logos/50x50/14.png,"Sherbrooke, Phœnix",She,20,https://assets.leaguestat.com/lhjmq/logos/50x50/60.png,214,qmjhl,2026-27 | Regular Season,,2026,2027,Sun,Mar,03,14,2027,2027-03-14,2026-10-01T16:58:30.022874+00:00
17,16,,"Sun, Mar 14",-,-,4:00 pm EDT,Victoriaville,Baie-Comeau,Colisée Desjardins,"Victoriaville, Tigres",Vic,20,https://assets.leaguestat.com/lhjmq/logos/17.png,"Baie-Comeau, Drakkar",BaC,19,https://assets.leaguestat.com/lhjmq/logos/16.png,214,qmjhl,2026-27 | Regular Season,,2026,2027,Sun,Mar,03,14,2027,2027-03-14,2026-10-01T16:58:30.022874+00:00
2,3,,"Fri, Mar 19",-,-,7:00 pm NDT,Newfoundland,Cape Breton,Mary Brown's Centre,"Newfoundland, Regiment",NFL,19,https://assets.leaguestat.com/lhjmq/logos/2_214.png,"Cape Breton, Eagles",Cap,19,https://assets.leaguestat.com/lhjmq/logos/3.png,214,qmjhl,2026-27 | Regular Season,,2026,2027,Fri,Mar,03,19,2027,2027-03-19,2026-10-01T16:58:30.022874+00:00
1,8,,"Fri, Mar 19",-,-,7:00 pm ADT,Moncton,Saint John,Avenir Centre,"Moncton, Wildcats",Mon,19,https://assets.leaguestat.com/lhjmq/logos/1.png,"Saint John, Sea Dogs",SNB,19,https://assets.leaguestat.com/lhjmq/logos/50x50/8_214.png,214,qmjhl,2026-27 | Regular Season,,2026,2027,Fri,Mar,03,19,2027,2027-03-19,2026-10-01T16:58:30.022874+00:00
7,5,,"Fri, Mar 19",-,-,7:00 pm ADT,Charlottetown,Halifax,Eastlink Centre,"Charlottetown, Islanders",Cha,19,https://assets.leaguestat.com/lhjmq/logos/7.png,"Halifax, Mooseheads",Hal,19,https://assets.leaguestat.com/lhjmq/logos/5_214.png,214,qmjhl,2026-27 | Regular Season,,2026,2027,Fri,Mar,03,19,2027,2027-03-19,2026-10-01T16:58:30.022874+00:00
9,60,,"Fri, Mar 19",-,-,7:00 pm EDT,Québec,Sherbrooke,Centre Vidéotron,"Québec, Remparts",Que,19,https://assets.leaguestat.com/lhjmq/logos/9.png,"Sherbrooke, Phœnix",She,20,https://assets.leaguestat.com/lhjmq/logos/50x50/60.png,214,qmjhl,2026-27 | Regular Season,,2026,2027,Fri,Mar,03,19,2027,2027-03-19,2026-10-01T16:58:30.022874+00:00
10,16,,"Fri, Mar 19",-,-,7:00 pm EDT,Chicoutimi,Baie-Comeau,Centre Georges-Vézina,"Chicoutimi, Saguenéens",Chi,19,https://assets.leaguestat.com/lhjmq/logos/10.png,"Baie-Comeau, Drakkar",BaC,19,https://assets.leaguestat.com/lhjmq/logos/16.png,214,qmjhl,2026-27 | Regular Season,,2026,2027,Fri,Mar,03,19,2027,2027-03-19,2026-10-01T16:58:30.022874+00:00
11,17,,"Fri, Mar 19",-,-,7:00 pm EDT,Rouyn-Noranda,Victoriaville,Aréna Glencore,"Rouyn-Noranda, Huskies",Rou,20,https://assets.leaguestat.com/lhjmq/logos/50x50/11.png,"Victoriaville, Tigres",Vic,20,https://assets.leaguestat.com/lhjmq/logos/17.png,214,qmjhl,2026-27 | Regular Season,,2026,2027,Fri,Mar,03,19,2027,2027-03-19,2026-10-01T16:58:30.022874+00:00
13,18,,"Fri, Mar 19",-,-,7:00 pm EDT,Shawinigan,Rimouski,Centre Gervais Auto,"Shawinigan, Cataractes",Sha,20,https://assets.leaguestat.com/lhjmq/logos/13.png,"Rimouski, Océanic",Rim,19,https://assets.leaguestat.com/lhjmq/logos/18_214.png,214,qmjhl,2026-27 | Regular Season,,2026,2027,Fri,Mar,03,19,2027,2027-03-19,2026-10-01T16:58:30.022874+00:00
14,19,,"Fri, Mar 19",-,-,7:00 pm EDT,Drummondville,Blainville-Boisbriand,Centre Marcel Dionne,"Drummondville, Voltigeurs",Dru,20,https://assets.leaguestat.com/lhjmq/logos/50x50/14.png,"Blainville-Boisbriand, Armada",BLB,20,https://assets.leaguestat.com/lhjmq/logos/19.png,214,qmjhl,2026-27 | Regular Season,,2026,2027,Fri,Mar,03,19,2027,2027-03-19,2026-10-01T16:58:30.022874+00:00
15,12,,"Fri, Mar 19",-,-,7:00 pm EDT,Val-d'Or,Gatineau,Centre Agnico Eagle,"Val-d'Or, Foreurs",VdO,20,https://assets.leaguestat.com/lhjmq/logos/15.png,"Gatineau, Olympiques",Gat,20,https://assets.leaguestat.com/lhjmq/logos/50x50/12.png,214,qmjhl,2026-27 | Regular Season,,2026,2027,Fri,Mar,03,19,2027,2027-03-19,2026-10-01T16:58:30.022874+00:00
2,3,,"Sat, Mar 20",-,-,3:00 pm NDT,Newfoundland,Cape Breton,Mary Brown's Centre,"Newfoundland, Regiment",NFL,19,https://assets.leaguestat.com/lhjmq/logos/2_214.png,"Cape Breton, Eagles",Cap,19,https://assets.leaguestat.com/lhjmq/logos/3.png,214,qmjhl,2026-27 | Regular Season,,2026,2027,Sat,Mar,03,20,2027,2027-03-20,2026-10-01T16:58:30.022874+00:00
5,1,,"Sat, Mar 20",-,-,4:00 pm ADT,Halifax,Moncton,Scotiabank Centre,"Halifax, Mooseheads",Hal,19,https://assets.leaguestat.com/lhjmq/logos/5_214.png,"Moncton, Wildcats",Mon,19,https://assets.leaguestat.com/lhjmq/logos/1.png,214,qmjhl,2026-27 | Regular Season,,2026,2027,Sat,Mar,03,20,2027,2027-03-20,2026-10-01T16:58:30.022874+00:00
8,7,,"Sat, Mar 20",-,-,4:00 pm ADT,Saint John,Charlottetown,TD Station,"Saint John, Sea Dogs",SNB,19,https://assets.leaguestat.com/lhjmq/logos/50x50/8_214.png,"Charlottetown, Islanders",Cha,19,https://assets.leaguestat.com/lhjmq/logos/7.png,214,qmjhl,2026-27 | Regular Season,,2026,2027,Sat,Mar,03,20,2027,2027-03-20,2026-10-01T16:58:30.022874+00:00
9,18,,"Sat, Mar 20",-,-,4:00 pm EDT,Québec,Rimouski,Centre Vidéotron,"Québec, Remparts",Que,19,https://assets.leaguestat.com/lhjmq/logos/9.png,"Rimouski, Océanic",Rim,19,https://assets.leaguestat.com/lhjmq/logos/18_214.png,214,qmjhl,2026-27 | Regular Season,,2026,2027,Sat,Mar,03,20,2027,2027-03-20,2026-10-01T16:58:30.022874+00:00
16,10,,"Sat, Mar 20",-,-,4:00 pm EDT,Baie-Comeau,Chicoutimi,Centre sportif Alcoa,"Baie-Comeau, Drakkar",BaC,19,https://assets.leaguestat.com/lhjmq/logos/16.png,"Chicoutimi, Saguenéens",Chi,19,https://assets.leaguestat.com/lhjmq/logos/10.png,214,qmjhl,2026-27 | Regular Season,,2026,2027,Sat,Mar,03,20,2027,2027-03-20,2026-10-01T16:58:30.022874+00:00
11,12,,"Sat, Mar 20",-,-,4:00 pm EDT,Rouyn-Noranda,Gatineau,Aréna Glencore,"Rouyn-Noranda, Huskies",Rou,20,https://assets.leaguestat.com/lhjmq/logos/50x50/11.png,"Gatineau, Olympiques",Gat,20,https://assets.leaguestat.com/lhjmq/logos/50x50/12.png,214,qmjhl,2026-27 | Regular Season,,2026,2027,Sat,Mar,03,20,2027,2027-03-20,2026-10-01T16:58:30.022874+00:00
13,14,,"Sat, Mar 20",-,-,4:00 pm EDT,Shawinigan,Drummondville,Centre Gervais Auto,"Shawinigan, Cataractes",Sha,20,https://assets.leaguestat.com/lhjmq/logos/13.png,"Drummondville, Voltigeurs",Dru,20,https://assets.leaguestat.com/lhjmq/logos/50x50/14.png,214,qmjhl,2026-27 | Regular Season,,2026,2027,Sat,Mar,03,20,2027,2027-03-20,2026-10-01T16:58:30.022874+00:00
15,17,,"Sat, Mar 20",-,-,4:00 pm EDT,Val-d'Or,Victoriaville,Centre Agnico Eagle,"Val-d'Or, Foreurs",VdO,20,https://assets.leaguestat.com/lhjmq/logos/15.png,"Victoriaville, Tigres",Vic,20,https://assets.leaguestat.com/lhjmq/logos/17.png,214,qmjhl,2026-27 | Regular Season,,2026,2027,Sat,Mar,03,20,2027,2027-03-20,2026-10-01T16:58:30.022874+00:00
60,19,,"Sat, Mar 20",-,-,4:00 pm EDT,Sherbrooke,Blainville-Boisbriand,Palais des Sports Léopold-Drolet,"Sherbrooke, Phœnix",She,20,https://assets.leaguestat.com/lhjmq/logos/50x50/60.png,"Blainville-Boisbriand, Armada",BLB,20,https://assets.leaguestat.com/lhjmq/logos/19.png,214,qmjhl,2026-27 | Regular Season,,2026,2027,Sat,Mar,03,20,2027,2027-03-20,2026-10-01T16:58:30.022874+00:00
