shoots,birthplace,player_id,birthdate,tp_jersey_number,rookie,position,h,w,name,catches,lastName,firstName,teamId,teamName,teamCode,teamLogo,season,league,seasonName,seasonStartYear,seasonEndYear,n_birthplace,birthCity,birthCountry,birthState,height_cm,shootsCatches,scraped_at
L,"Québec, QC, Canada",23355,2009-02-12,9,0,LW,"5'11""",186,"St-Gelais, Matys",,St-Gelais,Matys,16,"Baie-Comeau, Drakkar",BaC,https://assets.leaguestat.com/lhjmq/logos/16.png,214,qmjhl,2026-27 | Regular Season,2026,2027,3,Québec,Canada,QC,180.34,L,2026-10-02T16:11:49.113511+00:00
L,"Beauharnois, QC, Canada",24308,2009-01-09,11,1,C,"5'09""",160,"Savard, Mavrick",,Savard,Mavrick,16,"Baie-Comeau, Drakkar",BaC,https://assets.leaguestat.com/lhjmq/logos/16.png,214,qmjhl,2026-27 | Regular Season,2026,2027,3,Beauharnois,Canada,QC,175.26,L,2026-10-02T16:11:49.113511+00:00
R,"St-Félicien, QC, Canada",20219,2007-07-15,15,0,C,"6'01""",180,"Benoit, Robin",,Benoit,Robin,16,"Baie-Comeau, Drakkar",BaC,https://assets.leaguestat.com/lhjmq/logos/16.png,214,qmjhl,2026-27 | Regular Season,2026,2027,3,St-Félicien,Canada,QC,185.42000000000002,R,2026-10-02T16:11:49.113511+00:00
R,"St-Eustache, QC, Canada",20461,2006-05-27,17,0,RW,"5'11""",180,"Brunet, Samuel",,Brunet,Samuel,16,"Baie-Comeau, Drakkar",BaC,https://assets.leaguestat.com/lhjmq/logos/16.png,214,qmjhl,2026-27 | Regular Season,2026,2027,3,St-Eustache,Canada,QC,180.34,R,2026-10-02T16:11:49.113511+00:00
R,"Gatineau, QC, Canada",23378,2009-01-14,19,0,RW,"6'02""",175,"Armit, Liam",,Armit,Liam,16,"Baie-Comeau, Drakkar",BaC,https://assets.leaguestat.com/lhjmq/logos/16.png,214,qmjhl,2026-27 | Regular Season,2026,2027,3,Gatineau,Canada,QC,187.96,R,2026-10-02T16:11:49.113511+00:00
L,"Klagenfurt, Austria",24604,2008-10-04,20,1,C,"5'11""",175,"Dobrovolny, Johannes",,Dobrovolny,Johannes,16,"Baie-Comeau, Drakkar",BaC,https://assets.leaguestat.com/lhjmq/logos/16.png,214,qmjhl,2026-27 | Regular Season,2026,2027,2,Klagenfurt,Austria,,180.34,L,2026-10-02T16:11:49.113511+00:00
L,"Dollard-des-Ormeaux, QC, Canada",24267,2010-02-01,21,1,C,"6'01""",177,"Lazare, Bryce",,Lazare,Bryce,16,"Baie-Comeau, Drakkar",BaC,https://assets.leaguestat.com/lhjmq/logos/16.png,214,qmjhl,2026-27 | Regular Season,2026,2027,3,Dollard-des-Ormeaux,Canada,QC,185.42000000000002,L,2026-10-02T16:11:49.113511+00:00
R,"Québec, QC, Canada",23368,2009-05-19,22,1,C,"6'01""",190,"Gosselin, Léo-Gabriel",,Gosselin,Léo-Gabriel,16,"Baie-Comeau, Drakkar",BaC,https://assets.leaguestat.com/lhjmq/logos/16.png,214,qmjhl,2026-27 | Regular Season,2026,2027,3,Québec,Canada,QC,185.42000000000002,R,2026-10-02T16:11:49.113511+00:00
L,"South Glengarry, ON, Canada",22178,2006-04-23,23,0,LW,"5'11""",184,"Besner, Brayden",,Besner,Brayden,16,"Baie-Comeau, Drakkar",BaC,https://assets.leaguestat.com/lhjmq/logos/16.png,214,qmjhl,2026-27 | Regular Season,2026,2027,3,South Glengarry,Canada,ON,180.34,L,2026-10-02T16:11:49.113511+00:00
R,"Linz, Austria",24574,2008-05-18,27,1,RW,"6'01""",185,"Oschgan, Jonathan",,Oschgan,Jonathan,16,"Baie-Comeau, Drakkar",BaC,https://assets.leaguestat.com/lhjmq/logos/16.png,214,qmjhl,2026-27 | Regular Season,2026,2027,2,Linz,Austria,,185.42000000000002,R,2026-10-02T16:11:49.113511+00:00
L,"Montréal, QC, Canada",21348,2008-03-18,29,0,LW,"5'10""",170,"Kirkwood, Aiden",,Kirkwood,Aiden,16,"Baie-Comeau, Drakkar",BaC,https://assets.leaguestat.com/lhjmq/logos/16.png,214,qmjhl,2026-27 | Regular Season,2026,2027,3,Montréal,Canada,QC,177.8,L,2026-10-02T16:11:49.113511+00:00
R,"Pincourt, QC, Canada",21305,2008-02-24,42,0,RW,"6'03""",203,"Sabourin, Xavier",,Sabourin,Xavier,16,"Baie-Comeau, Drakkar",BaC,https://assets.leaguestat.com/lhjmq/logos/16.png,214,qmjhl,2026-27 | Regular Season,2026,2027,3,Pincourt,Canada,QC,190.5,R,2026-10-02T16:11:49.113511+00:00
L,"St-Basile, QC, Canada",19562,2006-02-14,72,0,LW,"6'02""",200,"Pilote, Dominic",,Pilote,Dominic,16,"Baie-Comeau, Drakkar",BaC,https://assets.leaguestat.com/lhjmq/logos/16.png,214,qmjhl,2026-27 | Regular Season,2026,2027,3,St-Basile,Canada,QC,187.96,L,2026-10-02T16:11:49.113511+00:00
R,"Malden, MA, United States",24333,2007-03-13,2,0,D,"6'02""",183,"Evans, Nick",,Evans,Nick,16,"Baie-Comeau, Drakkar",BaC,https://assets.leaguestat.com/lhjmq/logos/16.png,214,qmjhl,2026-27 | Regular Season,2026,2027,3,Malden,United States,MA,187.96,R,2026-10-02T16:11:49.113511+00:00
L,"Halifax, NS, Canada",20225,2007-07-04,3,0,D,"6'03""",200,"Allison, Drew",,Allison,Drew,16,"Baie-Comeau, Drakkar",BaC,https://assets.leaguestat.com/lhjmq/logos/16.png,214,qmjhl,2026-27 | Regular Season,2026,2027,3,Halifax,Canada,NS,190.5,L,2026-10-02T16:11:49.113511+00:00
L,"St-Lambert, QC, Canada",20205,2007-03-08,6,0,D,"6'03""",210,"Hachey, Zachary",,Hachey,Zachary,16,"Baie-Comeau, Drakkar",BaC,https://assets.leaguestat.com/lhjmq/logos/16.png,214,qmjhl,2026-27 | Regular Season,2026,2027,3,St-Lambert,Canada,QC,190.5,L,2026-10-02T16:11:49.113511+00:00
L,"Montréal, QC, Canada",21287,2008-06-30,8,0,D,"6'01""",185,"Daniele, Biagio Jr",,Daniele,Biagio Jr,16,"Baie-Comeau, Drakkar",BaC,https://assets.leaguestat.com/lhjmq/logos/16.png,214,qmjhl,2026-27 | Regular Season,2026,2027,3,Montréal,Canada,QC,185.42000000000002,L,2026-10-02T16:11:49.113511+00:00
L,"Québec, QC, Canada",23431,2009-05-08,12,1,D,"5'11""",170,"Labranche, Jacob",,Labranche,Jacob,16,"Baie-Comeau, Drakkar",BaC,https://assets.leaguestat.com/lhjmq/logos/16.png,214,qmjhl,2026-27 | Regular Season,2026,2027,3,Québec,Canada,QC,180.34,L,2026-10-02T16:11:49.113511+00:00
R,"St-Bruno-de-Montarville, QC, Canada",19590,2006-01-29,13,0,D,"6'06""",223,"Gilbert, Mattias",,Gilbert,Mattias,16,"Baie-Comeau, Drakkar",BaC,https://assets.leaguestat.com/lhjmq/logos/16.png,214,qmjhl,2026-27 | Regular Season,2026,2027,3,St-Bruno-de-Montarville,Canada,QC,198.12,R,2026-10-02T16:11:49.113511+00:00
L,"Bâle, Switzerland",24261,2010-07-30,25,1,D,"5'10""",160,"Roy, Enzo",,Roy,Enzo,16,"Baie-Comeau, Drakkar",BaC,https://assets.leaguestat.com/lhjmq/logos/16.png,214,qmjhl,2026-27 | Regular Season,2026,2027,2,Bâle,Switzerland,,177.8,L,2026-10-02T16:11:49.113511+00:00
L,"Salem, NH, United States",24369,2008-09-19,28,1,D,"5'10""",191,"Poirier, Ryan",,Poirier,Ryan,16,"Baie-Comeau, Drakkar",BaC,https://assets.leaguestat.com/lhjmq/logos/16.png,214,qmjhl,2026-27 | Regular Season,2026,2027,3,Salem,United States,NH,177.8,L,2026-10-02T16:11:49.113511+00:00
,"Lavaltrie, QC, Canada",20325,2007-02-06,32,0,G,"6'04""",208,"Hernandez, Mathias",L,Hernandez,Mathias,16,"Baie-Comeau, Drakkar",BaC,https://assets.leaguestat.com/lhjmq/logos/16.png,214,qmjhl,2026-27 | Regular Season,2026,2027,3,Lavaltrie,Canada,QC,193.04,L,2026-10-02T16:11:49.113511+00:00
,"Longueuil, QC, Canada",23434,2009-03-18,33,1,G,"6'00""",165,"Poupart, Joseph",L,Poupart,Joseph,16,"Baie-Comeau, Drakkar",BaC,https://assets.leaguestat.com/lhjmq/logos/16.png,214,qmjhl,2026-27 | Regular Season,2026,2027,3,Longueuil,Canada,QC,182.88,L,2026-10-02T16:11:49.113511+00:00
L,"Ekerô, Sweden",23735,2007-10-02,2,0,LW,"5'10""",183,"Jennersjo, Torkel",,Jennersjo,Torkel,19,"Blainville-Boisbriand, Armada",BLB,https://assets.leaguestat.com/lhjmq/logos/19.png,214,qmjhl,2026-27 | Regular Season,2026,2027,2,Ekerô,Sweden,,177.8,L,2026-10-02T16:11:49.843118+00:00
L,"Côte-Saint-Luc, QC, Canada",21326,2008-02-10,10,0,C,"5'08""",169,"Santini, Amelio",,Santini,Amelio,19,"Blainville-Boisbriand, Armada",BLB,https://assets.leaguestat.com/lhjmq/logos/19.png,214,qmjhl,2026-27 | Regular Season,2026,2027,3,Côte-Saint-Luc,Canada,QC,172.72,L,2026-10-02T16:11:49.843118+00:00
R,"Montmagny, QC, Canada",19591,2006-02-14,11,0,C,"5'07""",174,"Gosselin, Matt",,Gosselin,Matt,19,"Blainville-Boisbriand, Armada",BLB,https://assets.leaguestat.com/lhjmq/logos/19.png,214,qmjhl,2026-27 | Regular Season,2026,2027,3,Montmagny,Canada,QC,170.18,R,2026-10-02T16:11:49.843118+00:00
R,"Carleton-sur-Mer, QC, Canada",23397,2009-08-13,12,1,RW,"5'09""",152,"Chouinard, Zachary",,Chouinard,Zachary,19,"Blainville-Boisbriand, Armada",BLB,https://assets.leaguestat.com/lhjmq/logos/19.png,214,qmjhl,2026-27 | Regular Season,2026,2027,3,Carleton-sur-Mer,Canada,QC,175.26,R,2026-10-02T16:11:49.843118+00:00
R,"Montréal, QC, Canada",23843,2007-01-15,15,0,RW,"6'00""",189,"Pietrantonio, Stefano",,Pietrantonio,Stefano,19,"Blainville-Boisbriand, Armada",BLB,https://assets.leaguestat.com/lhjmq/logos/19.png,214,qmjhl,2026-27 | Regular Season,2026,2027,3,Montréal,Canada,QC,182.88,R,2026-10-02T16:11:49.843118+00:00
L,"Kingston, ON, Canada",24667,2008-10-22,24,1,LW,"5'11""",173,"Campbell, Liam",,Campbell,Liam,19,"Blainville-Boisbriand, Armada",BLB,https://assets.leaguestat.com/lhjmq/logos/19.png,214,qmjhl,2026-27 | Regular Season,2026,2027,3,Kingston,Canada,ON,180.34,L,2026-10-02T16:11:49.843118+00:00
L,"Québec, QC, Canada",24248,2010-09-18,26,1,LW,"5'09""",168,"McKinnon, Jacob",,McKinnon,Jacob,19,"Blainville-Boisbriand, Armada",BLB,https://assets.leaguestat.com/lhjmq/logos/19.png,214,qmjhl,2026-27 | Regular Season,2026,2027,3,Québec,Canada,QC,175.26,L,2026-10-02T16:11:49.843118+00:00
L,"St-Pascal, QC, Canada",20195,2007-03-15,44,0,C,"6'01""",178,"Dubé, Elliot",,Dubé,Elliot,19,"Blainville-Boisbriand, Armada",BLB,https://assets.leaguestat.com/lhjmq/logos/19.png,214,qmjhl,2026-27 | Regular Season,2026,2027,3,St-Pascal,Canada,QC,185.42000000000002,L,2026-10-02T16:11:49.843118+00:00
L,"Mission Viejo, CA, United States",24636,2009-09-27,55,1,C,"6'00""",170,"Moreland, Mason",,Moreland,Mason,19,"Blainville-Boisbriand, Armada",BLB,https://assets.leaguestat.com/lhjmq/logos/19.png,214,qmjhl,2026-27 | Regular Season,2026,2027,3,Mission Viejo,United States,CA,182.88,L,2026-10-02T16:11:49.843118+00:00
L,"Almaty, Kazakhstan",21608,2007-10-16,72,0,RW,"6'01""",176,"Korneyev, Korney",,Korneyev,Korney,19,"Blainville-Boisbriand, Armada",BLB,https://assets.leaguestat.com/lhjmq/logos/19.png,214,qmjhl,2026-27 | Regular Season,2026,2027,2,Almaty,Kazakhstan,,185.42000000000002,L,2026-10-02T16:11:49.843118+00:00
L,"Oblast d’Orenbourg, Russia",24590,2009-12-13,75,1,LW,"6'03""",181,"Milyayev, Andrei",,Milyayev,Andrei,19,"Blainville-Boisbriand, Armada",BLB,https://assets.leaguestat.com/lhjmq/logos/19.png,214,qmjhl,2026-27 | Regular Season,2026,2027,2,Oblast d’Orenbourg,Russia,,190.5,L,2026-10-02T16:11:49.843118+00:00
L,"Québec, QC, Canada",20310,2007-05-24,84,0,LW,"6'00""",175,"Grenier, Ludovik",,Grenier,Ludovik,19,"Blainville-Boisbriand, Armada",BLB,https://assets.leaguestat.com/lhjmq/logos/19.png,214,qmjhl,2026-27 | Regular Season,2026,2027,3,Québec,Canada,QC,182.88,L,2026-10-02T16:11:49.843118+00:00
L,"St-Lazare, QC, Canada",21481,2007-05-16,90,0,RW,"6'00""",190,"Collin, Giovanni",,Collin,Giovanni,19,"Blainville-Boisbriand, Armada",BLB,https://assets.leaguestat.com/lhjmq/logos/19.png,214,qmjhl,2026-27 | Regular Season,2026,2027,3,St-Lazare,Canada,QC,182.88,L,2026-10-02T16:11:49.843118+00:00
L,"St-Lambert-de-Lauzon, QC, Canada",21394,2008-10-27,92,1,C,"5'09""",144,"Côté, Malyk",,Côté,Malyk,19,"Blainville-Boisbriand, Armada",BLB,https://assets.leaguestat.com/lhjmq/logos/19.png,214,qmjhl,2026-27 | Regular Season,2026,2027,3,St-Lambert-de-Lauzon,Canada,QC,175.26,L,2026-10-02T16:11:49.843118+00:00
R,"Nuremberg, Germany",23842,2006-09-26,5,0,D,"6'04""",218,"Brennan, Logan",,Brennan,Logan,19,"Blainville-Boisbriand, Armada",BLB,https://assets.leaguestat.com/lhjmq/logos/19.png,214,qmjhl,2026-27 | Regular Season,2026,2027,2,Nuremberg,Germany,,193.04,R,2026-10-02T16:11:49.843118+00:00
L,"Lachine, QC, Canada",19626,2006-05-14,6,0,D,"6'00""",184,"Filaj, Olivier",,Filaj,Olivier,19,"Blainville-Boisbriand, Armada",BLB,https://assets.leaguestat.com/lhjmq/logos/19.png,214,qmjhl,2026-27 | Regular Season,2026,2027,3,Lachine,Canada,QC,182.88,L,2026-10-02T16:11:49.843118+00:00
L,"Brampton, ON, Canada",24098,2007-05-02,7,0,D,"6'01""",217,"Fagan, PJ",,Fagan,PJ,19,"Blainville-Boisbriand, Armada",BLB,https://assets.leaguestat.com/lhjmq/logos/19.png,214,qmjhl,2026-27 | Regular Season,2026,2027,3,Brampton,Canada,ON,185.42000000000002,L,2026-10-02T16:11:49.843118+00:00
L,"Fort Lauderdale, FL, United States",24668,2009-06-15,17,1,D,"6'02""",189,"Deschamps, Dean",,Deschamps,Dean,19,"Blainville-Boisbriand, Armada",BLB,https://assets.leaguestat.com/lhjmq/logos/19.png,214,qmjhl,2026-27 | Regular Season,2026,2027,3,Fort Lauderdale,United States,FL,187.96,L,2026-10-02T16:11:49.843118+00:00
L,"Rosemère, QC, Canada",23370,2009-04-29,21,1,D,"6'01""",174,"Bonin-Lallemand, Alexis",,Bonin-Lallemand,Alexis,19,"Blainville-Boisbriand, Armada",BLB,https://assets.leaguestat.com/lhjmq/logos/19.png,214,qmjhl,2026-27 | Regular Season,2026,2027,3,Rosemère,Canada,QC,185.42000000000002,L,2026-10-02T16:11:49.843118+00:00
R,"Châteauguay, QC, Canada",23377,2009-01-13,29,1,D,"6'03""",195,"Jackson, Camden",,Jackson,Camden,19,"Blainville-Boisbriand, Armada",BLB,https://assets.leaguestat.com/lhjmq/logos/19.png,214,qmjhl,2026-27 | Regular Season,2026,2027,3,Châteauguay,Canada,QC,190.5,R,2026-10-02T16:11:49.843118+00:00
R,"Kirkland, QC, Canada",21451,2008-03-06,48,1,D,"5'09""",193,"Birch, Nathan",,Birch,Nathan,19,"Blainville-Boisbriand, Armada",BLB,https://assets.leaguestat.com/lhjmq/logos/19.png,214,qmjhl,2026-27 | Regular Season,2026,2027,3,Kirkland,Canada,QC,175.26,R,2026-10-02T16:11:49.843118+00:00
L,"Granby, QC, Canada",21412,2008-02-14,71,1,D,"5'11""",184,"Leroux, Charles-Isaac",,Leroux,Charles-Isaac,19,"Blainville-Boisbriand, Armada",BLB,https://assets.leaguestat.com/lhjmq/logos/19.png,214,qmjhl,2026-27 | Regular Season,2026,2027,3,Granby,Canada,QC,180.34,L,2026-10-02T16:11:49.843118+00:00
L,"Kingston, ON, Canada",24706,2008-04-29,88,1,D,"6'01""",185,"Gowan, Blake",,Gowan,Blake,19,"Blainville-Boisbriand, Armada",BLB,https://assets.leaguestat.com/lhjmq/logos/19.png,214,qmjhl,2026-27 | Regular Season,2026,2027,3,Kingston,Canada,ON,185.42000000000002,L,2026-10-02T16:11:49.843118+00:00
,"Westmount, QC, Canada",21402,2008-03-24,39,0,G,"6'03""",174,"Gillham-Cirka, Nicolas",L,Gillham-Cirka,Nicolas,19,"Blainville-Boisbriand, Armada",BLB,https://assets.leaguestat.com/lhjmq/logos/19.png,214,qmjhl,2026-27 | Regular Season,2026,2027,3,Westmount,Canada,QC,190.5,L,2026-10-02T16:11:49.843118+00:00
,"St-Philippe-de-la-Prairie, QC, Canada",20224,2007-08-04,73,0,G,"6'00""",185,"Lelièvre, Benjamin",L,Lelièvre,Benjamin,19,"Blainville-Boisbriand, Armada",BLB,https://assets.leaguestat.com/lhjmq/logos/19.png,214,qmjhl,2026-27 | Regular Season,2026,2027,3,St-Philippe-de-la-Prairie,Canada,QC,182.88,L,2026-10-02T16:11:49.843118+00:00
L,"Rosenheim, Germany",23762,2007-07-08,9,0,LW,"6'00""",182,"Schneider, Elias",,Schneider,Elias,3,"Cape Breton, Eagles",Cap,https://assets.leaguestat.com/lhjmq/logos/3.png,214,qmjhl,2026-27 | Regular Season,2026,2027,2,Rosenheim,Germany,,182.88,L,2026-10-02T16:11:50.309411+00:00
L,"Nürnberg, Germany",23740,2007-05-17,10,0,LW,"6'04""",200,"Schäfer, Maxim",,Schäfer,Maxim,3,"Cape Breton, Eagles",Cap,https://assets.leaguestat.com/lhjmq/logos/3.png,214,qmjhl,2026-27 | Regular Season,2026,2027,2,Nürnberg,Germany,,193.04,L,2026-10-02T16:11:50.309411+00:00
L,"Hunter River, PE, Canada",21331,2008-03-12,11,0,C,"6'00""",177,"Andrews, Derek",,Andrews,Derek,3,"Cape Breton, Eagles",Cap,https://assets.leaguestat.com/lhjmq/logos/3.png,214,qmjhl,2026-27 | Regular Season,2026,2027,3,Hunter River,Canada,PE,182.88,L,2026-10-02T16:11:50.309411+00:00
L,"Miscouche, PE, Canada",23358,2009-08-02,16,1,LW,"6'01""",200,"Murphy, Drew",,Murphy,Drew,3,"Cape Breton, Eagles",Cap,https://assets.leaguestat.com/lhjmq/logos/3.png,214,qmjhl,2026-27 | Regular Season,2026,2027,3,Miscouche,Canada,PE,185.42000000000002,L,2026-10-02T16:11:50.309411+00:00
L,"New City, NY, United States",24648,2008-01-19,17,1,C,"5'07""",165,"Rothstein, Jason",,Rothstein,Jason,3,"Cape Breton, Eagles",Cap,https://assets.leaguestat.com/lhjmq/logos/3.png,214,qmjhl,2026-27 | Regular Season,2026,2027,3,New City,United States,NY,170.18,L,2026-10-02T16:11:50.309411+00:00
L,"Amqui, QC, Canada",19522,2006-03-23,19,0,C,"6'02""",202,"Litalien, Eliot",,Litalien,Eliot,3,"Cape Breton, Eagles",Cap,https://assets.leaguestat.com/lhjmq/logos/3.png,214,qmjhl,2026-27 | Regular Season,2026,2027,3,Amqui,Canada,QC,187.96,L,2026-10-02T16:11:50.309411+00:00
L,"Beaver Bank, NS, Canada",19543,2006-12-08,21,0,LW,"6'01""",195,"Peitzsche, Reece",,Peitzsche,Reece,3,"Cape Breton, Eagles",Cap,https://assets.leaguestat.com/lhjmq/logos/3.png,214,qmjhl,2026-27 | Regular Season,2026,2027,3,Beaver Bank,Canada,NS,185.42000000000002,L,2026-10-02T16:11:50.309411+00:00
R,"Halifax, NS, Canada",21368,2008-03-19,22,0,RW,"6'00""",175,"Hartlin, Jacob",,Hartlin,Jacob,3,"Cape Breton, Eagles",Cap,https://assets.leaguestat.com/lhjmq/logos/3.png,214,qmjhl,2026-27 | Regular Season,2026,2027,3,Halifax,Canada,NS,182.88,R,2026-10-02T16:11:50.309411+00:00
R,"Amqui, QC, Canada",21282,2008-04-07,27,0,RW,"6'02""",205,"Litalien, Romain",,Litalien,Romain,3,"Cape Breton, Eagles",Cap,https://assets.leaguestat.com/lhjmq/logos/3.png,214,qmjhl,2026-27 | Regular Season,2026,2027,3,Amqui,Canada,QC,187.96,R,2026-10-02T16:11:50.309411+00:00
L,"Kladno, Czechia",23737,2008-07-24,28,0,LW,"5'10""",182,"Klaus, Adam",,Klaus,Adam,3,"Cape Breton, Eagles",Cap,https://assets.leaguestat.com/lhjmq/logos/3.png,214,qmjhl,2026-27 | Regular Season,2026,2027,2,Kladno,Czechia,,177.8,L,2026-10-02T16:11:50.309411+00:00
R,"Montréal, QC, Canada",22095,2007-05-15,39,0,RW,"6'03""",200,"Lefebvre, Liam",,Lefebvre,Liam,3,"Cape Breton, Eagles",Cap,https://assets.leaguestat.com/lhjmq/logos/3.png,214,qmjhl,2026-27 | Regular Season,2026,2027,3,Montréal,Canada,QC,190.5,R,2026-10-02T16:11:50.309411+00:00
L,"New Britain, CT, United States",24499,2008-03-18,81,1,RW,"6'01""",184,"Reynolds, Brayden",,Reynolds,Brayden,3,"Cape Breton, Eagles",Cap,https://assets.leaguestat.com/lhjmq/logos/3.png,214,qmjhl,2026-27 | Regular Season,2026,2027,3,New Britain,United States,CT,185.42000000000002,L,2026-10-02T16:11:50.309411+00:00
L,"Bedford, NS, Canada",20179,2007-05-01,86,0,C,"6'01""",190,"Chandler, Cole",,Chandler,Cole,3,"Cape Breton, Eagles",Cap,https://assets.leaguestat.com/lhjmq/logos/3.png,214,qmjhl,2026-27 | Regular Season,2026,2027,3,Bedford,Canada,NS,185.42000000000002,L,2026-10-02T16:11:50.309411+00:00
L,"Yonkers, NY, United States",24510,2007-11-10,94,0,C,"5'10""",183,"Broderick, Jack",,Broderick,Jack,3,"Cape Breton, Eagles",Cap,https://assets.leaguestat.com/lhjmq/logos/3.png,214,qmjhl,2026-27 | Regular Season,2026,2027,3,Yonkers,United States,NY,177.8,L,2026-10-02T16:11:50.309411+00:00
L,"Windsor, MA, United States",23418,2009-01-19,2,1,D,"6'02""",180,"Anello, Easton",,Anello,Easton,3,"Cape Breton, Eagles",Cap,https://assets.leaguestat.com/lhjmq/logos/3.png,214,qmjhl,2026-27 | Regular Season,2026,2027,3,Windsor,United States,MA,187.96,L,2026-10-02T16:11:50.309411+00:00
L,"Membertou, NS, Canada",23429,2009-06-18,6,1,D,"5'11""",168,"Ginnish, Jax",,Ginnish,Jax,3,"Cape Breton, Eagles",Cap,https://assets.leaguestat.com/lhjmq/logos/3.png,214,qmjhl,2026-27 | Regular Season,2026,2027,3,Membertou,Canada,NS,180.34,L,2026-10-02T16:11:50.309411+00:00
L,"Gatineau, QC, Canada",20243,2007-09-11,8,0,D,"6'02""",187,"De Ladurantaye, Jacob",,De Ladurantaye,Jacob,3,"Cape Breton, Eagles",Cap,https://assets.leaguestat.com/lhjmq/logos/3.png,214,qmjhl,2026-27 | Regular Season,2026,2027,3,Gatineau,Canada,QC,187.96,L,2026-10-02T16:11:50.309411+00:00
L,"Verdun, QC, Canada",20233,2007-08-13,13,0,D,"6'01""",196,"Gosselin, Alonso",,Gosselin,Alonso,3,"Cape Breton, Eagles",Cap,https://assets.leaguestat.com/lhjmq/logos/3.png,214,qmjhl,2026-27 | Regular Season,2026,2027,3,Verdun,Canada,QC,185.42000000000002,L,2026-10-02T16:11:50.309411+00:00
R,"Mount Kisco, NY, United States",23653,2006-03-13,23,0,D,"6'01""",208,"Jettelson, Noah",,Jettelson,Noah,3,"Cape Breton, Eagles",Cap,https://assets.leaguestat.com/lhjmq/logos/3.png,214,qmjhl,2026-27 | Regular Season,2026,2027,3,Mount Kisco,United States,NY,185.42000000000002,R,2026-10-02T16:11:50.309411+00:00
L,"Summerside, PE, Canada",20204,2007-08-24,55,0,D,"6'04""",217,"Murphy, Will",,Murphy,Will,3,"Cape Breton, Eagles",Cap,https://assets.leaguestat.com/lhjmq/logos/3.png,214,qmjhl,2026-27 | Regular Season,2026,2027,3,Summerside,Canada,PE,193.04,L,2026-10-02T16:11:50.309411+00:00
R,"Saint John, NB, Canada",21344,2007-06-13,65,0,D,"6'02""",200,"McCullough, Aiden",,McCullough,Aiden,3,"Cape Breton, Eagles",Cap,https://assets.leaguestat.com/lhjmq/logos/3.png,214,qmjhl,2026-27 | Regular Season,2026,2027,3,Saint John,Canada,NB,187.96,R,2026-10-02T16:11:50.309411+00:00
R,"Laval, QC, Canada",23401,2009-12-14,74,1,D,"6'04""",184,"Levy, Noah",,Levy,Noah,3,"Cape Breton, Eagles",Cap,https://assets.leaguestat.com/lhjmq/logos/3.png,214,qmjhl,2026-27 | Regular Season,2026,2027,3,Laval,Canada,QC,193.04,R,2026-10-02T16:11:50.309411+00:00
R,"Hoboken, NJ, United States",24065,2008-08-07,77,1,D,"6'02""",195,"Roccas, Tyler",,Roccas,Tyler,3,"Cape Breton, Eagles",Cap,https://assets.leaguestat.com/lhjmq/logos/3.png,214,qmjhl,2026-27 | Regular Season,2026,2027,3,Hoboken,United States,NJ,187.96,R,2026-10-02T16:11:50.309411+00:00
,"Montréal, QC, Canada",20198,2007-08-23,33,0,G,"6'02""",200,"Beckman, Lucas",L,Beckman,Lucas,3,"Cape Breton, Eagles",Cap,https://assets.leaguestat.com/lhjmq/logos/3.png,214,qmjhl,2026-27 | Regular Season,2026,2027,3,Montréal,Canada,QC,187.96,L,2026-10-02T16:11:50.309411+00:00
,"Stellarton, NS, Canada",23353,2009-11-17,92,1,G,"6'04""",182,"Berthiaume, Sam",L,Berthiaume,Sam,3,"Cape Breton, Eagles",Cap,https://assets.leaguestat.com/lhjmq/logos/3.png,214,qmjhl,2026-27 | Regular Season,2026,2027,3,Stellarton,Canada,NS,193.04,L,2026-10-02T16:11:50.309411+00:00
L,"St. John's, NL, Canada",19592,2006-05-19,13,0,C,"5'07""",171,"Butler, Matthew",,Butler,Matthew,7,"Charlottetown, Islanders",Cha,https://assets.leaguestat.com/lhjmq/logos/7.png,214,qmjhl,2026-27 | Regular Season,2026,2027,3,St. John's,Canada,NL,170.18,L,2026-10-02T16:11:50.829814+00:00
R,"Blainville, QC, Canada",20201,2007-08-29,14,0,C,"5'11""",191,"Flanagan, Anthony",,Flanagan,Anthony,7,"Charlottetown, Islanders",Cha,https://assets.leaguestat.com/lhjmq/logos/7.png,214,qmjhl,2026-27 | Regular Season,2026,2027,3,Blainville,Canada,QC,180.34,R,2026-10-02T16:11:50.829814+00:00
R,"Candiac, QC, Canada",23335,2009-07-08,17,0,C,"5'11""",191,"Provencher, Antoine",,Provencher,Antoine,7,"Charlottetown, Islanders",Cha,https://assets.leaguestat.com/lhjmq/logos/7.png,214,qmjhl,2026-27 | Regular Season,2026,2027,3,Candiac,Canada,QC,180.34,R,2026-10-02T16:11:50.829814+00:00
R,"Oshawa, ON, Canada",23897,2007-09-15,19,0,RW,"5'11""",171,"Armstrong, Hudson",,Armstrong,Hudson,7,"Charlottetown, Islanders",Cha,https://assets.leaguestat.com/lhjmq/logos/7.png,214,qmjhl,2026-27 | Regular Season,2026,2027,3,Oshawa,Canada,ON,180.34,R,2026-10-02T16:11:50.829814+00:00
L,"Québec, QC, Canada",24255,2010-01-02,26,1,C,"6'01""",210,"Tremblay, Aslan",,Tremblay,Aslan,7,"Charlottetown, Islanders",Cha,https://assets.leaguestat.com/lhjmq/logos/7.png,214,qmjhl,2026-27 | Regular Season,2026,2027,3,Québec,Canada,QC,185.42000000000002,L,2026-10-02T16:11:50.829814+00:00
L,"Hamuliakovo, Slovakia",24605,2009-03-22,27,1,C,"5'10""",155,"Kryvonos, Oleksii",,Kryvonos,Oleksii,7,"Charlottetown, Islanders",Cha,https://assets.leaguestat.com/lhjmq/logos/7.png,214,qmjhl,2026-27 | Regular Season,2026,2027,2,Hamuliakovo,Slovakia,,177.8,L,2026-10-02T16:11:50.829814+00:00
L,"Drummondville, QC, Canada",19680,2006-07-06,29,0,LW,"5'08""",165,"Boudreau, Antoine",,Boudreau,Antoine,7,"Charlottetown, Islanders",Cha,https://assets.leaguestat.com/lhjmq/logos/7.png,214,qmjhl,2026-27 | Regular Season,2026,2027,3,Drummondville,Canada,QC,172.72,L,2026-10-02T16:11:50.829814+00:00
L,"Stratford, PE, Canada",21385,2008-01-25,34,0,LW,"6'02""",186,"Walsh, Rowan",,Walsh,Rowan,7,"Charlottetown, Islanders",Cha,https://assets.leaguestat.com/lhjmq/logos/7.png,214,qmjhl,2026-27 | Regular Season,2026,2027,3,Stratford,Canada,PE,187.96,L,2026-10-02T16:11:50.829814+00:00
R,"St.John's, NL, Canada",23375,2009-01-27,71,0,C,"5'10""",175,"Haye, Cameron",,Haye,Cameron,7,"Charlottetown, Islanders",Cha,https://assets.leaguestat.com/lhjmq/logos/7.png,214,qmjhl,2026-27 | Regular Season,2026,2027,3,St.John's,Canada,NL,177.8,R,2026-10-02T16:11:50.829814+00:00
R,"Falmouth, NS, Canada",19525,2006-03-24,72,0,RW,"5'09""",177,"Shields, William",,Shields,William,7,"Charlottetown, Islanders",Cha,https://assets.leaguestat.com/lhjmq/logos/7.png,214,qmjhl,2026-27 | Regular Season,2026,2027,3,Falmouth,Canada,NS,175.26,R,2026-10-02T16:11:50.829814+00:00
L,"Montréal, QC, Canada",21345,2008-01-04,74,0,LW,"6'00""",183,"Charron, Hugo",,Charron,Hugo,7,"Charlottetown, Islanders",Cha,https://assets.leaguestat.com/lhjmq/logos/7.png,214,qmjhl,2026-27 | Regular Season,2026,2027,3,Montréal,Canada,QC,182.88,L,2026-10-02T16:11:50.829814+00:00
L,"Toronto, ON, Canada",23972,2007-08-02,82,0,C,"6'04""",201,"Eccleston, Kimani",,Eccleston,Kimani,7,"Charlottetown, Islanders",Cha,https://assets.leaguestat.com/lhjmq/logos/7.png,214,qmjhl,2026-27 | Regular Season,2026,2027,3,Toronto,Canada,ON,193.04,L,2026-10-02T16:11:50.829814+00:00
R,"Elington, CT, United States",23359,2008-01-26,88,0,RW,"6'01""",192,"Duskocy, Nolan",,Duskocy,Nolan,7,"Charlottetown, Islanders",Cha,https://assets.leaguestat.com/lhjmq/logos/7.png,214,qmjhl,2026-27 | Regular Season,2026,2027,3,Elington,United States,CT,185.42000000000002,R,2026-10-02T16:11:50.829814+00:00
R,"Duxbury, MA, United States",21415,2008-04-29,92,0,LW,"5'11""",180,"Herron, Jude",,Herron,Jude,7,"Charlottetown, Islanders",Cha,https://assets.leaguestat.com/lhjmq/logos/7.png,214,qmjhl,2026-27 | Regular Season,2026,2027,3,Duxbury,United States,MA,180.34,R,2026-10-02T16:11:50.829814+00:00
L,"Stellarton, NS, Canada",20183,2007-03-10,10,0,D,"6'03""",214,"Conrad, Owen",,Conrad,Owen,7,"Charlottetown, Islanders",Cha,https://assets.leaguestat.com/lhjmq/logos/7.png,214,qmjhl,2026-27 | Regular Season,2026,2027,3,Stellarton,Canada,NS,190.5,L,2026-10-02T16:11:50.829814+00:00
L,"Orland Park, IL, United States",23525,2009-01-24,15,1,D,"6'01""",178,"Holyoke, Cameron",,Holyoke,Cameron,7,"Charlottetown, Islanders",Cha,https://assets.leaguestat.com/lhjmq/logos/7.png,214,qmjhl,2026-27 | Regular Season,2026,2027,3,Orland Park,United States,IL,185.42000000000002,L,2026-10-02T16:11:50.829814+00:00
L,"Riga, Latvia",24596,2009-04-29,40,1,D,"6'04""",221,"Grundmanis, Aleksandrs Leonards",,Grundmanis,Aleksandrs Leonards,7,"Charlottetown, Islanders",Cha,https://assets.leaguestat.com/lhjmq/logos/7.png,214,qmjhl,2026-27 | Regular Season,2026,2027,2,Riga,Latvia,,193.04,L,2026-10-02T16:11:50.829814+00:00
R,"Paradise, NL, Canada",23398,2009-12-24,43,1,D,"6'05""",211,"Jewer, Ryan",,Jewer,Ryan,7,"Charlottetown, Islanders",Cha,https://assets.leaguestat.com/lhjmq/logos/7.png,214,qmjhl,2026-27 | Regular Season,2026,2027,3,Paradise,Canada,NL,195.58,R,2026-10-02T16:11:50.829814+00:00
L,"Moscow, Russia",24578,2009-04-09,47,1,D,"6'02""",197,"Mate, Artyom",,Mate,Artyom,7,"Charlottetown, Islanders",Cha,https://assets.leaguestat.com/lhjmq/logos/7.png,214,qmjhl,2026-27 | Regular Season,2026,2027,2,Moscow,Russia,,187.96,L,2026-10-02T16:11:50.829814+00:00
L,"Drummondville, QC, Canada",24276,2010-04-09,55,1,D,"6'01""",192,"Frost, Nathan",,Frost,Nathan,7,"Charlottetown, Islanders",Cha,https://assets.leaguestat.com/lhjmq/logos/7.png,214,qmjhl,2026-27 | Regular Season,2026,2027,3,Drummondville,Canada,QC,185.42000000000002,L,2026-10-02T16:11:50.829814+00:00
R,"Vorhees, NJ, United States",24670,2009-08-31,77,1,D,"5'08""",170,"Flory, Kage",,Flory,Kage,7,"Charlottetown, Islanders",Cha,https://assets.leaguestat.com/lhjmq/logos/7.png,214,qmjhl,2026-27 | Regular Season,2026,2027,3,Vorhees,United States,NJ,172.72,R,2026-10-02T16:11:50.829814+00:00
,"Conception Bay South, NL, Canada",20226,2007-06-01,1,0,G,"5'11""",178,"Hickey, Donald",L,Hickey,Donald,7,"Charlottetown, Islanders",Cha,https://assets.leaguestat.com/lhjmq/logos/7.png,214,qmjhl,2026-27 | Regular Season,2026,2027,3,Conception Bay South,Canada,NL,180.34,L,2026-10-02T16:11:50.829814+00:00
,"Guelph, ON, Canada",24735,2008-06-13,31,1,G,"6'04""",193,"Ronan, Seth",L,Ronan,Seth,7,"Charlottetown, Islanders",Cha,https://assets.leaguestat.com/lhjmq/logos/7.png,214,qmjhl,2026-27 | Regular Season,2026,2027,3,Guelph,Canada,ON,193.04,L,2026-10-02T16:11:50.829814+00:00
L,"Saint-Eustache, QC, Canada",19674,2006-04-13,8,0,RW,"6'02""",192,"Berthelot, Christophe",,Berthelot,Christophe,10,"Chicoutimi, Saguenéens",Chi,https://assets.leaguestat.com/lhjmq/logos/10.png,214,qmjhl,2026-27 | Regular Season,2026,2027,3,Saint-Eustache,Canada,QC,187.96,L,2026-10-02T16:11:51.342312+00:00
L,"Drummondville, QC, Canada",20175,2007-11-18,11,0,LW,"6'00""",182,"Ricard, Émile",,Ricard,Émile,10,"Chicoutimi, Saguenéens",Chi,https://assets.leaguestat.com/lhjmq/logos/10.png,214,qmjhl,2026-27 | Regular Season,2026,2027,3,Drummondville,Canada,QC,182.88,L,2026-10-02T16:11:51.342312+00:00
L,"Baie-St-Paul, QC, Canada",21293,2008-01-04,12,0,RW,"6'01""",192,"Gagnon, Louis-Félix",,Gagnon,Louis-Félix,10,"Chicoutimi, Saguenéens",Chi,https://assets.leaguestat.com/lhjmq/logos/10.png,214,qmjhl,2026-27 | Regular Season,2026,2027,3,Baie-St-Paul,Canada,QC,185.42000000000002,L,2026-10-02T16:11:51.342312+00:00
R,"Mountain View, CA, United States",24113,2007-04-24,17,0,RW,"6'03""",202,"Phillips, Joshua",,Phillips,Joshua,10,"Chicoutimi, Saguenéens",Chi,https://assets.leaguestat.com/lhjmq/logos/10.png,214,qmjhl,2026-27 | Regular Season,2026,2027,3,Mountain View,United States,CA,190.5,R,2026-10-02T16:11:51.342312+00:00
R,France,24496,2007-02-13,19,0,RW,"5'10""",172,"Dufour, Mathis",,Dufour,Mathis,10,"Chicoutimi, Saguenéens",Chi,https://assets.leaguestat.com/lhjmq/logos/10.png,214,qmjhl,2026-27 | Regular Season,2026,2027,1,,,,177.8,R,2026-10-02T16:11:51.342312+00:00
L,"Mountainside, NJ, United States",20229,2007-02-14,32,0,LW,"6'00""",187,"Nasreddine, Alec",,Nasreddine,Alec,10,"Chicoutimi, Saguenéens",Chi,https://assets.leaguestat.com/lhjmq/logos/10.png,214,qmjhl,2026-27 | Regular Season,2026,2027,3,Mountainside,United States,NJ,182.88,L,2026-10-02T16:11:51.342312+00:00
R,"Châteauguay, QC, Canada",20167,2007-01-19,42,0,C,"5'10""",171,"Lecompte, Nathan",,Lecompte,Nathan,10,"Chicoutimi, Saguenéens",Chi,https://assets.leaguestat.com/lhjmq/logos/10.png,214,qmjhl,2026-27 | Regular Season,2026,2027,3,Châteauguay,Canada,QC,177.8,R,2026-10-02T16:11:51.342312+00:00
R,"Scottsdale, AZ, United States",23992,2006-09-29,44,0,RW,"5'11""",178,"Berehowsky, Daniel",,Berehowsky,Daniel,10,"Chicoutimi, Saguenéens",Chi,https://assets.leaguestat.com/lhjmq/logos/10.png,214,qmjhl,2026-27 | Regular Season,2026,2027,3,Scottsdale,United States,AZ,180.34,R,2026-10-02T16:11:51.342312+00:00
L,"Windsor, QC, Canada",20258,2007-01-28,71,0,C,"6'01""",188,"Toussaint, Alexis",,Toussaint,Alexis,10,"Chicoutimi, Saguenéens",Chi,https://assets.leaguestat.com/lhjmq/logos/10.png,214,qmjhl,2026-27 | Regular Season,2026,2027,3,Windsor,Canada,QC,185.42000000000002,L,2026-10-02T16:11:51.342312+00:00
L,"Lévis, QC, Canada",24464,2008-05-17,86,1,LW,"6'03""",190,"Terglav, Nolan",,Terglav,Nolan,10,"Chicoutimi, Saguenéens",Chi,https://assets.leaguestat.com/lhjmq/logos/10.png,214,qmjhl,2026-27 | Regular Season,2026,2027,3,Lévis,Canada,QC,190.5,L,2026-10-02T16:11:51.342312+00:00
L,"Trois-Rivières, QC, Canada",21465,2008-02-15,88,0,LW,"5'09""",158,"Poirier, Loïc",,Poirier,Loïc,10,"Chicoutimi, Saguenéens",Chi,https://assets.leaguestat.com/lhjmq/logos/10.png,214,qmjhl,2026-27 | Regular Season,2026,2027,3,Trois-Rivières,Canada,QC,175.26,L,2026-10-02T16:11:51.342312+00:00
L,"Briancon, France",24465,2009-09-25,91,1,C,"5'09""",162,"Terglav, Darcy",,Terglav,Darcy,10,"Chicoutimi, Saguenéens",Chi,https://assets.leaguestat.com/lhjmq/logos/10.png,214,qmjhl,2026-27 | Regular Season,2026,2027,2,Briancon,France,,175.26,L,2026-10-02T16:11:51.342312+00:00
R,"Lévis, QC, Canada",23591,2008-07-03,92,1,C,"5'10""",179,"Bêty, Logan",,Bêty,Logan,10,"Chicoutimi, Saguenéens",Chi,https://assets.leaguestat.com/lhjmq/logos/10.png,214,qmjhl,2026-27 | Regular Season,2026,2027,3,Lévis,Canada,QC,177.8,R,2026-10-02T16:11:51.342312+00:00
L,"St.Louis, MO, United States",24102,2008-02-09,94,1,LW,"6'05""",206,"Mohesky, Andrew",,Mohesky,Andrew,10,"Chicoutimi, Saguenéens",Chi,https://assets.leaguestat.com/lhjmq/logos/10.png,214,qmjhl,2026-27 | Regular Season,2026,2027,3,St.Louis,United States,MO,195.58,L,2026-10-02T16:11:51.342312+00:00
L,"Apple Valley, MN, United States",24078,2006-08-23,2,0,D,"6'03""",197,"Kaldenbach, Brayden",,Kaldenbach,Brayden,10,"Chicoutimi, Saguenéens",Chi,https://assets.leaguestat.com/lhjmq/logos/10.png,214,qmjhl,2026-27 | Regular Season,2026,2027,3,Apple Valley,United States,MN,190.5,L,2026-10-02T16:11:51.342312+00:00
L,"Lesroy, Russia",24602,2009-04-27,7,1,D,"6'01""",173,"Aptikashev, Damir",,Aptikashev,Damir,10,"Chicoutimi, Saguenéens",Chi,https://assets.leaguestat.com/lhjmq/logos/10.png,214,qmjhl,2026-27 | Regular Season,2026,2027,2,Lesroy,Russia,,185.42000000000002,L,2026-10-02T16:11:51.342312+00:00
L,"Sault Ste. Marie , ON, Canada",24705,2007-08-11,10,0,D,"6'00""",190,"O'Neill, Candon",,O'Neill,Candon,10,"Chicoutimi, Saguenéens",Chi,https://assets.leaguestat.com/lhjmq/logos/10.png,214,qmjhl,2026-27 | Regular Season,2026,2027,3,Sault Ste. Marie ,Canada,ON,182.88,L,2026-10-02T16:11:51.342312+00:00
R,"Denver, CO, United States",24513,2007-08-07,22,0,D,"5'11""",185,"Tilley, Tobias",,Tilley,Tobias,10,"Chicoutimi, Saguenéens",Chi,https://assets.leaguestat.com/lhjmq/logos/10.png,214,qmjhl,2026-27 | Regular Season,2026,2027,3,Denver,United States,CO,180.34,R,2026-10-02T16:11:51.342312+00:00
L,"Rimouski, QC, Canada",23364,2009-04-06,25,1,D,"6'01""",181,"Dubé, William",,Dubé,William,10,"Chicoutimi, Saguenéens",Chi,https://assets.leaguestat.com/lhjmq/logos/10.png,214,qmjhl,2026-27 | Regular Season,2026,2027,3,Rimouski,Canada,QC,185.42000000000002,L,2026-10-02T16:11:51.342312+00:00
L,"Providence, RI, United States",24342,2010-04-24,55,1,D,"6'02""",168,"Walsh, Kasen",,Walsh,Kasen,10,"Chicoutimi, Saguenéens",Chi,https://assets.leaguestat.com/lhjmq/logos/10.png,214,qmjhl,2026-27 | Regular Season,2026,2027,3,Providence,United States,RI,187.96,L,2026-10-02T16:11:51.342312+00:00
R,"Evanston, IL, United States",24520,2008-06-27,72,1,D,"6'00""",178,"Hecker, Ryan",,Hecker,Ryan,10,"Chicoutimi, Saguenéens",Chi,https://assets.leaguestat.com/lhjmq/logos/10.png,214,qmjhl,2026-27 | Regular Season,2026,2027,3,Evanston,United States,IL,182.88,R,2026-10-02T16:11:51.342312+00:00
L,"St-Georges, QC, Canada",21320,2008-05-06,76,0,D,"6'01""",194,"Lemieux-Goupil, Emile-Alexandro",,Lemieux-Goupil,Emile-Alexandro,10,"Chicoutimi, Saguenéens",Chi,https://assets.leaguestat.com/lhjmq/logos/10.png,214,qmjhl,2026-27 | Regular Season,2026,2027,3,St-Georges,Canada,QC,185.42000000000002,L,2026-10-02T16:11:51.342312+00:00
,"Pont-Rouge, QC, Canada",20254,2006-07-25,30,0,G,"6'00""",208,"Précourt, Raphaël",R,Précourt,Raphaël,10,"Chicoutimi, Saguenéens",Chi,https://assets.leaguestat.com/lhjmq/logos/10.png,214,qmjhl,2026-27 | Regular Season,2026,2027,3,Pont-Rouge,Canada,QC,182.88,R,2026-10-02T16:11:51.342312+00:00
,"Talsi, Latvia",24591,2008-01-07,31,1,G,"6'04""",225,"Plumins, Patriks",L,Plumins,Patriks,10,"Chicoutimi, Saguenéens",Chi,https://assets.leaguestat.com/lhjmq/logos/10.png,214,qmjhl,2026-27 | Regular Season,2026,2027,2,Talsi,Latvia,,193.04,L,2026-10-02T16:11:51.342312+00:00
,"Pittsburgh, PA, United States",23420,2009-06-28,34,1,G,"6'01""",176,"Lee, Justin",L,Lee,Justin,10,"Chicoutimi, Saguenéens",Chi,https://assets.leaguestat.com/lhjmq/logos/10.png,214,qmjhl,2026-27 | Regular Season,2026,2027,3,Pittsburgh,United States,PA,185.42000000000002,L,2026-10-02T16:11:51.342312+00:00
L,"Québec, QC, Canada",19737,2006-07-19,9,0,C,"6'00""",184,"Drolet, Maxime-Olivier",,Drolet,Maxime-Olivier,14,"Drummondville, Voltigeurs",Dru,https://assets.leaguestat.com/lhjmq/logos/50x50/14.png,214,qmjhl,2026-27 | Regular Season,2026,2027,3,Québec,Canada,QC,182.88,L,2026-10-02T16:11:51.847029+00:00
L,"Laval, QC, Canada",23388,2009-05-01,11,1,C,"6'00""",177,"Brunet, Loic",,Brunet,Loic,14,"Drummondville, Voltigeurs",Dru,https://assets.leaguestat.com/lhjmq/logos/50x50/14.png,214,qmjhl,2026-27 | Regular Season,2026,2027,3,Laval,Canada,QC,182.88,L,2026-10-02T16:11:51.847029+00:00
R,"Nicolet, QC, Canada",19571,2006-11-22,16,0,C,"6'00""",184,"Poulin, Renaud",,Poulin,Renaud,14,"Drummondville, Voltigeurs",Dru,https://assets.leaguestat.com/lhjmq/logos/50x50/14.png,214,qmjhl,2026-27 | Regular Season,2026,2027,3,Nicolet,Canada,QC,182.88,R,2026-10-02T16:11:51.847029+00:00
L,"St-Bruno-de-Montarville, QC, Canada",19698,2006-08-30,24,0,LW,"5'10""",171,"Dumont, William",,Dumont,William,14,"Drummondville, Voltigeurs",Dru,https://assets.leaguestat.com/lhjmq/logos/50x50/14.png,214,qmjhl,2026-27 | Regular Season,2026,2027,3,St-Bruno-de-Montarville,Canada,QC,177.8,L,2026-10-02T16:11:51.847029+00:00
L,"Laval, QC, Canada",24305,2009-11-07,27,1,LW,"5'10""",173,"Sylla, Elijah",,Sylla,Elijah,14,"Drummondville, Voltigeurs",Dru,https://assets.leaguestat.com/lhjmq/logos/50x50/14.png,214,qmjhl,2026-27 | Regular Season,2026,2027,3,Laval,Canada,QC,177.8,L,2026-10-02T16:11:51.847029+00:00
R,"Québec, QC, Canada",20271,2007-06-21,28,0,RW,"6'01""",190,"Dufour, Hugo",,Dufour,Hugo,14,"Drummondville, Voltigeurs",Dru,https://assets.leaguestat.com/lhjmq/logos/50x50/14.png,214,qmjhl,2026-27 | Regular Season,2026,2027,3,Québec,Canada,QC,185.42000000000002,R,2026-10-02T16:11:51.847029+00:00
L,"Coaticook, QC, Canada",21419,2008-02-06,55,1,C,"6'03""",218,"Belzil, Eliott",,Belzil,Eliott,14,"Drummondville, Voltigeurs",Dru,https://assets.leaguestat.com/lhjmq/logos/50x50/14.png,214,qmjhl,2026-27 | Regular Season,2026,2027,3,Coaticook,Canada,QC,190.5,L,2026-10-02T16:11:51.847029+00:00
L,"Montréal, QC, Canada",21302,2008-09-01,72,0,LW,"6'00""",170,"Rousseau, Jayden",,Rousseau,Jayden,14,"Drummondville, Voltigeurs",Dru,https://assets.leaguestat.com/lhjmq/logos/50x50/14.png,214,qmjhl,2026-27 | Regular Season,2026,2027,3,Montréal,Canada,QC,182.88,L,2026-10-02T16:11:51.847029+00:00
L,"Martin, Slovakia",24588,2009-03-16,81,1,LW,"5'09""",176,"Taliga, Sebastian",,Taliga,Sebastian,14,"Drummondville, Voltigeurs",Dru,https://assets.leaguestat.com/lhjmq/logos/50x50/14.png,214,qmjhl,2026-27 | Regular Season,2026,2027,2,Martin,Slovakia,,175.26,L,2026-10-02T16:11:51.847029+00:00
R,"Mirabel, QC, Canada",20228,2007-09-13,88,0,RW,"5'11""",184,"Tassé, Yoan",,Tassé,Yoan,14,"Drummondville, Voltigeurs",Dru,https://assets.leaguestat.com/lhjmq/logos/50x50/14.png,214,qmjhl,2026-27 | Regular Season,2026,2027,3,Mirabel,Canada,QC,180.34,R,2026-10-02T16:11:51.847029+00:00
L,"St-Cyrille-de-Wendover, QC, Canada",23474,2009-06-29,89,1,LW,"5'10""",170,"Robichaud, Antoine",,Robichaud,Antoine,14,"Drummondville, Voltigeurs",Dru,https://assets.leaguestat.com/lhjmq/logos/50x50/14.png,214,qmjhl,2026-27 | Regular Season,2026,2027,3,St-Cyrille-de-Wendover,Canada,QC,177.8,L,2026-10-02T16:11:51.847029+00:00
R,"Québec, QC, Canada",21308,2008-07-15,91,0,C,"6'03""",215,"Bourque, Louis-Félix",,Bourque,Louis-Félix,14,"Drummondville, Voltigeurs",Dru,https://assets.leaguestat.com/lhjmq/logos/50x50/14.png,214,qmjhl,2026-27 | Regular Season,2026,2027,3,Québec,Canada,QC,190.5,R,2026-10-02T16:11:51.847029+00:00
R,"St-Bruno-de-Montarville, QC, Canada",21374,2008-08-19,94,0,RW,"6'00""",188,"Dumont, Dylan",,Dumont,Dylan,14,"Drummondville, Voltigeurs",Dru,https://assets.leaguestat.com/lhjmq/logos/50x50/14.png,214,qmjhl,2026-27 | Regular Season,2026,2027,3,St-Bruno-de-Montarville,Canada,QC,182.88,R,2026-10-02T16:11:51.847029+00:00
R,"St-Étienne-des-Grès, QC, Canada",23389,2009-03-19,96,1,RW,"6'04""",195,"Morin, Dérik",,Morin,Dérik,14,"Drummondville, Voltigeurs",Dru,https://assets.leaguestat.com/lhjmq/logos/50x50/14.png,214,qmjhl,2026-27 | Regular Season,2026,2027,3,St-Étienne-des-Grès,Canada,QC,193.04,R,2026-10-02T16:11:51.847029+00:00
R,"Cohasset, MA, United States",23443,2008-09-20,2,0,D,"6'04""",214,"Campbell, Cooper",,Campbell,Cooper,14,"Drummondville, Voltigeurs",Dru,https://assets.leaguestat.com/lhjmq/logos/50x50/14.png,214,qmjhl,2026-27 | Regular Season,2026,2027,3,Cohasset,United States,MA,193.04,R,2026-10-02T16:11:51.847029+00:00
L,"Trencin, Slovakia",23742,2008-12-31,13,0,D,"6'02""",187,"Kovalcik, Filip",,Kovalcik,Filip,14,"Drummondville, Voltigeurs",Dru,https://assets.leaguestat.com/lhjmq/logos/50x50/14.png,214,qmjhl,2026-27 | Regular Season,2026,2027,2,Trencin,Slovakia,,187.96,L,2026-10-02T16:11:51.847029+00:00
R,"Toronto, ON, Canada",21672,2007-08-07,15,0,D,"6'04""",204,"Ronson, Owen",,Ronson,Owen,14,"Drummondville, Voltigeurs",Dru,https://assets.leaguestat.com/lhjmq/logos/50x50/14.png,214,qmjhl,2026-27 | Regular Season,2026,2027,3,Toronto,Canada,ON,193.04,R,2026-10-02T16:11:51.847029+00:00
R,"Windsor, ON, Canada",23938,2008-12-01,20,1,D,"6'01""",177,"Arthurs, Devon",,Arthurs,Devon,14,"Drummondville, Voltigeurs",Dru,https://assets.leaguestat.com/lhjmq/logos/50x50/14.png,214,qmjhl,2026-27 | Regular Season,2026,2027,3,Windsor,Canada,ON,185.42000000000002,R,2026-10-02T16:11:51.847029+00:00
L,"Dieppe, NB, Canada",23257,2008-12-18,43,0,D,"6'00""",176,"Cormier, Xavier",,Cormier,Xavier,14,"Drummondville, Voltigeurs",Dru,https://assets.leaguestat.com/lhjmq/logos/50x50/14.png,214,qmjhl,2026-27 | Regular Season,2026,2027,3,Dieppe,Canada,NB,182.88,L,2026-10-02T16:11:51.847029+00:00
L,"St-Joseph-de-Beauce, QC, Canada",21337,2008-10-08,44,1,D,"5'10""",181,"Boucher, Jacob",,Boucher,Jacob,14,"Drummondville, Voltigeurs",Dru,https://assets.leaguestat.com/lhjmq/logos/50x50/14.png,214,qmjhl,2026-27 | Regular Season,2026,2027,3,St-Joseph-de-Beauce,Canada,QC,177.8,L,2026-10-02T16:11:51.847029+00:00
L,"Kenora, ON, Canada",24674,2009-01-07,47,1,D,"6'00""",177,"VanWalleghem, Jaden",,VanWalleghem,Jaden,14,"Drummondville, Voltigeurs",Dru,https://assets.leaguestat.com/lhjmq/logos/50x50/14.png,214,qmjhl,2026-27 | Regular Season,2026,2027,3,Kenora,Canada,ON,182.88,L,2026-10-02T16:11:51.847029+00:00
,"Ostrava, Czechia",23741,2008-02-14,65,0,G,"6'03""",173,"Larys, Jan",L,Larys,Jan,14,"Drummondville, Voltigeurs",Dru,https://assets.leaguestat.com/lhjmq/logos/50x50/14.png,214,qmjhl,2026-27 | Regular Season,2026,2027,2,Ostrava,Czechia,,190.5,L,2026-10-02T16:11:51.847029+00:00
,"Lorraine, QC, Canada",23383,2009-01-15,90,0,G,"6'05""",180,"Fortin, Mathys",L,Fortin,Mathys,14,"Drummondville, Voltigeurs",Dru,https://assets.leaguestat.com/lhjmq/logos/50x50/14.png,214,qmjhl,2026-27 | Regular Season,2026,2027,3,Lorraine,Canada,QC,195.58,L,2026-10-02T16:11:51.847029+00:00
L,"Gatineau, QC, Canada",20265,2007-09-02,7,0,C,"6'04""",191,"Allie, Dylan",,Allie,Dylan,12,"Gatineau, Olympiques",Gat,https://assets.leaguestat.com/lhjmq/logos/50x50/12.png,214,qmjhl,2026-27 | Regular Season,2026,2027,3,Gatineau,Canada,QC,193.04,L,2026-10-02T16:11:52.270025+00:00
R,"Ste-Thérèse, QC, Canada",23340,2009-01-15,9,0,RW,"6'04""",208,"Halley, Louis-Étienne",,Halley,Louis-Étienne,12,"Gatineau, Olympiques",Gat,https://assets.leaguestat.com/lhjmq/logos/50x50/12.png,214,qmjhl,2026-27 | Regular Season,2026,2027,3,Ste-Thérèse,Canada,QC,193.04,R,2026-10-02T16:11:52.270025+00:00
R,"Kinburn, ON, Canada",23635,2007-04-04,17,0,RW,"5'10""",165,"Barton, Finn",,Barton,Finn,12,"Gatineau, Olympiques",Gat,https://assets.leaguestat.com/lhjmq/logos/50x50/12.png,214,qmjhl,2026-27 | Regular Season,2026,2027,3,Kinburn,Canada,ON,177.8,R,2026-10-02T16:11:52.270025+00:00
L,"Saint-Lazare, QC, Canada",20508,2006-05-04,18,0,LW,"6'02""",189,"Séguin, Gabriel",,Séguin,Gabriel,12,"Gatineau, Olympiques",Gat,https://assets.leaguestat.com/lhjmq/logos/50x50/12.png,214,qmjhl,2026-27 | Regular Season,2026,2027,3,Saint-Lazare,Canada,QC,187.96,L,2026-10-02T16:11:52.270025+00:00
L,"Moskva, Russia",24524,2007-07-18,21,0,LW,"6'04""",206,"Serov, Vasily",,Serov,Vasily,12,"Gatineau, Olympiques",Gat,https://assets.leaguestat.com/lhjmq/logos/50x50/12.png,214,qmjhl,2026-27 | Regular Season,2026,2027,2,Moskva,Russia,,193.04,L,2026-10-02T16:11:52.270025+00:00
R,"Québec, QC, Canada",21298,2008-04-08,22,0,RW,"5'08""",161,"Florent, Noah",,Florent,Noah,12,"Gatineau, Olympiques",Gat,https://assets.leaguestat.com/lhjmq/logos/50x50/12.png,214,qmjhl,2026-27 | Regular Season,2026,2027,3,Québec,Canada,QC,172.72,R,2026-10-02T16:11:52.270025+00:00
L,"Montréal, QC, Canada",23350,2009-02-28,27,0,C,"5'08""",181,"Horvat-Edouard, Zakary",,Horvat-Edouard,Zakary,12,"Gatineau, Olympiques",Gat,https://assets.leaguestat.com/lhjmq/logos/50x50/12.png,214,qmjhl,2026-27 | Regular Season,2026,2027,3,Montréal,Canada,QC,172.72,L,2026-10-02T16:11:52.270025+00:00
R,"Ottawa, ON, Canada",24067,2007-10-02,61,0,RW,"6'03""",202,"Legostaev, Peter",,Legostaev,Peter,12,"Gatineau, Olympiques",Gat,https://assets.leaguestat.com/lhjmq/logos/50x50/12.png,214,qmjhl,2026-27 | Regular Season,2026,2027,3,Ottawa,Canada,ON,190.5,R,2026-10-02T16:11:52.270025+00:00
R,"Gatineau, QC, Canada",21321,2008-10-23,71,0,RW,"5'11""",191,"Dagenais, Alex",,Dagenais,Alex,12,"Gatineau, Olympiques",Gat,https://assets.leaguestat.com/lhjmq/logos/50x50/12.png,214,qmjhl,2026-27 | Regular Season,2026,2027,3,Gatineau,Canada,QC,180.34,R,2026-10-02T16:11:52.270025+00:00
L,"Ste-Foy, QC, Canada",22097,2006-12-14,72,0,C,"5'10""",170,"Petrut, Nicolas",,Petrut,Nicolas,12,"Gatineau, Olympiques",Gat,https://assets.leaguestat.com/lhjmq/logos/50x50/12.png,214,qmjhl,2026-27 | Regular Season,2026,2027,3,Ste-Foy,Canada,QC,177.8,L,2026-10-02T16:11:52.270025+00:00
L,"Gatineau, QC, Canada",21290,2008-05-26,86,0,LW,"5'11""",174,"Dubé, Maxim",,Dubé,Maxim,12,"Gatineau, Olympiques",Gat,https://assets.leaguestat.com/lhjmq/logos/50x50/12.png,214,qmjhl,2026-27 | Regular Season,2026,2027,3,Gatineau,Canada,QC,180.34,L,2026-10-02T16:11:52.270025+00:00
L,"Sherbrooke, QC, Canada",21292,2008-03-11,91,0,C,"6'02""",200,"Cyr, Simon-Xavier",,Cyr,Simon-Xavier,12,"Gatineau, Olympiques",Gat,https://assets.leaguestat.com/lhjmq/logos/50x50/12.png,214,qmjhl,2026-27 | Regular Season,2026,2027,3,Sherbrooke,Canada,QC,187.96,L,2026-10-02T16:11:52.270025+00:00
L,"Gatineau, QC, Canada",21336,2008-05-20,93,0,C,"6'00""",178,"Pigeon, Charles",,Pigeon,Charles,12,"Gatineau, Olympiques",Gat,https://assets.leaguestat.com/lhjmq/logos/50x50/12.png,214,qmjhl,2026-27 | Regular Season,2026,2027,3,Gatineau,Canada,QC,182.88,L,2026-10-02T16:11:52.270025+00:00
L,"Moskva, Russia",24581,2010-02-09,97,1,C,"5'09""",165,"Glukhikh, Artem",,Glukhikh,Artem,12,"Gatineau, Olympiques",Gat,https://assets.leaguestat.com/lhjmq/logos/50x50/12.png,214,qmjhl,2026-27 | Regular Season,2026,2027,2,Moskva,Russia,,175.26,L,2026-10-02T16:11:52.270025+00:00
L,"Oshawa, ON, Canada",23933,2007-04-18,3,0,D,"5'11""",175,"McLennan, Drew",,McLennan,Drew,12,"Gatineau, Olympiques",Gat,https://assets.leaguestat.com/lhjmq/logos/50x50/12.png,214,qmjhl,2026-27 | Regular Season,2026,2027,3,Oshawa,Canada,ON,180.34,L,2026-10-02T16:11:52.270025+00:00
L,"Boucherville, QC, Canada",21299,2008-02-15,5,0,D,"6'07""",227,"Myloserdnyy, Michel",,Myloserdnyy,Michel,12,"Gatineau, Olympiques",Gat,https://assets.leaguestat.com/lhjmq/logos/50x50/12.png,214,qmjhl,2026-27 | Regular Season,2026,2027,3,Boucherville,Canada,QC,200.66,L,2026-10-02T16:11:52.270025+00:00
R,"Fall River, NS, Canada",24296,2010-11-26,6,1,D,"6'00""",173,"Tillman, Jayden",,Tillman,Jayden,12,"Gatineau, Olympiques",Gat,https://assets.leaguestat.com/lhjmq/logos/50x50/12.png,214,qmjhl,2026-27 | Regular Season,2026,2027,3,Fall River,Canada,NS,182.88,R,2026-10-02T16:11:52.270025+00:00
R,"Gatineau, QC, Canada",23392,2009-06-24,8,1,D,"6'00""",188,"Rosa, Adrien",,Rosa,Adrien,12,"Gatineau, Olympiques",Gat,https://assets.leaguestat.com/lhjmq/logos/50x50/12.png,214,qmjhl,2026-27 | Regular Season,2026,2027,3,Gatineau,Canada,QC,182.88,R,2026-10-02T16:11:52.270025+00:00
L,"Ottawa, ON, Canada",24656,2007-06-28,11,0,D,"5'09""",175,"White, Ryan",,White,Ryan,12,"Gatineau, Olympiques",Gat,https://assets.leaguestat.com/lhjmq/logos/50x50/12.png,214,qmjhl,2026-27 | Regular Season,2026,2027,3,Ottawa,Canada,ON,175.26,L,2026-10-02T16:11:52.270025+00:00
L,"Port-Daniel, QC, Canada",20190,2007-09-27,12,0,D,"6'00""",195,"Blais, Justin",,Blais,Justin,12,"Gatineau, Olympiques",Gat,https://assets.leaguestat.com/lhjmq/logos/50x50/12.png,214,qmjhl,2026-27 | Regular Season,2026,2027,3,Port-Daniel,Canada,QC,182.88,L,2026-10-02T16:11:52.270025+00:00
L,"Springfield, PA, United States",24100,2008-02-13,14,1,D,"6'01""",203,"Murphy, Luke",,Murphy,Luke,12,"Gatineau, Olympiques",Gat,https://assets.leaguestat.com/lhjmq/logos/50x50/12.png,214,qmjhl,2026-27 | Regular Season,2026,2027,3,Springfield,United States,PA,185.42000000000002,L,2026-10-02T16:11:52.270025+00:00
L,"Montréal, QC, Canada",23341,2009-08-04,44,1,D,"6'04""",230,"Landry, Clément",,Landry,Clément,12,"Gatineau, Olympiques",Gat,https://assets.leaguestat.com/lhjmq/logos/50x50/12.png,214,qmjhl,2026-27 | Regular Season,2026,2027,3,Montréal,Canada,QC,193.04,L,2026-10-02T16:11:52.270025+00:00
,"Ottawa, ON, Canada",24158,2007-07-16,30,0,G,"6'03""",186,"Larocque, Charlie",L,Larocque,Charlie,12,"Gatineau, Olympiques",Gat,https://assets.leaguestat.com/lhjmq/logos/50x50/12.png,214,qmjhl,2026-27 | Regular Season,2026,2027,3,Ottawa,Canada,ON,190.5,L,2026-10-02T16:11:52.270025+00:00
,"Niagara Falls, ON, Canada",24108,2007-02-06,35,0,G,"6'03""",180,"Moffett, Finn",L,Moffett,Finn,12,"Gatineau, Olympiques",Gat,https://assets.leaguestat.com/lhjmq/logos/50x50/12.png,214,qmjhl,2026-27 | Regular Season,2026,2027,3,Niagara Falls,Canada,ON,190.5,L,2026-10-02T16:11:52.270025+00:00
,"Almaty, Kazakhstan",23743,2007-04-13,90,0,G,"6'02""",196,"Shaiikov, Danai",L,Shaiikov,Danai,12,"Gatineau, Olympiques",Gat,https://assets.leaguestat.com/lhjmq/logos/50x50/12.png,214,qmjhl,2026-27 | Regular Season,2026,2027,2,Almaty,Kazakhstan,,187.96,L,2026-10-02T16:11:52.270025+00:00
L,"St. Petersburg, Russia",23745,2008-01-11,10,0,RW,"5'11""",175,"Kulebiakin, Oleg",,Kulebiakin,Oleg,5,"Halifax, Mooseheads",Hal,https://assets.leaguestat.com/lhjmq/logos/5_214.png,214,qmjhl,2026-27 | Regular Season,2026,2027,2,St. Petersburg,Russia,,180.34,L,2026-10-02T16:11:52.846758+00:00
L,"Klagenfurt, Austria",24568,2009-03-11,11,1,LW,"6'01""",179,"Sintschnig, Paul",,Sintschnig,Paul,5,"Halifax, Mooseheads",Hal,https://assets.leaguestat.com/lhjmq/logos/5_214.png,214,qmjhl,2026-27 | Regular Season,2026,2027,2,Klagenfurt,Austria,,185.42000000000002,L,2026-10-02T16:11:52.846758+00:00
R,"Dover, MA, United States",21526,2008-03-12,12,0,RW,"6'02""",199,"Bent, William",,Bent,William,5,"Halifax, Mooseheads",Hal,https://assets.leaguestat.com/lhjmq/logos/5_214.png,214,qmjhl,2026-27 | Regular Season,2026,2027,3,Dover,United States,MA,187.96,R,2026-10-02T16:11:52.846758+00:00
L,"Beaconsfield, QC, Canada",20166,2007-08-12,16,0,C,"6'00""",184,"Nobert, Mateo",,Nobert,Mateo,5,"Halifax, Mooseheads",Hal,https://assets.leaguestat.com/lhjmq/logos/5_214.png,214,qmjhl,2026-27 | Regular Season,2026,2027,3,Beaconsfield,Canada,QC,182.88,L,2026-10-02T16:11:52.846758+00:00
L,"Beaconsfield, QC, Canada",20352,2007-08-29,17,0,C,"6'00""",193,"McNab, Patrick",,McNab,Patrick,5,"Halifax, Mooseheads",Hal,https://assets.leaguestat.com/lhjmq/logos/5_214.png,214,qmjhl,2026-27 | Regular Season,2026,2027,3,Beaconsfield,Canada,QC,182.88,L,2026-10-02T16:11:52.846758+00:00
L,"Halifax, NS, Canada",21289,2008-03-28,20,0,C,"6'00""",191,"Walters, Daniel",,Walters,Daniel,5,"Halifax, Mooseheads",Hal,https://assets.leaguestat.com/lhjmq/logos/5_214.png,214,qmjhl,2026-27 | Regular Season,2026,2027,3,Halifax,Canada,NS,182.88,L,2026-10-02T16:11:52.846758+00:00
R,"Porters Lake, NS, Canada",21501,2008-03-12,28,1,RW,"5'09""",169,"MacLeod, Cole",,MacLeod,Cole,5,"Halifax, Mooseheads",Hal,https://assets.leaguestat.com/lhjmq/logos/5_214.png,214,qmjhl,2026-27 | Regular Season,2026,2027,3,Porters Lake,Canada,NS,175.26,R,2026-10-02T16:11:52.846758+00:00
L,"Falmouth, MA, United States",24197,2007-08-12,43,0,LW,"5'10""",181,"Nee, Evan",,Nee,Evan,5,"Halifax, Mooseheads",Hal,https://assets.leaguestat.com/lhjmq/logos/5_214.png,214,qmjhl,2026-27 | Regular Season,2026,2027,3,Falmouth,United States,MA,177.8,L,2026-10-02T16:11:52.846758+00:00
L,"Trois-Rivières, QC, Canada",20169,2007-03-14,55,0,RW,"5'11""",186,"Carrier, Shawn",,Carrier,Shawn,5,"Halifax, Mooseheads",Hal,https://assets.leaguestat.com/lhjmq/logos/5_214.png,214,qmjhl,2026-27 | Regular Season,2026,2027,3,Trois-Rivières,Canada,QC,180.34,L,2026-10-02T16:11:52.846758+00:00
L,"Lévis, QC, Canada",19733,2006-05-26,71,0,C,"5'10""",173,"Langlois, Nathan",,Langlois,Nathan,5,"Halifax, Mooseheads",Hal,https://assets.leaguestat.com/lhjmq/logos/5_214.png,214,qmjhl,2026-27 | Regular Season,2026,2027,3,Lévis,Canada,QC,177.8,L,2026-10-02T16:11:52.846758+00:00
R,"Milton, VT, United States",21245,2008-05-31,86,1,RW,"5'09""",157,"Smail, Jackson",,Smail,Jackson,5,"Halifax, Mooseheads",Hal,https://assets.leaguestat.com/lhjmq/logos/5_214.png,214,qmjhl,2026-27 | Regular Season,2026,2027,3,Milton,United States,VT,175.26,R,2026-10-02T16:11:52.846758+00:00
L,"Upper Tantallon, NS, Canada",19523,2006-02-06,88,0,C,"5'11""",176,"Kennedy, Quinn",,Kennedy,Quinn,5,"Halifax, Mooseheads",Hal,https://assets.leaguestat.com/lhjmq/logos/5_214.png,214,qmjhl,2026-27 | Regular Season,2026,2027,3,Upper Tantallon,Canada,NS,180.34,L,2026-10-02T16:11:52.846758+00:00
L,"Montréal, QC, Canada",23391,2009-06-10,92,1,LW,"5'11""",169,"Napon, Jayden",,Napon,Jayden,5,"Halifax, Mooseheads",Hal,https://assets.leaguestat.com/lhjmq/logos/5_214.png,214,qmjhl,2026-27 | Regular Season,2026,2027,3,Montréal,Canada,QC,180.34,L,2026-10-02T16:11:52.846758+00:00
L,"Barnstable, MA, United States",23376,2009-04-09,93,0,LW,"5'09""",181,"Gualberto Jr., Paulo",,Gualberto Jr.,Paulo,5,"Halifax, Mooseheads",Hal,https://assets.leaguestat.com/lhjmq/logos/5_214.png,214,qmjhl,2026-27 | Regular Season,2026,2027,3,Barnstable,United States,MA,175.26,L,2026-10-02T16:11:52.846758+00:00
L,"Englewood, CO, United States",24621,2007-06-12,6,0,D,"5'11""",171,"Smith, Brady",,Smith,Brady,5,"Halifax, Mooseheads",Hal,https://assets.leaguestat.com/lhjmq/logos/5_214.png,214,qmjhl,2026-27 | Regular Season,2026,2027,3,Englewood,United States,CO,180.34,L,2026-10-02T16:11:52.846758+00:00
L,"Darien, CT, United States",23349,2009-08-29,23,0,D,"6'00""",167,"Minella, Cameron",,Minella,Cameron,5,"Halifax, Mooseheads",Hal,https://assets.leaguestat.com/lhjmq/logos/5_214.png,214,qmjhl,2026-27 | Regular Season,2026,2027,3,Darien,United States,CT,182.88,L,2026-10-02T16:11:52.846758+00:00
R,"Hammonds Plains, NS, Canada",19521,2006-01-12,26,0,D,"6'00""",187,"Phillips, Owen",,Phillips,Owen,5,"Halifax, Mooseheads",Hal,https://assets.leaguestat.com/lhjmq/logos/5_214.png,214,qmjhl,2026-27 | Regular Season,2026,2027,3,Hammonds Plains,Canada,NS,182.88,R,2026-10-02T16:11:52.846758+00:00
L,"Tignish, PE, Canada",20246,2007-11-08,51,0,D,"6'03""",198,"Doyle, Eddy",,Doyle,Eddy,5,"Halifax, Mooseheads",Hal,https://assets.leaguestat.com/lhjmq/logos/5_214.png,214,qmjhl,2026-27 | Regular Season,2026,2027,3,Tignish,Canada,PE,190.5,L,2026-10-02T16:11:52.846758+00:00
L,"Montréal, QC, Canada",23331,2009-06-10,77,0,D,"6'04""",197,"L'Italien, Malik",,L'Italien,Malik,5,"Halifax, Mooseheads",Hal,https://assets.leaguestat.com/lhjmq/logos/5_214.png,214,qmjhl,2026-27 | Regular Season,2026,2027,3,Montréal,Canada,QC,193.04,L,2026-10-02T16:11:52.846758+00:00
R,"Antigonish, NS, Canada",23492,2009-07-12,79,1,D,"5'09""",171,"Anderson, Duncan",,Anderson,Duncan,5,"Halifax, Mooseheads",Hal,https://assets.leaguestat.com/lhjmq/logos/5_214.png,214,qmjhl,2026-27 | Regular Season,2026,2027,3,Antigonish,Canada,NS,175.26,R,2026-10-02T16:11:52.846758+00:00
L,"Villach, Austria",24592,2007-06-17,81,0,D,"6'01""",184,"Uschan, Nico",,Uschan,Nico,5,"Halifax, Mooseheads",Hal,https://assets.leaguestat.com/lhjmq/logos/5_214.png,214,qmjhl,2026-27 | Regular Season,2026,2027,2,Villach,Austria,,185.42000000000002,L,2026-10-02T16:11:52.846758+00:00
,"Darien, CT, United States",24284,2007-05-10,30,0,G,"6'01""",185,"Fichthorn, Jack",L,Fichthorn,Jack,5,"Halifax, Mooseheads",Hal,https://assets.leaguestat.com/lhjmq/logos/5_214.png,214,qmjhl,2026-27 | Regular Season,2026,2027,3,Darien,United States,CT,185.42000000000002,L,2026-10-02T16:11:52.846758+00:00
,"Coventry, RI, United States",24321,2008-02-19,35,1,G,"6'00""",182,"Mertz, Carson",L,Mertz,Carson,5,"Halifax, Mooseheads",Hal,https://assets.leaguestat.com/lhjmq/logos/5_214.png,214,qmjhl,2026-27 | Regular Season,2026,2027,3,Coventry,United States,RI,182.88,L,2026-10-02T16:11:52.846758+00:00
L,"Bridgeport, CT, United States",24551,2007-04-10,2,0,C,"5'08""",173,"Coccaro, Tommy",,Coccaro,Tommy,1,"Moncton, Wildcats",Mon,https://assets.leaguestat.com/lhjmq/logos/1.png,214,qmjhl,2026-27 | Regular Season,2026,2027,3,Bridgeport,United States,CT,172.72,L,2026-10-02T16:11:53.265537+00:00
L,"Quispamsis, NB, Canada",20194,2007-03-21,9,0,C,"5'11""",185,"Kilfoil, Liam",,Kilfoil,Liam,1,"Moncton, Wildcats",Mon,https://assets.leaguestat.com/lhjmq/logos/1.png,214,qmjhl,2026-27 | Regular Season,2026,2027,3,Quispamsis,Canada,NB,180.34,L,2026-10-02T16:11:53.265537+00:00
L,"Concord, MA, United States",23945,2008-01-09,10,1,C,"6'00""",190,"Manchuso, William",,Manchuso,William,1,"Moncton, Wildcats",Mon,https://assets.leaguestat.com/lhjmq/logos/1.png,214,qmjhl,2026-27 | Regular Season,2026,2027,3,Concord,United States,MA,182.88,L,2026-10-02T16:11:53.265537+00:00
L,"Tampere, Finland",24589,2008-04-16,12,1,C,"6'00""",164,"Laitinen, Jiko",,Laitinen,Jiko,1,"Moncton, Wildcats",Mon,https://assets.leaguestat.com/lhjmq/logos/1.png,214,qmjhl,2026-27 | Regular Season,2026,2027,2,Tampere,Finland,,182.88,L,2026-10-02T16:11:53.265537+00:00
R,"Winthrop, MA, United States",23415,2008-12-27,13,1,RW,"5'11""",176,"Survilas, Noah",,Survilas,Noah,1,"Moncton, Wildcats",Mon,https://assets.leaguestat.com/lhjmq/logos/1.png,214,qmjhl,2026-27 | Regular Season,2026,2027,3,Winthrop,United States,MA,180.34,R,2026-10-02T16:11:53.265537+00:00
R,"Halifax, NS, Canada",21351,2008-02-18,14,0,LW,"6'02""",194,"Benigno, Charlie",,Benigno,Charlie,1,"Moncton, Wildcats",Mon,https://assets.leaguestat.com/lhjmq/logos/1.png,214,qmjhl,2026-27 | Regular Season,2026,2027,3,Halifax,Canada,NS,187.96,R,2026-10-02T16:11:53.265537+00:00
L,"Hinsdale, IL, United States",24548,2007-02-13,16,0,LW,"6'04""",211,"Preskar, Anthony",,Preskar,Anthony,1,"Moncton, Wildcats",Mon,https://assets.leaguestat.com/lhjmq/logos/1.png,214,qmjhl,2026-27 | Regular Season,2026,2027,3,Hinsdale,United States,IL,193.04,L,2026-10-02T16:11:53.265537+00:00
R,"Duncan, BC, Canada",24682,2007-02-10,17,0,C,"6'02""",193,"Blace, Wyatt",,Blace,Wyatt,1,"Moncton, Wildcats",Mon,https://assets.leaguestat.com/lhjmq/logos/1.png,214,qmjhl,2026-27 | Regular Season,2026,2027,3,Duncan,Canada,BC,187.96,R,2026-10-02T16:11:53.265537+00:00
R,"Needham, MA, United States",22262,2007-12-30,22,0,RW,"6'01""",191,"Chudzinski, Rian",,Chudzinski,Rian,1,"Moncton, Wildcats",Mon,https://assets.leaguestat.com/lhjmq/logos/1.png,214,qmjhl,2026-27 | Regular Season,2026,2027,3,Needham,United States,MA,185.42000000000002,R,2026-10-02T16:11:53.265537+00:00
L,"Boxford, MA, United States",21450,2008-06-22,26,0,LW,"6'03""",183,"Thornborough, Spencer",,Thornborough,Spencer,1,"Moncton, Wildcats",Mon,https://assets.leaguestat.com/lhjmq/logos/1.png,214,qmjhl,2026-27 | Regular Season,2026,2027,3,Boxford,United States,MA,190.5,L,2026-10-02T16:11:53.265537+00:00
R,"Truro, NS, Canada",21420,2008-02-05,27,1,C,"6'00""",180,"Mullen, Elliott",,Mullen,Elliott,1,"Moncton, Wildcats",Mon,https://assets.leaguestat.com/lhjmq/logos/1.png,214,qmjhl,2026-27 | Regular Season,2026,2027,3,Truro,Canada,NS,182.88,R,2026-10-02T16:11:53.265537+00:00
R,"Moncton, NB, Canada",23352,2009-01-21,28,1,C,"5'09""",167,"MacPhee, Marc",,MacPhee,Marc,1,"Moncton, Wildcats",Mon,https://assets.leaguestat.com/lhjmq/logos/1.png,214,qmjhl,2026-27 | Regular Season,2026,2027,3,Moncton,Canada,NB,175.26,R,2026-10-02T16:11:53.265537+00:00
R,"Warman, SK, Canada",24105,2007-01-16,72,0,C,"6'00""",165,"Bursaw, Liam",,Bursaw,Liam,1,"Moncton, Wildcats",Mon,https://assets.leaguestat.com/lhjmq/logos/1.png,214,qmjhl,2026-27 | Regular Season,2026,2027,3,Warman,Canada,SK,182.88,R,2026-10-02T16:11:53.265537+00:00
R,"Redding, CT, Canada",20447,2006-02-17,86,0,RW,"6'02""",198,"Tournas, Niko",,Tournas,Niko,1,"Moncton, Wildcats",Mon,https://assets.leaguestat.com/lhjmq/logos/1.png,214,qmjhl,2026-27 | Regular Season,2026,2027,3,Redding,Canada,CT,187.96,R,2026-10-02T16:11:53.265537+00:00
R,"Boston, MA, United States",23957,2007-10-19,3,0,D,"6'00""",195,"Brosnan, Myles",,Brosnan,Myles,1,"Moncton, Wildcats",Mon,https://assets.leaguestat.com/lhjmq/logos/1.png,214,qmjhl,2026-27 | Regular Season,2026,2027,3,Boston,United States,MA,182.88,R,2026-10-02T16:11:53.265537+00:00
L,"Halifax, NS, Canada",20247,2007-03-22,5,0,D,"6'03""",197,"Lindsay, Ben",,Lindsay,Ben,1,"Moncton, Wildcats",Mon,https://assets.leaguestat.com/lhjmq/logos/1.png,214,qmjhl,2026-27 | Regular Season,2026,2027,3,Halifax,Canada,NS,190.5,L,2026-10-02T16:11:53.265537+00:00
L,"Ann Arbor, MI, United States",24550,2008-01-25,6,1,D,"6'02""",209,"Baird-Gajdos, Christopher",,Baird-Gajdos,Christopher,1,"Moncton, Wildcats",Mon,https://assets.leaguestat.com/lhjmq/logos/1.png,214,qmjhl,2026-27 | Regular Season,2026,2027,3,Ann Arbor,United States,MI,187.96,L,2026-10-02T16:11:53.265537+00:00
R,"Stratford, PE, Canada",21315,2008-02-17,7,0,D,"6'01""",156,"Batchilder, Jackson",,Batchilder,Jackson,1,"Moncton, Wildcats",Mon,https://assets.leaguestat.com/lhjmq/logos/1.png,214,qmjhl,2026-27 | Regular Season,2026,2027,3,Stratford,Canada,PE,185.42000000000002,R,2026-10-02T16:11:53.265537+00:00
L,"Princeton, MA, United States",20445,2007-07-04,19,0,D,"5'09""",143,"Gould, Shayne",,Gould,Shayne,1,"Moncton, Wildcats",Mon,https://assets.leaguestat.com/lhjmq/logos/1.png,214,qmjhl,2026-27 | Regular Season,2026,2027,3,Princeton,United States,MA,175.26,L,2026-10-02T16:11:53.265537+00:00
L,"Hammarlöv, Sweden",23761,2006-06-29,23,0,D,"6'03""",208,"Vilen, Max",,Vilen,Max,1,"Moncton, Wildcats",Mon,https://assets.leaguestat.com/lhjmq/logos/1.png,214,qmjhl,2026-27 | Regular Season,2026,2027,2,Hammarlöv,Sweden,,190.5,L,2026-10-02T16:11:53.265537+00:00
L,"Repentigny, QC, Canada",19528,2006-01-21,24,0,D,"5'11""",207,"Fortier-Gendron, Adam",,Fortier-Gendron,Adam,1,"Moncton, Wildcats",Mon,https://assets.leaguestat.com/lhjmq/logos/1.png,214,qmjhl,2026-27 | Regular Season,2026,2027,3,Repentigny,Canada,QC,180.34,L,2026-10-02T16:11:53.265537+00:00
R,"Orange, CT, United States",23459,2009-04-22,33,1,D,"6'02""",184,"Boguniecki, Jake",,Boguniecki,Jake,1,"Moncton, Wildcats",Mon,https://assets.leaguestat.com/lhjmq/logos/1.png,214,qmjhl,2026-27 | Regular Season,2026,2027,3,Orange,United States,CT,187.96,R,2026-10-02T16:11:53.265537+00:00
,"Riverside City, CT, United States",21388,2008-06-19,35,0,G,"6'04""",228,"Weiner, Jacoby",R,Weiner,Jacoby,1,"Moncton, Wildcats",Mon,https://assets.leaguestat.com/lhjmq/logos/1.png,214,qmjhl,2026-27 | Regular Season,2026,2027,3,Riverside City,United States,CT,193.04,R,2026-10-02T16:11:53.265537+00:00
,"Voskresensk, Russia",24585,2007-12-03,50,0,G,"6'06""",212,"Rybkin, Yegor",L,Rybkin,Yegor,1,"Moncton, Wildcats",Mon,https://assets.leaguestat.com/lhjmq/logos/1.png,214,qmjhl,2026-27 | Regular Season,2026,2027,2,Voskresensk,Russia,,198.12,L,2026-10-02T16:11:53.265537+00:00
L,"Rostav-Na-Dobu, Russia",24598,2008-05-28,7,1,RW,"6'00""",210,"Kubantsev, Dmitry",,Kubantsev,Dmitry,2,"Newfoundland, Regiment",NFL,https://assets.leaguestat.com/lhjmq/logos/2_214.png,214,qmjhl,2026-27 | Regular Season,2026,2027,2,Rostav-Na-Dobu,Russia,,182.88,L,2026-10-02T16:11:53.851461+00:00
L,"Charlottetown, PE, Canada",21296,2008-11-26,13,0,LW,"5'09""",172,"Arsenault, Liam",,Arsenault,Liam,2,"Newfoundland, Regiment",NFL,https://assets.leaguestat.com/lhjmq/logos/2_214.png,214,qmjhl,2026-27 | Regular Season,2026,2027,3,Charlottetown,Canada,PE,175.26,L,2026-10-02T16:11:53.851461+00:00
L,"Moosejaw, SK, Canada",24665,2006-09-11,14,0,LW,"5'10""",184,"Frost, Matthew",,Frost,Matthew,2,"Newfoundland, Regiment",NFL,https://assets.leaguestat.com/lhjmq/logos/2_214.png,214,qmjhl,2026-27 | Regular Season,2026,2027,3,Moosejaw,Canada,SK,177.8,L,2026-10-02T16:11:53.851461+00:00
R,"Needham, MA, United States",23500,2008-02-13,15,1,RW,"6'00""",196,"Hymovitz, Ty",,Hymovitz,Ty,2,"Newfoundland, Regiment",NFL,https://assets.leaguestat.com/lhjmq/logos/2_214.png,214,qmjhl,2026-27 | Regular Season,2026,2027,3,Needham,United States,MA,182.88,R,2026-10-02T16:11:53.851461+00:00
R,"Sydney, NS, Canada",20282,2007-07-12,16,0,RW,"6'01""",184,"Sinclair, Luke",,Sinclair,Luke,2,"Newfoundland, Regiment",NFL,https://assets.leaguestat.com/lhjmq/logos/2_214.png,214,qmjhl,2026-27 | Regular Season,2026,2027,3,Sydney,Canada,NS,185.42000000000002,R,2026-10-02T16:11:53.851461+00:00
L,"Matane, QC, Canada",20184,2007-11-14,18,0,C,"5'08""",172,"Bélanger, Louis-François",,Bélanger,Louis-François,2,"Newfoundland, Regiment",NFL,https://assets.leaguestat.com/lhjmq/logos/2_214.png,214,qmjhl,2026-27 | Regular Season,2026,2027,3,Matane,Canada,QC,172.72,L,2026-10-02T16:11:53.851461+00:00
L,"Bedford, NS, Canada",23336,2009-03-12,23,1,LW,"6'02""",177,"MacLean, Phenwick",,MacLean,Phenwick,2,"Newfoundland, Regiment",NFL,https://assets.leaguestat.com/lhjmq/logos/2_214.png,214,qmjhl,2026-27 | Regular Season,2026,2027,3,Bedford,Canada,NS,187.96,L,2026-10-02T16:11:53.851461+00:00
L,"Middle Cove, NL, Canada",24257,2010-03-03,27,1,C,"5'10""",164,"Norris, Damian",,Norris,Damian,2,"Newfoundland, Regiment",NFL,https://assets.leaguestat.com/lhjmq/logos/2_214.png,214,qmjhl,2026-27 | Regular Season,2026,2027,3,Middle Cove,Canada,NL,177.8,L,2026-10-02T16:11:53.851461+00:00
R,"Ste-Foy, QC, Canada",20177,2007-01-28,29,0,C,"5'09""",175,"Goguen, Tyson",,Goguen,Tyson,2,"Newfoundland, Regiment",NFL,https://assets.leaguestat.com/lhjmq/logos/2_214.png,214,qmjhl,2026-27 | Regular Season,2026,2027,3,Ste-Foy,Canada,QC,175.26,R,2026-10-02T16:11:53.851461+00:00
L,"Orebro, Sweden",20261,2007-03-27,40,0,C,"5'11""",187,"Dwyer, Ryan",,Dwyer,Ryan,2,"Newfoundland, Regiment",NFL,https://assets.leaguestat.com/lhjmq/logos/2_214.png,214,qmjhl,2026-27 | Regular Season,2026,2027,2,Orebro,Sweden,,180.34,L,2026-10-02T16:11:53.851461+00:00
L,"Krefeld, Germany",24580,2009-03-30,72,1,C,"5'11""",187,"Bloch, Nikita",,Bloch,Nikita,2,"Newfoundland, Regiment",NFL,https://assets.leaguestat.com/lhjmq/logos/2_214.png,214,qmjhl,2026-27 | Regular Season,2026,2027,2,Krefeld,Germany,,180.34,L,2026-10-02T16:11:53.851461+00:00
L,"St. John's, NL, Canada",23333,2009-10-11,88,0,LW,"6'02""",193,"Veitch, Benjamin",,Veitch,Benjamin,2,"Newfoundland, Regiment",NFL,https://assets.leaguestat.com/lhjmq/logos/2_214.png,214,qmjhl,2026-27 | Regular Season,2026,2027,3,St. John's,Canada,NL,187.96,L,2026-10-02T16:11:53.851461+00:00
R,"Québec, QC, Canada",19547,2006-01-26,95,0,RW,"6'00""",180,"Michaud, Alexis",,Michaud,Alexis,2,"Newfoundland, Regiment",NFL,https://assets.leaguestat.com/lhjmq/logos/2_214.png,214,qmjhl,2026-27 | Regular Season,2026,2027,3,Québec,Canada,QC,182.88,R,2026-10-02T16:11:53.851461+00:00
R,"Middle Sackville, NS, Canada",20388,2007-08-31,98,0,RW,"6'00""",176,"Marmulak, Maddex",,Marmulak,Maddex,2,"Newfoundland, Regiment",NFL,https://assets.leaguestat.com/lhjmq/logos/2_214.png,214,qmjhl,2026-27 | Regular Season,2026,2027,3,Middle Sackville,Canada,NS,182.88,R,2026-10-02T16:11:53.851461+00:00
L,"Moncton, NB, Canada",23374,2009-02-19,3,1,D,"6'06""",196,"Veilleux, Jacob",,Veilleux,Jacob,2,"Newfoundland, Regiment",NFL,https://assets.leaguestat.com/lhjmq/logos/2_214.png,214,qmjhl,2026-27 | Regular Season,2026,2027,3,Moncton,Canada,NB,198.12,L,2026-10-02T16:11:53.851461+00:00
L,"New Glasgow, NS, Canada",20289,2007-02-18,12,0,D,"5'09""",166,"Austin, Kingsley",,Austin,Kingsley,2,"Newfoundland, Regiment",NFL,https://assets.leaguestat.com/lhjmq/logos/2_214.png,214,qmjhl,2026-27 | Regular Season,2026,2027,3,New Glasgow,Canada,NS,175.26,L,2026-10-02T16:11:53.851461+00:00
R,"Montréal, QC, Canada",21375,2008-02-14,55,0,D,"6'01""",191,"Girard, Benjamin",,Girard,Benjamin,2,"Newfoundland, Regiment",NFL,https://assets.leaguestat.com/lhjmq/logos/2_214.png,214,qmjhl,2026-27 | Regular Season,2026,2027,3,Montréal,Canada,QC,185.42000000000002,R,2026-10-02T16:11:53.851461+00:00
L,"Stockholm, Sweden",24599,2007-11-08,58,0,D,"6'04""",210,"Lundqvist, William",,Lundqvist,William,2,"Newfoundland, Regiment",NFL,https://assets.leaguestat.com/lhjmq/logos/2_214.png,214,qmjhl,2026-27 | Regular Season,2026,2027,2,Stockholm,Sweden,,193.04,L,2026-10-02T16:11:53.851461+00:00
L,"Fredericton, NB, Canada",20214,2007-08-11,71,0,D,"6'03""",200,"Reynolds, Will",,Reynolds,Will,2,"Newfoundland, Regiment",NFL,https://assets.leaguestat.com/lhjmq/logos/2_214.png,214,qmjhl,2026-27 | Regular Season,2026,2027,3,Fredericton,Canada,NB,190.5,L,2026-10-02T16:11:53.851461+00:00
L,"Sherbrooke, QC, Canada",20192,2007-05-25,77,0,D,"6'04""",201,"Mathieu, Alexis",,Mathieu,Alexis,2,"Newfoundland, Regiment",NFL,https://assets.leaguestat.com/lhjmq/logos/2_214.png,214,qmjhl,2026-27 | Regular Season,2026,2027,3,Sherbrooke,Canada,QC,193.04,L,2026-10-02T16:11:53.851461+00:00
L,"Conception Bay South, NL, Canada",23334,2009-12-22,91,0,D,"6'00""",175,"Norman, Quinn",,Norman,Quinn,2,"Newfoundland, Regiment",NFL,https://assets.leaguestat.com/lhjmq/logos/2_214.png,214,qmjhl,2026-27 | Regular Season,2026,2027,3,Conception Bay South,Canada,NL,182.88,L,2026-10-02T16:11:53.851461+00:00
,"Québec, QC, Canada",20480,2006-09-26,31,0,G,"6'08""",216,"Denault, Louis-Antoine",L,Denault,Louis-Antoine,2,"Newfoundland, Regiment",NFL,https://assets.leaguestat.com/lhjmq/logos/2_214.png,214,qmjhl,2026-27 | Regular Season,2026,2027,3,Québec,Canada,QC,203.2,L,2026-10-02T16:11:53.851461+00:00
,"Montréal, QC, Canada",21301,2008-07-11,35,0,G,"5'10""",169,"Proulx, Antoine",L,Proulx,Antoine,2,"Newfoundland, Regiment",NFL,https://assets.leaguestat.com/lhjmq/logos/2_214.png,214,qmjhl,2026-27 | Regular Season,2026,2027,3,Montréal,Canada,QC,177.8,L,2026-10-02T16:11:53.851461+00:00
R,"East Kingston, NH, United States",20193,2007-01-11,6,0,RW,"5'08""",170,"Beveridge, Egan",,Beveridge,Egan,9,"Québec, Remparts",Que,https://assets.leaguestat.com/lhjmq/logos/9.png,214,qmjhl,2026-27 | Regular Season,2026,2027,3,East Kingston,United States,NH,172.72,R,2026-10-02T16:11:54.308581+00:00
L,"Ottawa, ON, Canada",24696,2008-04-25,11,1,RW,"5'11""",177,"Mews, Max",,Mews,Max,9,"Québec, Remparts",Que,https://assets.leaguestat.com/lhjmq/logos/9.png,214,qmjhl,2026-27 | Regular Season,2026,2027,3,Ottawa,Canada,ON,180.34,L,2026-10-02T16:11:54.308581+00:00
R,"Québec, QC, Canada",21474,2008-10-14,13,1,RW,"5'11""",164,"Huot, Samuel",,Huot,Samuel,9,"Québec, Remparts",Que,https://assets.leaguestat.com/lhjmq/logos/9.png,214,qmjhl,2026-27 | Regular Season,2026,2027,3,Québec,Canada,QC,180.34,R,2026-10-02T16:11:54.308581+00:00
L,"Bratislava, Slovakia",24577,2008-07-19,15,1,LW,"6'00""",185,"Sramaty, Samuel",,Sramaty,Samuel,9,"Québec, Remparts",Que,https://assets.leaguestat.com/lhjmq/logos/9.png,214,qmjhl,2026-27 | Regular Season,2026,2027,2,Bratislava,Slovakia,,182.88,L,2026-10-02T16:11:54.308581+00:00
L,"Holstein, ON, Canada",24642,2006-12-07,17,0,LW,"5'11""",193,"McKenzie, Hunter",,McKenzie,Hunter,9,"Québec, Remparts",Que,https://assets.leaguestat.com/lhjmq/logos/9.png,214,qmjhl,2026-27 | Regular Season,2026,2027,3,Holstein,Canada,ON,180.34,L,2026-10-02T16:11:54.308581+00:00
L,"Montréal, QC, Canada",23337,2009-01-15,19,1,C,"5'10""",175,"Scantlebury, James",,Scantlebury,James,9,"Québec, Remparts",Que,https://assets.leaguestat.com/lhjmq/logos/9.png,214,qmjhl,2026-27 | Regular Season,2026,2027,3,Montréal,Canada,QC,177.8,L,2026-10-02T16:11:54.308581+00:00
L,"Québec, QC, Canada",21364,2008-01-15,24,0,C,"5'10""",176,"Dubé, Charles-Antoine",,Dubé,Charles-Antoine,9,"Québec, Remparts",Que,https://assets.leaguestat.com/lhjmq/logos/9.png,214,qmjhl,2026-27 | Regular Season,2026,2027,3,Québec,Canada,QC,177.8,L,2026-10-02T16:11:54.308581+00:00
R,"Lipetsk, Russia",23752,2008-02-17,25,0,RW,"6'01""",193,"Ovcharov, Nikita",,Ovcharov,Nikita,9,"Québec, Remparts",Que,https://assets.leaguestat.com/lhjmq/logos/9.png,214,qmjhl,2026-27 | Regular Season,2026,2027,2,Lipetsk,Russia,,185.42000000000002,R,2026-10-02T16:11:54.308581+00:00
L,"Montréal, QC, Canada",21279,2008-03-27,26,0,RW,"6'04""",199,"Dagenais, Maddox",,Dagenais,Maddox,9,"Québec, Remparts",Que,https://assets.leaguestat.com/lhjmq/logos/9.png,214,qmjhl,2026-27 | Regular Season,2026,2027,3,Montréal,Canada,QC,193.04,L,2026-10-02T16:11:54.308581+00:00
R,"Napierville, QC, Canada",20188,2007-08-29,29,0,C,"5'11""",181,"Quinn, Nathan",,Quinn,Nathan,9,"Québec, Remparts",Que,https://assets.leaguestat.com/lhjmq/logos/9.png,214,qmjhl,2026-27 | Regular Season,2026,2027,3,Napierville,Canada,QC,180.34,R,2026-10-02T16:11:54.308581+00:00
L,"Winchester, MA, United States",23345,2009-04-10,43,1,C,"6'01""",178,"Meyer, Carter",,Meyer,Carter,9,"Québec, Remparts",Que,https://assets.leaguestat.com/lhjmq/logos/9.png,214,qmjhl,2026-27 | Regular Season,2026,2027,3,Winchester,United States,MA,185.42000000000002,L,2026-10-02T16:11:54.308581+00:00
L,"Québec, QC, Canada",19671,2006-02-24,63,0,RW,"5'10""",168,"Rousseau-Hamel, Mavrick",,Rousseau-Hamel,Mavrick,9,"Québec, Remparts",Que,https://assets.leaguestat.com/lhjmq/logos/9.png,214,qmjhl,2026-27 | Regular Season,2026,2027,3,Québec,Canada,QC,177.8,L,2026-10-02T16:11:54.308581+00:00
L,"St-Augustin-de-Desmaures, QC, Canada",23426,2008-06-06,72,1,C,"6'03""",204,"Lapointe, Louis-Thomas",,Lapointe,Louis-Thomas,9,"Québec, Remparts",Que,https://assets.leaguestat.com/lhjmq/logos/9.png,214,qmjhl,2026-27 | Regular Season,2026,2027,3,St-Augustin-de-Desmaures,Canada,QC,190.5,L,2026-10-02T16:11:54.308581+00:00
R,"Lévis, QC, Canada",23354,2009-02-13,91,0,LW,"5'07""",152,"Desruisseaux, Alex",,Desruisseaux,Alex,9,"Québec, Remparts",Que,https://assets.leaguestat.com/lhjmq/logos/9.png,214,qmjhl,2026-27 | Regular Season,2026,2027,3,Lévis,Canada,QC,170.18,R,2026-10-02T16:11:54.308581+00:00
L,"Hampton Falls, NH, United States",24341,2008-05-09,92,1,LW,"5'08""",159,"Cash, Blake",,Cash,Blake,9,"Québec, Remparts",Que,https://assets.leaguestat.com/lhjmq/logos/9.png,214,qmjhl,2026-27 | Regular Season,2026,2027,3,Hampton Falls,United States,NH,172.72,L,2026-10-02T16:11:54.308581+00:00
R,"Trois-Rivières, QC, Canada",23366,2009-05-02,2,1,D,"6'03""",204,"Michaud, Bastien",,Michaud,Bastien,9,"Québec, Remparts",Que,https://assets.leaguestat.com/lhjmq/logos/9.png,214,qmjhl,2026-27 | Regular Season,2026,2027,3,Trois-Rivières,Canada,QC,190.5,R,2026-10-02T16:11:54.308581+00:00
L,"Winchester, MA, United States",23607,2007-10-16,14,0,D,"5'10""",174,"Meyer, Freddy",,Meyer,Freddy,9,"Québec, Remparts",Que,https://assets.leaguestat.com/lhjmq/logos/9.png,214,qmjhl,2026-27 | Regular Season,2026,2027,3,Winchester,United States,MA,177.8,L,2026-10-02T16:11:54.308581+00:00
R,Czechia,24595,2008-07-25,16,1,D,"6'02""",207,"Pufr, Antonin",,Pufr,Antonin,9,"Québec, Remparts",Que,https://assets.leaguestat.com/lhjmq/logos/9.png,214,qmjhl,2026-27 | Regular Season,2026,2027,1,,,,187.96,R,2026-10-02T16:11:54.308581+00:00
L,"Côteau-du-Lac, QC, Canada",20221,2007-06-15,47,0,D,"6'03""",183,"Labre, Maddox",,Labre,Maddox,9,"Québec, Remparts",Que,https://assets.leaguestat.com/lhjmq/logos/9.png,214,qmjhl,2026-27 | Regular Season,2026,2027,3,Côteau-du-Lac,Canada,QC,190.5,L,2026-10-02T16:11:54.308581+00:00
L,"Mirabel, QC, Canada",19561,2006-09-08,55,0,D,"6'01""",205,"Desjardins, Étienne",,Desjardins,Étienne,9,"Québec, Remparts",Que,https://assets.leaguestat.com/lhjmq/logos/9.png,214,qmjhl,2026-27 | Regular Season,2026,2027,3,Mirabel,Canada,QC,185.42000000000002,L,2026-10-02T16:11:54.308581+00:00
L,"Sherbrooke, QC, Canada",20208,2007-01-01,58,0,D,"5'11""",175,"Plamondon, Zackary",,Plamondon,Zackary,9,"Québec, Remparts",Que,https://assets.leaguestat.com/lhjmq/logos/9.png,214,qmjhl,2026-27 | Regular Season,2026,2027,3,Sherbrooke,Canada,QC,180.34,L,2026-10-02T16:11:54.308581+00:00
L,"Richelieu, QC, Canada",21392,2008-01-01,77,0,D,"6'01""",168,"Taillefer, Alexandre",,Taillefer,Alexandre,9,"Québec, Remparts",Que,https://assets.leaguestat.com/lhjmq/logos/9.png,214,qmjhl,2026-27 | Regular Season,2026,2027,3,Richelieu,Canada,QC,185.42000000000002,L,2026-10-02T16:11:54.308581+00:00
R,"Calgary, AB, Canada",24469,2007-03-03,81,0,D,"6'03""",184,"Culligan, Alex",,Culligan,Alex,9,"Québec, Remparts",Que,https://assets.leaguestat.com/lhjmq/logos/9.png,214,qmjhl,2026-27 | Regular Season,2026,2027,3,Calgary,Canada,AB,190.5,R,2026-10-02T16:11:54.308581+00:00
,"Montréal, QC, Canada",21311,2008-10-02,33,0,G,"6'02""",190,"Déniger, Patrick",L,Déniger,Patrick,9,"Québec, Remparts",Que,https://assets.leaguestat.com/lhjmq/logos/9.png,214,qmjhl,2026-27 | Regular Season,2026,2027,3,Montréal,Canada,QC,187.96,L,2026-10-02T16:11:54.308581+00:00
,"Nicolet, QC, Canada",23481,2009-10-05,35,1,G,"6'03""",178,"Dubuc, Timothy",L,Dubuc,Timothy,9,"Québec, Remparts",Que,https://assets.leaguestat.com/lhjmq/logos/9.png,214,qmjhl,2026-27 | Regular Season,2026,2027,3,Nicolet,Canada,QC,190.5,L,2026-10-02T16:11:54.308581+00:00
L,"Uxbridge, MA, United States",23530,2009-02-10,8,1,C,"5'10""",168,"Pellegrino, Caiden",,Pellegrino,Caiden,18,"Rimouski, Océanic",Rim,https://assets.leaguestat.com/lhjmq/logos/18_214.png,214,qmjhl,2026-27 | Regular Season,2026,2027,3,Uxbridge,United States,MA,177.8,L,2026-10-02T16:11:54.819813+00:00
L,"Hawkesbury, ON, Canada",21651,2007-08-22,10,0,LW,"6'04""",193,"Cloutier, Rafaël",,Cloutier,Rafaël,18,"Rimouski, Océanic",Rim,https://assets.leaguestat.com/lhjmq/logos/18_214.png,214,qmjhl,2026-27 | Regular Season,2026,2027,3,Hawkesbury,Canada,ON,193.04,L,2026-10-02T16:11:54.819813+00:00
R,"Chicago, IL, United States",24532,2007-11-08,13,0,C,"6'01""",183,"Drury, Teddy",,Drury,Teddy,18,"Rimouski, Océanic",Rim,https://assets.leaguestat.com/lhjmq/logos/18_214.png,214,qmjhl,2026-27 | Regular Season,2026,2027,3,Chicago,United States,IL,185.42000000000002,R,2026-10-02T16:11:54.819813+00:00
R,"Fredericton, NB, Canada",24096,2008-08-22,16,1,RW,"6'03""",176,"Peterson, Alexandre",,Peterson,Alexandre,18,"Rimouski, Océanic",Rim,https://assets.leaguestat.com/lhjmq/logos/18_214.png,214,qmjhl,2026-27 | Regular Season,2026,2027,3,Fredericton,Canada,NB,190.5,R,2026-10-02T16:11:54.819813+00:00
R,"Trois-Rivières, QC, Canada",22020,2006-07-26,17,0,RW,"5'10""",166,"Belzil, Thomas",,Belzil,Thomas,18,"Rimouski, Océanic",Rim,https://assets.leaguestat.com/lhjmq/logos/18_214.png,214,qmjhl,2026-27 | Regular Season,2026,2027,3,Trois-Rivières,Canada,QC,177.8,R,2026-10-02T16:11:54.819813+00:00
L,"Rimouski, QC, Canada",21469,2008-08-08,18,0,LW,"5'11""",170,"Massé, Alex",,Massé,Alex,18,"Rimouski, Océanic",Rim,https://assets.leaguestat.com/lhjmq/logos/18_214.png,214,qmjhl,2026-27 | Regular Season,2026,2027,3,Rimouski,Canada,QC,180.34,L,2026-10-02T16:11:54.819813+00:00
L,"Jablonec nad Nisou, Czechia",24584,2010-04-03,19,1,LW,"5'10""",173,"Cutta, Matyas",,Cutta,Matyas,18,"Rimouski, Océanic",Rim,https://assets.leaguestat.com/lhjmq/logos/18_214.png,214,qmjhl,2026-27 | Regular Season,2026,2027,2,Jablonec nad Nisou,Czechia,,177.8,L,2026-10-02T16:11:54.819813+00:00
R,"Rimouski, QC, Canada",24253,2010-02-06,20,1,RW,"6'04""",175,"Gagnon, Justin",,Gagnon,Justin,18,"Rimouski, Océanic",Rim,https://assets.leaguestat.com/lhjmq/logos/18_214.png,214,qmjhl,2026-27 | Regular Season,2026,2027,3,Rimouski,Canada,QC,193.04,R,2026-10-02T16:11:54.819813+00:00
R,"Pittsburgh, PA, United States",24638,2006-03-21,21,0,RW,"6'03""",202,"Schaaf, A.J.",,Schaaf,A.J.,18,"Rimouski, Océanic",Rim,https://assets.leaguestat.com/lhjmq/logos/18_214.png,214,qmjhl,2026-27 | Regular Season,2026,2027,3,Pittsburgh,United States,PA,190.5,R,2026-10-02T16:11:54.819813+00:00
L,"Rimouski, QC, Canada",19542,2006-10-29,24,0,C,"5'11""",188,"Dubé, Mathys",,Dubé,Mathys,18,"Rimouski, Océanic",Rim,https://assets.leaguestat.com/lhjmq/logos/18_214.png,214,qmjhl,2026-27 | Regular Season,2026,2027,3,Rimouski,Canada,QC,180.34,L,2026-10-02T16:11:54.819813+00:00
R,"Québec, QC, Canada",23330,2009-04-05,57,0,RW,"6'00""",186,"Arsenault, Zack",,Arsenault,Zack,18,"Rimouski, Océanic",Rim,https://assets.leaguestat.com/lhjmq/logos/18_214.png,214,qmjhl,2026-27 | Regular Season,2026,2027,3,Québec,Canada,QC,182.88,R,2026-10-02T16:11:54.819813+00:00
L,"St-Louis-du-Ha!-Ha!, QC, Canada",23351,2009-12-12,73,1,LW,"6'01""",193,"Nadeau, Julien",,Nadeau,Julien,18,"Rimouski, Océanic",Rim,https://assets.leaguestat.com/lhjmq/logos/18_214.png,214,qmjhl,2026-27 | Regular Season,2026,2027,3,St-Louis-du-Ha!-Ha!,Canada,QC,185.42000000000002,L,2026-10-02T16:11:54.819813+00:00
L,"Trois-Rivières, QC, Canada",23497,2009-03-15,76,1,C,"6'04""",177,"Turcot, Jérémy",,Turcot,Jérémy,18,"Rimouski, Océanic",Rim,https://assets.leaguestat.com/lhjmq/logos/18_214.png,214,qmjhl,2026-27 | Regular Season,2026,2027,3,Trois-Rivières,Canada,QC,193.04,L,2026-10-02T16:11:54.819813+00:00
R,"Fall River, NS, Canada",24244,2010-01-15,77,1,C,"6'02""",195,"Brien, Max",,Brien,Max,18,"Rimouski, Océanic",Rim,https://assets.leaguestat.com/lhjmq/logos/18_214.png,214,qmjhl,2026-27 | Regular Season,2026,2027,3,Fall River,Canada,NS,187.96,R,2026-10-02T16:11:54.819813+00:00
L,"Ostravia, Czechia",24569,2009-04-03,91,1,C,"6'06""",231,"Mares, Maxmilian",,Mares,Maxmilian,18,"Rimouski, Océanic",Rim,https://assets.leaguestat.com/lhjmq/logos/18_214.png,214,qmjhl,2026-27 | Regular Season,2026,2027,2,Ostravia,Czechia,,198.12,L,2026-10-02T16:11:54.819813+00:00
L,"Moncton, NB, Canada",20212,2007-06-27,3,0,D,"6'04""",211,"Sturgeon, Connor",,Sturgeon,Connor,18,"Rimouski, Océanic",Rim,https://assets.leaguestat.com/lhjmq/logos/18_214.png,214,qmjhl,2026-27 | Regular Season,2026,2027,3,Moncton,Canada,NB,193.04,L,2026-10-02T16:11:54.819813+00:00
L,"Ottawa, ON, Canada",20263,2007-01-22,6,0,D,"6'03""",204,"Rioux, Benjamin",,Rioux,Benjamin,18,"Rimouski, Océanic",Rim,https://assets.leaguestat.com/lhjmq/logos/18_214.png,214,qmjhl,2026-27 | Regular Season,2026,2027,3,Ottawa,Canada,ON,190.5,L,2026-10-02T16:11:54.819813+00:00
R,"Newton, MA, United States",24196,2008-01-30,7,1,D,"6'00""",182,"Howard, William Phin",,Howard,William Phin,18,"Rimouski, Océanic",Rim,https://assets.leaguestat.com/lhjmq/logos/18_214.png,214,qmjhl,2026-27 | Regular Season,2026,2027,3,Newton,United States,MA,182.88,R,2026-10-02T16:11:54.819813+00:00
L,"Lorraine, QC, Canada",23387,2009-02-06,26,1,D,"6'01""",191,"Généreux, Charles",,Généreux,Charles,18,"Rimouski, Océanic",Rim,https://assets.leaguestat.com/lhjmq/logos/18_214.png,214,qmjhl,2026-27 | Regular Season,2026,2027,3,Lorraine,Canada,QC,185.42000000000002,L,2026-10-02T16:11:54.819813+00:00
L,"Québec, QC, Canada",23356,2009-07-15,27,0,D,"5'11""",176,"Beaulieu, Justin",,Beaulieu,Justin,18,"Rimouski, Océanic",Rim,https://assets.leaguestat.com/lhjmq/logos/18_214.png,214,qmjhl,2026-27 | Regular Season,2026,2027,3,Québec,Canada,QC,180.34,L,2026-10-02T16:11:54.819813+00:00
R,"Dieppe, NB, Canada",21519,2008-12-05,63,1,D,"5'08""",147,"Bourque-Vigneault, Malik",,Bourque-Vigneault,Malik,18,"Rimouski, Océanic",Rim,https://assets.leaguestat.com/lhjmq/logos/18_214.png,214,qmjhl,2026-27 | Regular Season,2026,2027,3,Dieppe,Canada,NB,172.72,R,2026-10-02T16:11:54.819813+00:00
R,"St-Imier, Switzerland",23756,2007-01-16,71,0,D,"5'09""",164,"Nappiot, Luca",,Nappiot,Luca,18,"Rimouski, Océanic",Rim,https://assets.leaguestat.com/lhjmq/logos/18_214.png,214,qmjhl,2026-27 | Regular Season,2026,2027,2,St-Imier,Switzerland,,175.26,R,2026-10-02T16:11:54.819813+00:00
,"Québec, QC, Canada",24473,2006-10-28,1,0,G,"6'02""",180,"Lord, Edouard",L,Lord,Edouard,18,"Rimouski, Océanic",Rim,https://assets.leaguestat.com/lhjmq/logos/18_214.png,214,qmjhl,2026-27 | Regular Season,2026,2027,3,Québec,Canada,QC,187.96,L,2026-10-02T16:11:54.819813+00:00
,"Thunder Bay, ON, Canada",24531,2008-09-11,29,1,G,"6'01""",178,"Blackwood, Morgan",L,Blackwood,Morgan,18,"Rimouski, Océanic",Rim,https://assets.leaguestat.com/lhjmq/logos/18_214.png,214,qmjhl,2026-27 | Regular Season,2026,2027,3,Thunder Bay,Canada,ON,185.42000000000002,L,2026-10-02T16:11:54.819813+00:00
,"Livingston, NJ, United States",24474,2008-02-15,30,1,G,"5'11""",172,"Saulnier, Tommy",L,Saulnier,Tommy,18,"Rimouski, Océanic",Rim,https://assets.leaguestat.com/lhjmq/logos/18_214.png,214,qmjhl,2026-27 | Regular Season,2026,2027,3,Livingston,United States,NJ,180.34,L,2026-10-02T16:11:54.819813+00:00
L,"Boucherville, QC, Canada",21316,2008-05-07,10,0,RW,"5'11""",182,"El Khouri, Niko",,El Khouri,Niko,11,"Rouyn-Noranda, Huskies",Rou,https://assets.leaguestat.com/lhjmq/logos/50x50/11.png,214,qmjhl,2026-27 | Regular Season,2026,2027,3,Boucherville,Canada,QC,180.34,L,2026-10-02T16:11:55.262558+00:00
L,"St-Robert, QC, Canada",19589,2006-07-16,11,0,C,"6'00""",163,"Beauchemin, Samuel",,Beauchemin,Samuel,11,"Rouyn-Noranda, Huskies",Rou,https://assets.leaguestat.com/lhjmq/logos/50x50/11.png,214,qmjhl,2026-27 | Regular Season,2026,2027,3,St-Robert,Canada,QC,182.88,L,2026-10-02T16:11:55.262558+00:00
L,"Val-d'Or, QC, Canada",19514,2006-03-17,12,0,LW,"5'09""",173,"Ogonowski, Eliot",,Ogonowski,Eliot,11,"Rouyn-Noranda, Huskies",Rou,https://assets.leaguestat.com/lhjmq/logos/50x50/11.png,214,qmjhl,2026-27 | Regular Season,2026,2027,3,Val-d'Or,Canada,QC,175.26,L,2026-10-02T16:11:55.262558+00:00
L,"Ste-Julie, QC, Canada",23446,2009-08-13,13,1,RW,"6'01""",183,"Renaud, Cole",,Renaud,Cole,11,"Rouyn-Noranda, Huskies",Rou,https://assets.leaguestat.com/lhjmq/logos/50x50/11.png,214,qmjhl,2026-27 | Regular Season,2026,2027,3,Ste-Julie,Canada,QC,185.42000000000002,L,2026-10-02T16:11:55.262558+00:00
L,"Spisska Nova Ves, Slovakia",21600,2007-07-04,15,0,LW,"6'01""",189,"Straka, Andreas",,Straka,Andreas,11,"Rouyn-Noranda, Huskies",Rou,https://assets.leaguestat.com/lhjmq/logos/50x50/11.png,214,qmjhl,2026-27 | Regular Season,2026,2027,2,Spisska Nova Ves,Slovakia,,185.42000000000002,L,2026-10-02T16:11:55.262558+00:00
L,"Magog, QC, Canada",24260,2010-03-26,16,1,RW,"5'10""",171,"Tremblay, Malik",,Tremblay,Malik,11,"Rouyn-Noranda, Huskies",Rou,https://assets.leaguestat.com/lhjmq/logos/50x50/11.png,214,qmjhl,2026-27 | Regular Season,2026,2027,3,Magog,Canada,QC,177.8,L,2026-10-02T16:11:55.262558+00:00
L,"Valley, NS, Canada",23403,2009-11-10,18,1,C,"6'01""",168,"Hoyt, Austin",,Hoyt,Austin,11,"Rouyn-Noranda, Huskies",Rou,https://assets.leaguestat.com/lhjmq/logos/50x50/11.png,214,qmjhl,2026-27 | Regular Season,2026,2027,3,Valley,Canada,NS,185.42000000000002,L,2026-10-02T16:11:55.262558+00:00
R,"Boischatel, QC, Canada",20283,2007-06-06,19,0,C,"6'05""",211,"Vézina, William",,Vézina,William,11,"Rouyn-Noranda, Huskies",Rou,https://assets.leaguestat.com/lhjmq/logos/50x50/11.png,214,qmjhl,2026-27 | Regular Season,2026,2027,3,Boischatel,Canada,QC,195.58,R,2026-10-02T16:11:55.262558+00:00
L,"Boischatel, QC, Canada",20306,2007-04-18,20,0,C,"6'00""",195,"Laforest, Charles",,Laforest,Charles,11,"Rouyn-Noranda, Huskies",Rou,https://assets.leaguestat.com/lhjmq/logos/50x50/11.png,214,qmjhl,2026-27 | Regular Season,2026,2027,3,Boischatel,Canada,QC,182.88,L,2026-10-02T16:11:55.262558+00:00
L,"St-Albert, QC, Canada",21303,2008-10-21,21,0,LW,"6'00""",187,"Rheault, Samuel",,Rheault,Samuel,11,"Rouyn-Noranda, Huskies",Rou,https://assets.leaguestat.com/lhjmq/logos/50x50/11.png,214,qmjhl,2026-27 | Regular Season,2026,2027,3,St-Albert,Canada,QC,182.88,L,2026-10-02T16:11:55.262558+00:00
L,"Rimouski, QC, Canada",23465,2008-09-20,22,1,RW,"6'00""",181,"Boulet, Charles-Étienne",,Boulet,Charles-Étienne,11,"Rouyn-Noranda, Huskies",Rou,https://assets.leaguestat.com/lhjmq/logos/50x50/11.png,214,qmjhl,2026-27 | Regular Season,2026,2027,3,Rimouski,Canada,QC,182.88,L,2026-10-02T16:11:55.262558+00:00
L,"Amos, QC, Canada",21356,2008-03-04,26,0,C,"5'10""",165,"Jarret, Jérémy",,Jarret,Jérémy,11,"Rouyn-Noranda, Huskies",Rou,https://assets.leaguestat.com/lhjmq/logos/50x50/11.png,214,qmjhl,2026-27 | Regular Season,2026,2027,3,Amos,Canada,QC,177.8,L,2026-10-02T16:11:55.262558+00:00
R,"Repentigny, QC, Canada",23346,2009-11-02,29,0,C,"5'10""",164,"Pominville, Jayden",,Pominville,Jayden,11,"Rouyn-Noranda, Huskies",Rou,https://assets.leaguestat.com/lhjmq/logos/50x50/11.png,214,qmjhl,2026-27 | Regular Season,2026,2027,3,Repentigny,Canada,QC,177.8,R,2026-10-02T16:11:55.262558+00:00
L,"Trois-Rivières, QC, Canada",24246,2010-01-14,71,1,C,"5'10""",153,"Boisvert, Thomas",,Boisvert,Thomas,11,"Rouyn-Noranda, Huskies",Rou,https://assets.leaguestat.com/lhjmq/logos/50x50/11.png,214,qmjhl,2026-27 | Regular Season,2026,2027,3,Trois-Rivières,Canada,QC,177.8,L,2026-10-02T16:11:55.262558+00:00
L,"Sherbrooke, QC, Canada",20231,2007-11-30,5,0,D,"5'10""",177,"St-Laurent, Antoine",,St-Laurent,Antoine,11,"Rouyn-Noranda, Huskies",Rou,https://assets.leaguestat.com/lhjmq/logos/50x50/11.png,214,qmjhl,2026-27 | Regular Season,2026,2027,3,Sherbrooke,Canada,QC,177.8,L,2026-10-02T16:11:55.262558+00:00
L,"Halifax, NS, Canada",23428,2009-04-22,6,1,D,"6'03""",191,"Sullivan, Tyler",,Sullivan,Tyler,11,"Rouyn-Noranda, Huskies",Rou,https://assets.leaguestat.com/lhjmq/logos/50x50/11.png,214,qmjhl,2026-27 | Regular Season,2026,2027,3,Halifax,Canada,NS,190.5,L,2026-10-02T16:11:55.262558+00:00
L,"St-Michel, QC, Canada",23402,2009-12-22,7,1,D,"5'11""",164,"Petit, Zachary",,Petit,Zachary,11,"Rouyn-Noranda, Huskies",Rou,https://assets.leaguestat.com/lhjmq/logos/50x50/11.png,214,qmjhl,2026-27 | Regular Season,2026,2027,3,St-Michel,Canada,QC,180.34,L,2026-10-02T16:11:55.262558+00:00
L,"Moscow, Russia",24601,2009-02-26,8,1,D,"6'03""",192,"Andreev, Fedor",,Andreev,Fedor,11,"Rouyn-Noranda, Huskies",Rou,https://assets.leaguestat.com/lhjmq/logos/50x50/11.png,214,qmjhl,2026-27 | Regular Season,2026,2027,2,Moscow,Russia,,190.5,L,2026-10-02T16:11:55.262558+00:00
L,"Repentigny, QC, Canada",23380,2009-05-27,23,1,D,"6'01""",191,"Thériault, Édouard",,Thériault,Édouard,11,"Rouyn-Noranda, Huskies",Rou,https://assets.leaguestat.com/lhjmq/logos/50x50/11.png,214,qmjhl,2026-27 | Regular Season,2026,2027,3,Repentigny,Canada,QC,185.42000000000002,L,2026-10-02T16:11:55.262558+00:00
L,"Nashville, TN, United States",24617,2009-05-28,28,1,D,"6'03""",205,"Connelly, Liam",,Connelly,Liam,11,"Rouyn-Noranda, Huskies",Rou,https://assets.leaguestat.com/lhjmq/logos/50x50/11.png,214,qmjhl,2026-27 | Regular Season,2026,2027,3,Nashville,United States,TN,190.5,L,2026-10-02T16:11:55.262558+00:00
L,"Nicolet, QC, Canada",19660,2006-04-27,72,0,D,"6'02""",182,"Lemire, Alexis",,Lemire,Alexis,11,"Rouyn-Noranda, Huskies",Rou,https://assets.leaguestat.com/lhjmq/logos/50x50/11.png,214,qmjhl,2026-27 | Regular Season,2026,2027,3,Nicolet,Canada,QC,187.96,L,2026-10-02T16:11:55.262558+00:00
L,"Roudny, Kazakhstan",24583,2010-05-16,91,1,D,"6'01""",179,"Pritchin, Mark",,Pritchin,Mark,11,"Rouyn-Noranda, Huskies",Rou,https://assets.leaguestat.com/lhjmq/logos/50x50/11.png,214,qmjhl,2026-27 | Regular Season,2026,2027,2,Roudny,Kazakhstan,,185.42000000000002,L,2026-10-02T16:11:55.262558+00:00
,"Lévis, QC, Canada",24259,2010-11-04,1,1,G,"5'11""",169,"Lainesse, Zachary",L,Lainesse,Zachary,11,"Rouyn-Noranda, Huskies",Rou,https://assets.leaguestat.com/lhjmq/logos/50x50/11.png,214,qmjhl,2026-27 | Regular Season,2026,2027,3,Lévis,Canada,QC,180.34,L,2026-10-02T16:11:55.262558+00:00
,"Sherbrooke, QC, Canada",20334,2007-11-13,33,0,G,"6'04""",202,"Raymond, Alexandre",L,Raymond,Alexandre,11,"Rouyn-Noranda, Huskies",Rou,https://assets.leaguestat.com/lhjmq/logos/50x50/11.png,214,qmjhl,2026-27 | Regular Season,2026,2027,3,Sherbrooke,Canada,QC,193.04,L,2026-10-02T16:11:55.262558+00:00
L,"Montréal, QC, Canada",21286,2008-03-08,8,0,LW,"6'00""",174,"Rozzi, Dylan",,Rozzi,Dylan,8,"Saint John, Sea Dogs",SNB,https://assets.leaguestat.com/lhjmq/logos/50x50/8_214.png,214,qmjhl,2026-27 | Regular Season,2026,2027,3,Montréal,Canada,QC,182.88,L,2026-10-02T16:11:55.821221+00:00
R,"Darien, CT, United States",20413,2007-04-08,9,0,RW,"5'11""",183,"Donovan, Alexander",,Donovan,Alexander,8,"Saint John, Sea Dogs",SNB,https://assets.leaguestat.com/lhjmq/logos/50x50/8_214.png,214,qmjhl,2026-27 | Regular Season,2026,2027,3,Darien,United States,CT,180.34,R,2026-10-02T16:11:55.821221+00:00
L,"Lachenaie, QC, Canada",20182,2007-01-25,10,0,LW,"6'01""",183,"Morin, Zachary",,Morin,Zachary,8,"Saint John, Sea Dogs",SNB,https://assets.leaguestat.com/lhjmq/logos/50x50/8_214.png,214,qmjhl,2026-27 | Regular Season,2026,2027,3,Lachenaie,Canada,QC,185.42000000000002,L,2026-10-02T16:11:55.821221+00:00
L,"Pointe-Claire, QC, Canada",21300,2008-01-13,12,0,LW,"6'01""",200,"Howard, Ryan",,Howard,Ryan,8,"Saint John, Sea Dogs",SNB,https://assets.leaguestat.com/lhjmq/logos/50x50/8_214.png,214,qmjhl,2026-27 | Regular Season,2026,2027,3,Pointe-Claire,Canada,QC,185.42000000000002,L,2026-10-02T16:11:55.821221+00:00
R,"Stratham, NH, United States",21366,2008-09-23,17,1,RW,"5'11""",185,"Glance, Jamie",,Glance,Jamie,8,"Saint John, Sea Dogs",SNB,https://assets.leaguestat.com/lhjmq/logos/50x50/8_214.png,214,qmjhl,2026-27 | Regular Season,2026,2027,3,Stratham,United States,NH,180.34,R,2026-10-02T16:11:55.821221+00:00
L,"Lachenaie, QC, Canada",23329,2009-06-16,19,0,C,"6'04""",210,"Joseph, Alexis",,Joseph,Alexis,8,"Saint John, Sea Dogs",SNB,https://assets.leaguestat.com/lhjmq/logos/50x50/8_214.png,214,qmjhl,2026-27 | Regular Season,2026,2027,3,Lachenaie,Canada,QC,193.04,L,2026-10-02T16:11:55.821221+00:00
L,"Frýdek-Místek, Czechia",24572,2009-06-13,21,1,C,"5'10""",178,"Cancik, Matyas",,Cancik,Matyas,8,"Saint John, Sea Dogs",SNB,https://assets.leaguestat.com/lhjmq/logos/50x50/8_214.png,214,qmjhl,2026-27 | Regular Season,2026,2027,2,Frýdek-Místek,Czechia,,177.8,L,2026-10-02T16:11:55.821221+00:00
R,"St. John's, NL, Canada",20181,2007-07-27,23,0,RW,"6'03""",215,"Seymour, Jabez",,Seymour,Jabez,8,"Saint John, Sea Dogs",SNB,https://assets.leaguestat.com/lhjmq/logos/50x50/8_214.png,214,qmjhl,2026-27 | Regular Season,2026,2027,3,St. John's,Canada,NL,190.5,R,2026-10-02T16:11:55.821221+00:00
L,"Halifax, NS, Canada",20207,2007-02-19,25,0,LW,"6'03""",185,"Roop, Logan",,Roop,Logan,8,"Saint John, Sea Dogs",SNB,https://assets.leaguestat.com/lhjmq/logos/50x50/8_214.png,214,qmjhl,2026-27 | Regular Season,2026,2027,3,Halifax,Canada,NS,190.5,L,2026-10-02T16:11:55.821221+00:00
R,"Longueuil, QC, Canada",23657,2007-03-08,28,0,C,"5'11""",175,"Gauthier, Alexis",,Gauthier,Alexis,8,"Saint John, Sea Dogs",SNB,https://assets.leaguestat.com/lhjmq/logos/50x50/8_214.png,214,qmjhl,2026-27 | Regular Season,2026,2027,3,Longueuil,Canada,QC,180.34,R,2026-10-02T16:11:55.821221+00:00
L,"St-Lazare, QC, Canada",20185,2007-07-25,86,0,C,"6'01""",198,"Groulx, Olivier",,Groulx,Olivier,8,"Saint John, Sea Dogs",SNB,https://assets.leaguestat.com/lhjmq/logos/50x50/8_214.png,214,qmjhl,2026-27 | Regular Season,2026,2027,3,St-Lazare,Canada,QC,185.42000000000002,L,2026-10-02T16:11:55.821221+00:00
L,"Drummondville, QC, Canada",19553,2006-11-27,92,0,RW,"5'09""",173,"Lemieux, Olivier",,Lemieux,Olivier,8,"Saint John, Sea Dogs",SNB,https://assets.leaguestat.com/lhjmq/logos/50x50/8_214.png,214,qmjhl,2026-27 | Regular Season,2026,2027,3,Drummondville,Canada,QC,175.26,L,2026-10-02T16:11:55.821221+00:00
L,"Bratislava, Slovakia",24582,2009-01-16,98,1,LW,"6'02""",200,"Ozogany, Oliver",,Ozogany,Oliver,8,"Saint John, Sea Dogs",SNB,https://assets.leaguestat.com/lhjmq/logos/50x50/8_214.png,214,qmjhl,2026-27 | Regular Season,2026,2027,2,Bratislava,Slovakia,,187.96,L,2026-10-02T16:11:55.821221+00:00
R,"St-Lazare, QC, Canada",21297,2008-03-03,5,0,D,"6'01""",201,"Chartrand, Cameron",,Chartrand,Cameron,8,"Saint John, Sea Dogs",SNB,https://assets.leaguestat.com/lhjmq/logos/50x50/8_214.png,214,qmjhl,2026-27 | Regular Season,2026,2027,3,St-Lazare,Canada,QC,185.42000000000002,R,2026-10-02T16:11:55.821221+00:00
R,"Quispamsis, NB, Canada",23386,2009-03-16,7,1,D,"5'10""",190,"Dunlap, Jesse",,Dunlap,Jesse,8,"Saint John, Sea Dogs",SNB,https://assets.leaguestat.com/lhjmq/logos/50x50/8_214.png,214,qmjhl,2026-27 | Regular Season,2026,2027,3,Quispamsis,Canada,NB,177.8,R,2026-10-02T16:11:55.821221+00:00
L,"Easton, CT, United States",23435,2008-02-13,13,0,D,"5'11""",190,"Drabczynski, Oskar",,Drabczynski,Oskar,8,"Saint John, Sea Dogs",SNB,https://assets.leaguestat.com/lhjmq/logos/50x50/8_214.png,214,qmjhl,2026-27 | Regular Season,2026,2027,3,Easton,United States,CT,180.34,L,2026-10-02T16:11:55.821221+00:00
L,"King Head, NS, Canada",24258,2010-03-02,18,1,D,"6'01""",173,"Williams, Lawrence",,Williams,Lawrence,8,"Saint John, Sea Dogs",SNB,https://assets.leaguestat.com/lhjmq/logos/50x50/8_214.png,214,qmjhl,2026-27 | Regular Season,2026,2027,3,King Head,Canada,NS,185.42000000000002,L,2026-10-02T16:11:55.821221+00:00
R,"Baie-D'Urfé, QC, Canada",20189,2007-10-21,26,0,D,"6'01""",188,"Damphousse, Bo",,Damphousse,Bo,8,"Saint John, Sea Dogs",SNB,https://assets.leaguestat.com/lhjmq/logos/50x50/8_214.png,214,qmjhl,2026-27 | Regular Season,2026,2027,3,Baie-D'Urfé,Canada,QC,185.42000000000002,R,2026-10-02T16:11:55.821221+00:00
L,"Laval, QC, Canada",23332,2009-06-10,27,0,D,"6'02""",183,"Charbonneau, Thomas",,Charbonneau,Thomas,8,"Saint John, Sea Dogs",SNB,https://assets.leaguestat.com/lhjmq/logos/50x50/8_214.png,214,qmjhl,2026-27 | Regular Season,2026,2027,3,Laval,Canada,QC,187.96,L,2026-10-02T16:11:55.821221+00:00
R,"Longueuil, QC, Canada",20196,2007-11-22,71,0,D,"5'11""",180,"Duhamel, Olivier",,Duhamel,Olivier,8,"Saint John, Sea Dogs",SNB,https://assets.leaguestat.com/lhjmq/logos/50x50/8_214.png,214,qmjhl,2026-27 | Regular Season,2026,2027,3,Longueuil,Canada,QC,180.34,R,2026-10-02T16:11:55.821221+00:00
L,"St-Eustache, QC, Canada",19524,2006-02-06,72,0,D,"6'00""",185,"Lanthier, Julien",,Lanthier,Julien,8,"Saint John, Sea Dogs",SNB,https://assets.leaguestat.com/lhjmq/logos/50x50/8_214.png,214,qmjhl,2026-27 | Regular Season,2026,2027,3,St-Eustache,Canada,QC,182.88,L,2026-10-02T16:11:55.821221+00:00
L,"St-Lambert, QC, Canada",21309,2008-06-18,76,0,D,"5'11""",178,"Delarosbil, Brandon",,Delarosbil,Brandon,8,"Saint John, Sea Dogs",SNB,https://assets.leaguestat.com/lhjmq/logos/50x50/8_214.png,214,qmjhl,2026-27 | Regular Season,2026,2027,3,St-Lambert,Canada,QC,180.34,L,2026-10-02T16:11:55.821221+00:00
,"Les Cèdres, QC, Canada",20199,2007-07-22,31,0,G,"6'02""",194,"Meloche, Samuel",L,Meloche,Samuel,8,"Saint John, Sea Dogs",SNB,https://assets.leaguestat.com/lhjmq/logos/50x50/8_214.png,214,qmjhl,2026-27 | Regular Season,2026,2027,3,Les Cèdres,Canada,QC,187.96,L,2026-10-02T16:11:55.821221+00:00
,"Longueuil, QC, Canada",21323,2008-08-21,37,0,G,"6'03""",195,"Courchesne, Rafaël",L,Courchesne,Rafaël,8,"Saint John, Sea Dogs",SNB,https://assets.leaguestat.com/lhjmq/logos/50x50/8_214.png,214,qmjhl,2026-27 | Regular Season,2026,2027,3,Longueuil,Canada,QC,190.5,L,2026-10-02T16:11:55.821221+00:00
L,"Châteauguay, QC, Canada",21339,2008-02-25,2,0,LW,"5'10""",168,"Boyer, Samuel",,Boyer,Samuel,13,"Shawinigan, Cataractes",Sha,https://assets.leaguestat.com/lhjmq/logos/13.png,214,qmjhl,2026-27 | Regular Season,2026,2027,3,Châteauguay,Canada,QC,177.8,L,2026-10-02T16:11:56.253515+00:00
R,"Mont-Royal, QC, Canada",21283,2008-01-21,10,0,RW,"6'02""",212,"Yared, William",,Yared,William,13,"Shawinigan, Cataractes",Sha,https://assets.leaguestat.com/lhjmq/logos/13.png,214,qmjhl,2026-27 | Regular Season,2026,2027,3,Mont-Royal,Canada,QC,187.96,R,2026-10-02T16:11:56.253515+00:00
L,"St.John's, NL, Canada",23348,2009-04-12,11,0,C,"6'00""",185,"Branton, Maxwell",,Branton,Maxwell,13,"Shawinigan, Cataractes",Sha,https://assets.leaguestat.com/lhjmq/logos/13.png,214,qmjhl,2026-27 | Regular Season,2026,2027,3,St.John's,Canada,NL,182.88,L,2026-10-02T16:11:56.253515+00:00
R,"Québec, QC, Canada",23408,2009-05-19,13,1,C,"5'11""",169,"Dumais, Louis-Émile",,Dumais,Louis-Émile,13,"Shawinigan, Cataractes",Sha,https://assets.leaguestat.com/lhjmq/logos/13.png,214,qmjhl,2026-27 | Regular Season,2026,2027,3,Québec,Canada,QC,180.34,R,2026-10-02T16:11:56.253515+00:00
R,"La Malbaie, QC, Canada",23379,2009-02-27,29,1,RW,"6'00""",171,"Ouellet, Nathan",,Ouellet,Nathan,13,"Shawinigan, Cataractes",Sha,https://assets.leaguestat.com/lhjmq/logos/13.png,214,qmjhl,2026-27 | Regular Season,2026,2027,3,La Malbaie,Canada,QC,182.88,R,2026-10-02T16:11:56.253515+00:00
R,"Woodbury, MN, United States",23343,2009-04-15,37,0,C,"6'01""",180,"Bergeron, Frédéric",,Bergeron,Frédéric,13,"Shawinigan, Cataractes",Sha,https://assets.leaguestat.com/lhjmq/logos/13.png,214,qmjhl,2026-27 | Regular Season,2026,2027,3,Woodbury,United States,MN,185.42000000000002,R,2026-10-02T16:11:56.253515+00:00
L,"Vaudreuil-Dorion, QC, Canada",23342,2009-10-02,44,0,C,"5'10""",195,"Charron, Olivier",,Charron,Olivier,13,"Shawinigan, Cataractes",Sha,https://assets.leaguestat.com/lhjmq/logos/13.png,214,qmjhl,2026-27 | Regular Season,2026,2027,3,Vaudreuil-Dorion,Canada,QC,177.8,L,2026-10-02T16:11:56.253515+00:00
L,"Trois-Rivières, QC, Canada",21281,2008-01-21,72,0,C,"5'09""",180,"Lygitsakos, Chad",,Lygitsakos,Chad,13,"Shawinigan, Cataractes",Sha,https://assets.leaguestat.com/lhjmq/logos/13.png,214,qmjhl,2026-27 | Regular Season,2026,2027,3,Trois-Rivières,Canada,QC,175.26,L,2026-10-02T16:11:56.253515+00:00
R,"Mirabel, QC, Canada",23411,2009-10-03,81,1,LW,"5'11""",205,"Chartier, Simon",,Chartier,Simon,13,"Shawinigan, Cataractes",Sha,https://assets.leaguestat.com/lhjmq/logos/13.png,214,qmjhl,2026-27 | Regular Season,2026,2027,3,Mirabel,Canada,QC,180.34,R,2026-10-02T16:11:56.253515+00:00
L,"L'Assomption, QC, Canada",24249,2010-10-27,86,1,C,"6'03""",193,"Lemieux, Pierre-Alexandre",,Lemieux,Pierre-Alexandre,13,"Shawinigan, Cataractes",Sha,https://assets.leaguestat.com/lhjmq/logos/13.png,214,qmjhl,2026-27 | Regular Season,2026,2027,3,L'Assomption,Canada,QC,190.5,L,2026-10-02T16:11:56.253515+00:00
R,"St-Hyacinthe, QC, Canada",23365,2009-06-01,92,1,RW,"5'10""",184,"Desrochers, Malik",,Desrochers,Malik,13,"Shawinigan, Cataractes",Sha,https://assets.leaguestat.com/lhjmq/logos/13.png,214,qmjhl,2026-27 | Regular Season,2026,2027,3,St-Hyacinthe,Canada,QC,177.8,R,2026-10-02T16:11:56.253515+00:00
L,"Mont-Tremblant, QC, Canada",21325,2008-08-30,93,0,RW,"6'04""",193,"Laframboise, Dylan",,Laframboise,Dylan,13,"Shawinigan, Cataractes",Sha,https://assets.leaguestat.com/lhjmq/logos/13.png,214,qmjhl,2026-27 | Regular Season,2026,2027,3,Mont-Tremblant,Canada,QC,193.04,L,2026-10-02T16:11:56.253515+00:00
L,"Chateauguay, QC, Canada",24251,2010-04-12,95,1,LW,"6'01""",196,"Bergeron, Julien",,Bergeron,Julien,13,"Shawinigan, Cataractes",Sha,https://assets.leaguestat.com/lhjmq/logos/13.png,214,qmjhl,2026-27 | Regular Season,2026,2027,3,Chateauguay,Canada,QC,185.42000000000002,L,2026-10-02T16:11:56.253515+00:00
L,"Woodbury , MN, United States",19599,2006-02-09,96,0,C,"5'09""",184,"Dupuis, Kody",,Dupuis,Kody,13,"Shawinigan, Cataractes",Sha,https://assets.leaguestat.com/lhjmq/logos/13.png,214,qmjhl,2026-27 | Regular Season,2026,2027,3,Woodbury ,United States,MN,175.26,L,2026-10-02T16:11:56.253515+00:00
L,"Voronezh, Russia",24597,2009-02-19,97,1,LW,"6'04""",190,"Olkhovik, Gleb",,Olkhovik,Gleb,13,"Shawinigan, Cataractes",Sha,https://assets.leaguestat.com/lhjmq/logos/13.png,214,qmjhl,2026-27 | Regular Season,2026,2027,2,Voronezh,Russia,,193.04,L,2026-10-02T16:11:56.253515+00:00
L,"Bouctouche, NB, Canada",20217,2007-10-09,5,0,D,"5'09""",185,"Collette, Noah",,Collette,Noah,13,"Shawinigan, Cataractes",Sha,https://assets.leaguestat.com/lhjmq/logos/13.png,214,qmjhl,2026-27 | Regular Season,2026,2027,3,Bouctouche,Canada,NB,175.26,L,2026-10-02T16:11:56.253515+00:00
L,"Moskva, Russia",24593,2009-09-15,15,1,D,"6'03""",206,"Novozhilov, Petr",,Novozhilov,Petr,13,"Shawinigan, Cataractes",Sha,https://assets.leaguestat.com/lhjmq/logos/13.png,214,qmjhl,2026-27 | Regular Season,2026,2027,2,Moskva,Russia,,190.5,L,2026-10-02T16:11:56.253515+00:00
L,"Drummondville, Quebec, Canada",24263,2010-02-18,23,1,D,"6'01""",175,"Faucher, Eliot",,Faucher,Eliot,13,"Shawinigan, Cataractes",Sha,https://assets.leaguestat.com/lhjmq/logos/13.png,214,qmjhl,2026-27 | Regular Season,2026,2027,3,Drummondville,Canada,Quebec,185.42000000000002,L,2026-10-02T16:11:56.253515+00:00
R,"Sherbrooke, QC, Canada",21493,2008-12-17,59,1,D,"6'03""",193,"Fréchette, Ludovic",,Fréchette,Ludovic,13,"Shawinigan, Cataractes",Sha,https://assets.leaguestat.com/lhjmq/logos/13.png,214,qmjhl,2026-27 | Regular Season,2026,2027,3,Sherbrooke,Canada,QC,190.5,R,2026-10-02T16:11:56.253515+00:00
R,"Lévis, QC, Canada",23400,2009-03-28,71,1,D,"6'03""",188,"Corso, Benjamin",,Corso,Benjamin,13,"Shawinigan, Cataractes",Sha,https://assets.leaguestat.com/lhjmq/logos/13.png,214,qmjhl,2026-27 | Regular Season,2026,2027,3,Lévis,Canada,QC,190.5,R,2026-10-02T16:11:56.253515+00:00
L," Saint-Charles-Borromée, QC, Canada",20186,2007-10-04,77,0,D,"6'04""",225,"Fortin, Alexis",,Fortin,Alexis,13,"Shawinigan, Cataractes",Sha,https://assets.leaguestat.com/lhjmq/logos/13.png,214,qmjhl,2026-27 | Regular Season,2026,2027,3, Saint-Charles-Borromée,Canada,QC,193.04,L,2026-10-02T16:11:56.253515+00:00
R,"Murmansk, Russia",24579,2009-01-15,78,1,D,"6'01""",168,"Shtyrkhunov, Vladimir",,Shtyrkhunov,Vladimir,13,"Shawinigan, Cataractes",Sha,https://assets.leaguestat.com/lhjmq/logos/13.png,214,qmjhl,2026-27 | Regular Season,2026,2027,2,Murmansk,Russia,,185.42000000000002,R,2026-10-02T16:11:56.253515+00:00
L,"Valleyfield, QC, Canada",20171,2007-01-27,98,0,D,"5'11""",208,"Prud'homme, Jonathan",,Prud'homme,Jonathan,13,"Shawinigan, Cataractes",Sha,https://assets.leaguestat.com/lhjmq/logos/13.png,214,qmjhl,2026-27 | Regular Season,2026,2027,3,Valleyfield,Canada,QC,180.34,L,2026-10-02T16:11:56.253515+00:00
,"Manchester, NY, United States",23437,2009-03-04,32,1,G,"6'01""",179,"Jackson, Kamden",L,Jackson,Kamden,13,"Shawinigan, Cataractes",Sha,https://assets.leaguestat.com/lhjmq/logos/13.png,214,qmjhl,2026-27 | Regular Season,2026,2027,3,Manchester,United States,NY,185.42000000000002,L,2026-10-02T16:11:56.253515+00:00
,"Lévis, QC, Canada",20260,2007-04-02,40,0,G,"6'01""",185,"Boucher, Philippe",L,Boucher,Philippe,13,"Shawinigan, Cataractes",Sha,https://assets.leaguestat.com/lhjmq/logos/13.png,214,qmjhl,2026-27 | Regular Season,2026,2027,3,Lévis,Canada,QC,185.42000000000002,L,2026-10-02T16:11:56.253515+00:00
R,"Old Greenwick, CT, United States",23472,2008-01-16,12,1,C,"5'11""",166,"St-Louis, Mason",,St-Louis,Mason,60,"Sherbrooke, Phœnix",She,https://assets.leaguestat.com/lhjmq/logos/50x50/60.png,214,qmjhl,2026-27 | Regular Season,2026,2027,3,Old Greenwick,United States,CT,180.34,R,2026-10-02T16:11:56.769432+00:00
R,"Verchères, QC, Canada",23344,2009-02-16,15,1,RW,"6'00""",176,"Nolette-Robidoux, Emrick",,Nolette-Robidoux,Emrick,60,"Sherbrooke, Phœnix",She,https://assets.leaguestat.com/lhjmq/logos/50x50/60.png,214,qmjhl,2026-27 | Regular Season,2026,2027,3,Verchères,Canada,QC,182.88,R,2026-10-02T16:11:56.769432+00:00
R,"Maria, QC, Canada",21391,2007-08-04,16,0,RW,"6'00""",197,"Houle, Florent",,Houle,Florent,60,"Sherbrooke, Phœnix",She,https://assets.leaguestat.com/lhjmq/logos/50x50/60.png,214,qmjhl,2026-27 | Regular Season,2026,2027,3,Maria,Canada,QC,182.88,R,2026-10-02T16:11:56.769432+00:00
R,"Blainville, QC, Canada",19575,2006-07-06,18,0,RW,"5'10""",175,"Bellemare, Chad",,Bellemare,Chad,60,"Sherbrooke, Phœnix",She,https://assets.leaguestat.com/lhjmq/logos/50x50/60.png,214,qmjhl,2026-27 | Regular Season,2026,2027,3,Blainville,Canada,QC,177.8,R,2026-10-02T16:11:56.769432+00:00
L,"Perm, Russia",23764,2008-09-30,19,0,LW,"6'01""",179,"Kolmakov, Ilya",,Kolmakov,Ilya,60,"Sherbrooke, Phœnix",She,https://assets.leaguestat.com/lhjmq/logos/50x50/60.png,214,qmjhl,2026-27 | Regular Season,2026,2027,2,Perm,Russia,,185.42000000000002,L,2026-10-02T16:11:56.769432+00:00
L,"Newton, MA, United States",24198,2007-10-22,22,0,LW,"6'04""",209,"Fitzpatrick, Jack",,Fitzpatrick,Jack,60,"Sherbrooke, Phœnix",She,https://assets.leaguestat.com/lhjmq/logos/50x50/60.png,214,qmjhl,2026-27 | Regular Season,2026,2027,3,Newton,United States,MA,193.04,L,2026-10-02T16:11:56.769432+00:00
L,"Wakefield, MA, United States",23876,2008-08-16,23,1,LW,"6'02""",189,"Martin, Andrew",,Martin,Andrew,60,"Sherbrooke, Phœnix",She,https://assets.leaguestat.com/lhjmq/logos/50x50/60.png,214,qmjhl,2026-27 | Regular Season,2026,2027,3,Wakefield,United States,MA,187.96,L,2026-10-02T16:11:56.769432+00:00
R,"Trois-Rivières, QC, Canada",23857,2008-11-01,26,0,C,"6'00""",166,"Bénard, Éloi",,Bénard,Éloi,60,"Sherbrooke, Phœnix",She,https://assets.leaguestat.com/lhjmq/logos/50x50/60.png,214,qmjhl,2026-27 | Regular Season,2026,2027,3,Trois-Rivières,Canada,QC,182.88,R,2026-10-02T16:11:56.769432+00:00
L,"Léry, QC, Canada",24254,2010-01-27,27,1,C,"6'02""",183,"Leduc, Damien",,Leduc,Damien,60,"Sherbrooke, Phœnix",She,https://assets.leaguestat.com/lhjmq/logos/50x50/60.png,214,qmjhl,2026-27 | Regular Season,2026,2027,3,Léry,Canada,QC,187.96,L,2026-10-02T16:11:56.769432+00:00
R,"Sainte-Anne-des-Plaines , QC, Canada",20172,2007-03-21,34,0,RW,"6'02""",178,"Lampron, Olivier",,Lampron,Olivier,60,"Sherbrooke, Phœnix",She,https://assets.leaguestat.com/lhjmq/logos/50x50/60.png,214,qmjhl,2026-27 | Regular Season,2026,2027,3,Sainte-Anne-des-Plaines ,Canada,QC,187.96,R,2026-10-02T16:11:56.769432+00:00
L,"Terrebonne, QC, Canada",21284,2008-01-25,37,0,LW,"5'11""",174,"Plouffe, Jayden",,Plouffe,Jayden,60,"Sherbrooke, Phœnix",She,https://assets.leaguestat.com/lhjmq/logos/50x50/60.png,214,qmjhl,2026-27 | Regular Season,2026,2027,3,Terrebonne,Canada,QC,180.34,L,2026-10-02T16:11:56.769432+00:00
L,"St-Augustin-de-Desmaures, QC, Canada",21307,2008-02-16,51,0,LW,"6'00""",175,"Rochon, Samuel",,Rochon,Samuel,60,"Sherbrooke, Phœnix",She,https://assets.leaguestat.com/lhjmq/logos/50x50/60.png,214,qmjhl,2026-27 | Regular Season,2026,2027,3,St-Augustin-de-Desmaures,Canada,QC,182.88,L,2026-10-02T16:11:56.769432+00:00
L,"Yekaterinburg, Russia",24594,2009-01-23,55,1,C,"6'01""",183,"Kuzminykh, Ilya",,Kuzminykh,Ilya,60,"Sherbrooke, Phœnix",She,https://assets.leaguestat.com/lhjmq/logos/50x50/60.png,214,qmjhl,2026-27 | Regular Season,2026,2027,2,Yekaterinburg,Russia,,185.42000000000002,L,2026-10-02T16:11:56.769432+00:00
R,"St-Eustache, QC, Canada",21291,2008-02-12,91,0,C,"5'11""",176,"Rousseau, Thomas",,Rousseau,Thomas,60,"Sherbrooke, Phœnix",She,https://assets.leaguestat.com/lhjmq/logos/50x50/60.png,214,qmjhl,2026-27 | Regular Season,2026,2027,3,St-Eustache,Canada,QC,180.34,R,2026-10-02T16:11:56.769432+00:00
L,"Arlington, MA, United States",23384,2009-04-02,2,1,D,"6'02""",193,"Beck, Kurt",,Beck,Kurt,60,"Sherbrooke, Phœnix",She,https://assets.leaguestat.com/lhjmq/logos/50x50/60.png,214,qmjhl,2026-27 | Regular Season,2026,2027,3,Arlington,United States,MA,187.96,L,2026-10-02T16:11:56.769432+00:00
L,"Lynnfield , MA, United States",24300,2009-04-24,8,1,D,"6'01""",188,"Mazzola, Noah",,Mazzola,Noah,60,"Sherbrooke, Phœnix",She,https://assets.leaguestat.com/lhjmq/logos/50x50/60.png,214,qmjhl,2026-27 | Regular Season,2026,2027,3,Lynnfield ,United States,MA,185.42000000000002,L,2026-10-02T16:11:56.769432+00:00
R,"Jonquière, QC, Canada",20400,2006-11-16,14,0,D,"6'01""",188,"Gagnon, Sydney",,Gagnon,Sydney,60,"Sherbrooke, Phœnix",She,https://assets.leaguestat.com/lhjmq/logos/50x50/60.png,214,qmjhl,2026-27 | Regular Season,2026,2027,3,Jonquière,Canada,QC,185.42000000000002,R,2026-10-02T16:11:56.769432+00:00
R,"Townsend, MA, United States",23385,2008-01-16,17,1,D,"6'06""",201,"Donia, Kaiden",,Donia,Kaiden,60,"Sherbrooke, Phœnix",She,https://assets.leaguestat.com/lhjmq/logos/50x50/60.png,214,qmjhl,2026-27 | Regular Season,2026,2027,3,Townsend,United States,MA,198.12,R,2026-10-02T16:11:56.769432+00:00
R,"Almetievsk, Russia",24576,2009-01-07,57,1,D,"6'01""",175,"Aibatov, Daniyar",,Aibatov,Daniyar,60,"Sherbrooke, Phœnix",She,https://assets.leaguestat.com/lhjmq/logos/50x50/60.png,214,qmjhl,2026-27 | Regular Season,2026,2027,2,Almetievsk,Russia,,185.42000000000002,R,2026-10-02T16:11:56.769432+00:00
L,"Saint-Isidore-de-Laprairie, QC, Canada",19705,2006-04-14,72,0,D,"6'04""",218,"Carbonneau, Alexandre",,Carbonneau,Alexandre,60,"Sherbrooke, Phœnix",She,https://assets.leaguestat.com/lhjmq/logos/50x50/60.png,214,qmjhl,2026-27 | Regular Season,2026,2027,3,Saint-Isidore-de-Laprairie,Canada,QC,193.04,L,2026-10-02T16:11:56.769432+00:00
R,"La Malbaie, QC, Canada",20176,2007-02-05,77,0,D,"5'10""",193,"Tremblay, Louis-Alex",,Tremblay,Louis-Alex,60,"Sherbrooke, Phœnix",She,https://assets.leaguestat.com/lhjmq/logos/50x50/60.png,214,qmjhl,2026-27 | Regular Season,2026,2027,3,La Malbaie,Canada,QC,177.8,R,2026-10-02T16:11:56.769432+00:00
,"Blandford, MA, United States",21515,2008-12-09,29,1,G,"6'02""",187,"Stockseth, Parker",,Stockseth,Parker,60,"Sherbrooke, Phœnix",She,https://assets.leaguestat.com/lhjmq/logos/50x50/60.png,214,qmjhl,2026-27 | Regular Season,2026,2027,3,Blandford,United States,MA,187.96,,2026-10-02T16:11:56.769432+00:00
,"Sherbrooke, QC, Canada",20239,2007-07-13,30,0,G,"5'09""",167,"Labbé, Kyan",L,Labbé,Kyan,60,"Sherbrooke, Phœnix",She,https://assets.leaguestat.com/lhjmq/logos/50x50/60.png,214,qmjhl,2026-27 | Regular Season,2026,2027,3,Sherbrooke,Canada,QC,175.26,L,2026-10-02T16:11:56.769432+00:00
L,"St-Jean-sur-Richelieu, QC, Canada",21295,2008-06-26,10,0,C,"5'09""",170,"Olivier, Benjamin",,Olivier,Benjamin,15,"Val-d'Or, Foreurs",VdO,https://assets.leaguestat.com/lhjmq/logos/15.png,214,qmjhl,2026-27 | Regular Season,2026,2027,3,St-Jean-sur-Richelieu,Canada,QC,175.26,L,2026-10-02T16:11:57.254702+00:00
L,"St-Jean-sur-Richelieu, QC, Canada",23448,2009-12-19,11,1,C,"6'01""",178,"Thériault, Charles-Antoine",,Thériault,Charles-Antoine,15,"Val-d'Or, Foreurs",VdO,https://assets.leaguestat.com/lhjmq/logos/15.png,214,qmjhl,2026-27 | Regular Season,2026,2027,3,St-Jean-sur-Richelieu,Canada,QC,185.42000000000002,L,2026-10-02T16:11:57.254702+00:00
L,"Amos, QC, Canada",20255,2007-02-05,12,0,C,"6'00""",173,"Bourque, Mathias",,Bourque,Mathias,15,"Val-d'Or, Foreurs",VdO,https://assets.leaguestat.com/lhjmq/logos/15.png,214,qmjhl,2026-27 | Regular Season,2026,2027,3,Amos,Canada,QC,182.88,L,2026-10-02T16:11:57.254702+00:00
R,"Roxton Pond, QC, Canada",21352,2008-03-13,16,0,RW,"6'02""",208,"Maheu, Étienne",,Maheu,Étienne,15,"Val-d'Or, Foreurs",VdO,https://assets.leaguestat.com/lhjmq/logos/15.png,214,qmjhl,2026-27 | Regular Season,2026,2027,3,Roxton Pond,Canada,QC,187.96,R,2026-10-02T16:11:57.254702+00:00
L,"Woodstock, NB, Canada",23372,2009-02-18,17,0,LW,"5'10""",165,"Sercerchi, Evan",,Sercerchi,Evan,15,"Val-d'Or, Foreurs",VdO,https://assets.leaguestat.com/lhjmq/logos/15.png,214,qmjhl,2026-27 | Regular Season,2026,2027,3,Woodstock,Canada,NB,177.8,L,2026-10-02T16:11:57.254702+00:00
L,"Mont-Tremblant, QC, Canada",20178,2007-05-07,23,0,LW,"6'05""",210,"Labelle, Jordan",,Labelle,Jordan,15,"Val-d'Or, Foreurs",VdO,https://assets.leaguestat.com/lhjmq/logos/15.png,214,qmjhl,2026-27 | Regular Season,2026,2027,3,Mont-Tremblant,Canada,QC,195.58,L,2026-10-02T16:11:57.254702+00:00
L,"Okres Benešov, Czechia",24573,2008-05-24,27,1,LW,"6'00""",174,"Holejšovský, Josef",,Holejšovský,Josef,15,"Val-d'Or, Foreurs",VdO,https://assets.leaguestat.com/lhjmq/logos/15.png,214,qmjhl,2026-27 | Regular Season,2026,2027,2,Okres Benešov,Czechia,,182.88,L,2026-10-02T16:11:57.254702+00:00
L,"St-Bruno-de-Montarville, QC, Canada",20174,2007-03-26,44,0,LW,"5'10""",186,"Veilleux, Philippe",,Veilleux,Philippe,15,"Val-d'Or, Foreurs",VdO,https://assets.leaguestat.com/lhjmq/logos/15.png,214,qmjhl,2026-27 | Regular Season,2026,2027,3,St-Bruno-de-Montarville,Canada,QC,177.8,L,2026-10-02T16:11:57.254702+00:00
L,"Lévis, QC, Canada",21330,2008-02-07,51,0,RW,"5'11""",208,"Demers, Josh",,Demers,Josh,15,"Val-d'Or, Foreurs",VdO,https://assets.leaguestat.com/lhjmq/logos/15.png,214,qmjhl,2026-27 | Regular Season,2026,2027,3,Lévis,Canada,QC,180.34,L,2026-10-02T16:11:57.254702+00:00
L,"St-Eustache, QC, Canada",19531,2006-09-22,72,0,C,"5'11""",175,"Brisson, Nathan",,Brisson,Nathan,15,"Val-d'Or, Foreurs",VdO,https://assets.leaguestat.com/lhjmq/logos/15.png,214,qmjhl,2026-27 | Regular Season,2026,2027,3,St-Eustache,Canada,QC,180.34,L,2026-10-02T16:11:57.254702+00:00
L,"Montréal, QC, Canada",23338,2009-03-31,81,0,RW,"5'08""",160,"Héroux, Nolann",,Héroux,Nolann,15,"Val-d'Or, Foreurs",VdO,https://assets.leaguestat.com/lhjmq/logos/15.png,214,qmjhl,2026-27 | Regular Season,2026,2027,3,Montréal,Canada,QC,172.72,L,2026-10-02T16:11:57.254702+00:00
L,"St-Hubert, QC, Canada",23464,2009-05-21,86,1,RW,"5'11""",184,"Benoit, Alexis",,Benoit,Alexis,15,"Val-d'Or, Foreurs",VdO,https://assets.leaguestat.com/lhjmq/logos/15.png,214,qmjhl,2026-27 | Regular Season,2026,2027,3,St-Hubert,Canada,QC,180.34,L,2026-10-02T16:11:57.254702+00:00
L,"Sion, Switzerland",23736,2008-04-26,88,0,C,"6'02""",181,"Sauthier, Maxime",,Sauthier,Maxime,15,"Val-d'Or, Foreurs",VdO,https://assets.leaguestat.com/lhjmq/logos/15.png,214,qmjhl,2026-27 | Regular Season,2026,2027,2,Sion,Switzerland,,187.96,L,2026-10-02T16:11:57.254702+00:00
R,"La Prairie, QC, Canada",21640,2007-10-08,89,0,RW,"5'09""",150,"Provencher, Gabriel",,Provencher,Gabriel,15,"Val-d'Or, Foreurs",VdO,https://assets.leaguestat.com/lhjmq/logos/15.png,214,qmjhl,2026-27 | Regular Season,2026,2027,3,La Prairie,Canada,QC,175.26,R,2026-10-02T16:11:57.254702+00:00
R,"St.Albert, AB, Canada",24522,2007-06-21,91,0,RW,"5'09""",158,"Lutic, Will",,Lutic,Will,15,"Val-d'Or, Foreurs",VdO,https://assets.leaguestat.com/lhjmq/logos/15.png,214,qmjhl,2026-27 | Regular Season,2026,2027,3,St.Albert,Canada,AB,175.26,R,2026-10-02T16:11:57.254702+00:00
L,"Greenfield Park, QC, Canada",24107,2006-08-25,3,0,D,"6'02""",205,"Cinq-Mars, Esteban",,Cinq-Mars,Esteban,15,"Val-d'Or, Foreurs",VdO,https://assets.leaguestat.com/lhjmq/logos/15.png,214,qmjhl,2026-27 | Regular Season,2026,2027,3,Greenfield Park,Canada,QC,187.96,L,2026-10-02T16:11:57.254702+00:00
L,"Rimouski, QC, Canada",19529,2006-09-01,5,0,D,"6'02""",200,"Paré, Anthony",,Paré,Anthony,15,"Val-d'Or, Foreurs",VdO,https://assets.leaguestat.com/lhjmq/logos/15.png,214,qmjhl,2026-27 | Regular Season,2026,2027,3,Rimouski,Canada,QC,187.96,L,2026-10-02T16:11:57.254702+00:00
R,"Moncton, NB, Canada",21294,2008-03-21,6,0,D,"6'01""",207,"Gouchie, Jacob",,Gouchie,Jacob,15,"Val-d'Or, Foreurs",VdO,https://assets.leaguestat.com/lhjmq/logos/15.png,214,qmjhl,2026-27 | Regular Season,2026,2027,3,Moncton,Canada,NB,185.42000000000002,R,2026-10-02T16:11:57.254702+00:00
R,"Trois-Rivières, QC, Canada",21280,2008-01-03,7,0,D,"6'01""",180,"Cossette Ayotte, Benjamin",,Cossette Ayotte,Benjamin,15,"Val-d'Or, Foreurs",VdO,https://assets.leaguestat.com/lhjmq/logos/15.png,214,qmjhl,2026-27 | Regular Season,2026,2027,3,Trois-Rivières,Canada,QC,185.42000000000002,R,2026-10-02T16:11:57.254702+00:00
L,"St-Lazare, QC, Canada",20236,2007-03-27,15,0,D,"5'10""",193,"Carbonneau, Hemrick",,Carbonneau,Hemrick,15,"Val-d'Or, Foreurs",VdO,https://assets.leaguestat.com/lhjmq/logos/15.png,214,qmjhl,2026-27 | Regular Season,2026,2027,3,St-Lazare,Canada,QC,177.8,L,2026-10-02T16:11:57.254702+00:00
L,"Laval, QC, Canada",24504,2007-08-29,24,0,D,"6'00""",195,"LeBlanc, Maxim",,LeBlanc,Maxim,15,"Val-d'Or, Foreurs",VdO,https://assets.leaguestat.com/lhjmq/logos/15.png,214,qmjhl,2026-27 | Regular Season,2026,2027,3,Laval,Canada,QC,182.88,L,2026-10-02T16:11:57.254702+00:00
R,"Québec, QC, Canada",20200,2007-11-22,26,0,D,"5'10""",183,"McKinnon, Noah",,McKinnon,Noah,15,"Val-d'Or, Foreurs",VdO,https://assets.leaguestat.com/lhjmq/logos/15.png,214,qmjhl,2026-27 | Regular Season,2026,2027,3,Québec,Canada,QC,177.8,R,2026-10-02T16:11:57.254702+00:00
,"Mogilev, Belarus",23734,2007-08-05,20,0,G,"6'04""",203,"Radkov, Arseni",L,Radkov,Arseni,15,"Val-d'Or, Foreurs",VdO,https://assets.leaguestat.com/lhjmq/logos/15.png,214,qmjhl,2026-27 | Regular Season,2026,2027,2,Mogilev,Belarus,,193.04,L,2026-10-02T16:11:57.254702+00:00
," St-Jean-sur-Richelieu, QC, Canada",21367,2008-03-31,31,0,G,"6'02""",174,"Moreau, Vincent",L,Moreau,Vincent,15,"Val-d'Or, Foreurs",VdO,https://assets.leaguestat.com/lhjmq/logos/15.png,214,qmjhl,2026-27 | Regular Season,2026,2027,3, St-Jean-sur-Richelieu,Canada,QC,187.96,L,2026-10-02T16:11:57.254702+00:00
L,"Tyumen, Russia",23769,2008-04-30,9,0,C,"6'01""",187,"Shilov, Egor",,Shilov,Egor,17,"Victoriaville, Tigres",Vic,https://assets.leaguestat.com/lhjmq/logos/17.png,214,qmjhl,2026-27 | Regular Season,2026,2027,2,Tyumen,Russia,,185.42000000000002,L,2026-10-02T16:11:57.842165+00:00
L,"Lévis, QC, Canada",19527,2006-03-10,17,0,C,"6'00""",185,"Desruisseaux, Thomas",,Desruisseaux,Thomas,17,"Victoriaville, Tigres",Vic,https://assets.leaguestat.com/lhjmq/logos/17.png,214,qmjhl,2026-27 | Regular Season,2026,2027,3,Lévis,Canada,QC,182.88,L,2026-10-02T16:11:57.842165+00:00
R,"Montréal, QC, Canada",21361,2008-02-26,18,1,RW,"6'01""",199,"Perron, Mathieu",,Perron,Mathieu,17,"Victoriaville, Tigres",Vic,https://assets.leaguestat.com/lhjmq/logos/17.png,214,qmjhl,2026-27 | Regular Season,2026,2027,3,Montréal,Canada,QC,185.42000000000002,R,2026-10-02T16:11:57.842165+00:00
L,"Laval, QC, Canada",21376,2008-07-26,19,1,LW,"6'00""",190,"Miller, Zack",,Miller,Zack,17,"Victoriaville, Tigres",Vic,https://assets.leaguestat.com/lhjmq/logos/17.png,214,qmjhl,2026-27 | Regular Season,2026,2027,3,Laval,Canada,QC,182.88,L,2026-10-02T16:11:57.842165+00:00
L,"Saint-Léonard d'Aston, QC, Canada",23412,2009-03-17,21,1,LW,"6'00""",173,"Guévin, Alexis",,Guévin,Alexis,17,"Victoriaville, Tigres",Vic,https://assets.leaguestat.com/lhjmq/logos/17.png,214,qmjhl,2026-27 | Regular Season,2026,2027,3,Saint-Léonard d'Aston,Canada,QC,182.88,L,2026-10-02T16:11:57.842165+00:00
L,"Drummondville, QC, Canada",23339,2009-04-23,22,0,RW,"6'02""",194,"Lemaire, Deryk",,Lemaire,Deryk,17,"Victoriaville, Tigres",Vic,https://assets.leaguestat.com/lhjmq/logos/17.png,214,qmjhl,2026-27 | Regular Season,2026,2027,3,Drummondville,Canada,QC,187.96,L,2026-10-02T16:11:57.842165+00:00
R,"Ste-Martine, QC, Canada",20312,2007-04-26,26,0,C,"5'11""",178,"Gravel, Théo",,Gravel,Théo,17,"Victoriaville, Tigres",Vic,https://assets.leaguestat.com/lhjmq/logos/17.png,214,qmjhl,2026-27 | Regular Season,2026,2027,3,Ste-Martine,Canada,QC,180.34,R,2026-10-02T16:11:57.842165+00:00
R,"Mont St-Hilaire, QC, Canada",23395,2009-09-27,27,1,RW,"6'00""",180,"Desroches, Alexis",,Desroches,Alexis,17,"Victoriaville, Tigres",Vic,https://assets.leaguestat.com/lhjmq/logos/17.png,214,qmjhl,2026-27 | Regular Season,2026,2027,3,Mont St-Hilaire,Canada,QC,182.88,R,2026-10-02T16:11:57.842165+00:00
R,"Trois-Rivières, QC, Canada",21285,2008-02-11,34,0,RW,"5'08""",185,"Lottin, Enzo",,Lottin,Enzo,17,"Victoriaville, Tigres",Vic,https://assets.leaguestat.com/lhjmq/logos/17.png,214,qmjhl,2026-27 | Regular Season,2026,2027,3,Trois-Rivières,Canada,QC,172.72,R,2026-10-02T16:11:57.842165+00:00
R,"Trois-Rivières, QC, Canada",24250,2010-01-01,37,1,C,"6'01""",170,"Royer, Jakob",,Royer,Jakob,17,"Victoriaville, Tigres",Vic,https://assets.leaguestat.com/lhjmq/logos/17.png,214,qmjhl,2026-27 | Regular Season,2026,2027,3,Trois-Rivières,Canada,QC,185.42000000000002,R,2026-10-02T16:11:57.842165+00:00
L,"Ste-Marthe-sur-le-lac, QC, Canada",23347,2009-06-13,39,0,LW,"6'00""",180,"Gariépy, Loïk",,Gariépy,Loïk,17,"Victoriaville, Tigres",Vic,https://assets.leaguestat.com/lhjmq/logos/17.png,214,qmjhl,2026-27 | Regular Season,2026,2027,3,Ste-Marthe-sur-le-lac,Canada,QC,182.88,L,2026-10-02T16:11:57.842165+00:00
R,"Chelyabinsk, Russia",23770,2008-02-02,71,0,RW,"5'10""",181,"Vlasov, Alexey",,Vlasov,Alexey,17,"Victoriaville, Tigres",Vic,https://assets.leaguestat.com/lhjmq/logos/17.png,214,qmjhl,2026-27 | Regular Season,2026,2027,2,Chelyabinsk,Russia,,177.8,R,2026-10-02T16:11:57.842165+00:00
R,"Québec, QC, Canada",20285,2007-03-25,92,0,LW,"6'00""",182,"Lebel, Xavier",,Lebel,Xavier,17,"Victoriaville, Tigres",Vic,https://assets.leaguestat.com/lhjmq/logos/17.png,214,qmjhl,2026-27 | Regular Season,2026,2027,3,Québec,Canada,QC,182.88,R,2026-10-02T16:11:57.842165+00:00
L,"St-Augustin de Desmaures, QC, Canada",24247,2010-06-10,5,1,D,"6'02""",202,"Boutet, Vincent",,Boutet,Vincent,17,"Victoriaville, Tigres",Vic,https://assets.leaguestat.com/lhjmq/logos/17.png,214,qmjhl,2026-27 | Regular Season,2026,2027,3,St-Augustin de Desmaures,Canada,QC,187.96,L,2026-10-02T16:11:57.842165+00:00
R,"Ottawa, ON, Canada",23896,2006-08-06,8,0,D,"6'02""",201,"Nadeau, Nathan",,Nadeau,Nathan,17,"Victoriaville, Tigres",Vic,https://assets.leaguestat.com/lhjmq/logos/17.png,214,qmjhl,2026-27 | Regular Season,2026,2027,3,Ottawa,Canada,ON,187.96,R,2026-10-02T16:11:57.842165+00:00
L,"Saint-Bruno-de-Montarville, QC, Canada",23393,2009-10-15,14,1,D,"5'10""",177,"Guay, Louis-Félix",,Guay,Louis-Félix,17,"Victoriaville, Tigres",Vic,https://assets.leaguestat.com/lhjmq/logos/17.png,214,qmjhl,2026-27 | Regular Season,2026,2027,3,Saint-Bruno-de-Montarville,Canada,QC,177.8,L,2026-10-02T16:11:57.842165+00:00
L,"Mirabel, QC, Canada",21322,2008-03-10,25,0,D,"6'00""",182,"Necak, Dominik",,Necak,Dominik,17,"Victoriaville, Tigres",Vic,https://assets.leaguestat.com/lhjmq/logos/17.png,214,qmjhl,2026-27 | Regular Season,2026,2027,3,Mirabel,Canada,QC,182.88,L,2026-10-02T16:11:57.842165+00:00
L,"Ville-Marie, QC, Canada",20317,2006-10-24,44,0,D,"6'02""",191,"Lepage, Mathéo",,Lepage,Mathéo,17,"Victoriaville, Tigres",Vic,https://assets.leaguestat.com/lhjmq/logos/17.png,214,qmjhl,2026-27 | Regular Season,2026,2027,3,Ville-Marie,Canada,QC,187.96,L,2026-10-02T16:11:57.842165+00:00
L,"Québec, QC, Canada",21401,2008-11-22,72,0,D,"6'04""",201,"Paquet, Cohen",,Paquet,Cohen,17,"Victoriaville, Tigres",Vic,https://assets.leaguestat.com/lhjmq/logos/17.png,214,qmjhl,2026-27 | Regular Season,2026,2027,3,Québec,Canada,QC,193.04,L,2026-10-02T16:11:57.842165+00:00
L,"Drummondville, QC, Canada",23565,2008-06-22,86,0,D,"6'00""",171,"Vincent, Joshua",,Vincent,Joshua,17,"Victoriaville, Tigres",Vic,https://assets.leaguestat.com/lhjmq/logos/17.png,214,qmjhl,2026-27 | Regular Season,2026,2027,3,Drummondville,Canada,QC,182.88,L,2026-10-02T16:11:57.842165+00:00
R,"Thetford Mines, QC, Canada",23363,2008-05-12,93,0,D,"6'03""",195,"Dodier, Maxime",,Dodier,Maxime,17,"Victoriaville, Tigres",Vic,https://assets.leaguestat.com/lhjmq/logos/17.png,214,qmjhl,2026-27 | Regular Season,2026,2027,3,Thetford Mines,Canada,QC,190.5,R,2026-10-02T16:11:57.842165+00:00
,"Laval, QC, Canada",21422,2008-01-23,31,0,G,"6'07""",180,"Catanzariti, Anthony",L,Catanzariti,Anthony,17,"Victoriaville, Tigres",Vic,https://assets.leaguestat.com/lhjmq/logos/17.png,214,qmjhl,2026-27 | Regular Season,2026,2027,3,Laval,Canada,QC,200.66,L,2026-10-02T16:11:57.842165+00:00
,"Moskva, Russia",24571,2009-06-03,33,1,G,"6'05""",175,"Nikolayev, Andrei",L,Nikolayev,Andrei,17,"Victoriaville, Tigres",Vic,https://assets.leaguestat.com/lhjmq/logos/17.png,214,qmjhl,2026-27 | Regular Season,2026,2027,2,Moskva,Russia,,195.58,L,2026-10-02T16:11:57.842165+00:00
